Starting CRAM to BAM conversion at Sun Mar  8 13:59:59 CST 2026
Starting Velocyto processing at Sun Mar  8 14:06:29 CST 2026
2026-03-08 14:06:37,756 - INFO - No SAMPLEID specified, the sample will be called final_converted_0D32Y (last 5 digits are a random-id to avoid overwriting some other file by mistake)
2026-03-08 14:06:37,757 - DEBUG - Using logic: Default
2026-03-08 14:06:37,758 - DEBUG - Cell barcodes will be determined while reading the .bam file
2026-03-08 14:06:37,777 - DEBUG - Peeking into /home/qukungroup/odorn/spatial_mechanistic_model/data/raw/openst_data/spacemake/projects/openst_demo/processed_data/openst_demo_e13_mouse_head/illumina/complete_data/final_converted.bam
2026-03-08 14:06:37,782 - WARNING - Not found cell and umi barcode in entry 0 of the bam file
2026-03-08 14:06:37,782 - WARNING - Not found cell and umi barcode in entry 1 of the bam file
2026-03-08 14:06:37,782 - WARNING - Not found cell and umi barcode in entry 2 of the bam file
2026-03-08 14:06:37,782 - WARNING - Not found cell and umi barcode in entry 3 of the bam file
2026-03-08 14:06:37,782 - WARNING - Not found cell and umi barcode in entry 4 of the bam file
2026-03-08 14:06:37,782 - WARNING - Not found cell and umi barcode in entry 5 of the bam file
2026-03-08 14:06:37,782 - WARNING - Not found cell and umi barcode in entry 6 of the bam file
2026-03-08 14:06:37,782 - WARNING - Not found cell and umi barcode in entry 7 of the bam file
2026-03-08 14:06:37,782 - WARNING - Not found cell and umi barcode in entry 8 of the bam file
2026-03-08 14:06:37,782 - WARNING - Not found cell and umi barcode in entry 9 of the bam file
2026-03-08 14:06:37,782 - WARNING - Not found cell and umi barcode in entry 10 of the bam file
2026-03-08 14:06:37,782 - WARNING - Not found cell and umi barcode in entry 11 of the bam file
2026-03-08 14:06:37,782 - WARNING - Not found cell and umi barcode in entry 12 of the bam file
2026-03-08 14:06:37,782 - WARNING - Not found cell and umi barcode in entry 13 of the bam file
2026-03-08 14:06:37,782 - WARNING - Not found cell and umi barcode in entry 14 of the bam file
2026-03-08 14:06:37,782 - WARNING - Not found cell and umi barcode in entry 15 of the bam file
2026-03-08 14:06:37,782 - WARNING - Not found cell and umi barcode in entry 16 of the bam file
2026-03-08 14:06:37,782 - WARNING - Not found cell and umi barcode in entry 17 of the bam file
2026-03-08 14:06:37,783 - WARNING - Not found cell and umi barcode in entry 18 of the bam file
2026-03-08 14:06:37,783 - WARNING - Not found cell and umi barcode in entry 19 of the bam file
2026-03-08 14:06:37,783 - WARNING - Not found cell and umi barcode in entry 20 of the bam file
2026-03-08 14:06:37,783 - WARNING - Not found cell and umi barcode in entry 21 of the bam file
2026-03-08 14:06:37,783 - WARNING - Not found cell and umi barcode in entry 22 of the bam file
2026-03-08 14:06:37,783 - WARNING - Not found cell and umi barcode in entry 23 of the bam file
2026-03-08 14:06:37,783 - WARNING - Not found cell and umi barcode in entry 24 of the bam file
2026-03-08 14:06:37,783 - WARNING - Not found cell and umi barcode in entry 25 of the bam file
2026-03-08 14:06:37,783 - WARNING - Not found cell and umi barcode in entry 26 of the bam file
2026-03-08 14:06:37,783 - WARNING - Not found cell and umi barcode in entry 27 of the bam file
2026-03-08 14:06:37,783 - WARNING - Not found cell and umi barcode in entry 28 of the bam file
2026-03-08 14:06:37,783 - WARNING - Not found cell and umi barcode in entry 29 of the bam file
2026-03-08 14:06:37,783 - WARNING - Not found cell and umi barcode in entry 30 of the bam file
2026-03-08 14:06:37,783 - WARNING - Not found cell and umi barcode in entry 31 of the bam file
2026-03-08 14:06:37,783 - WARNING - Not found cell and umi barcode in entry 32 of the bam file
2026-03-08 14:06:37,783 - WARNING - Not found cell and umi barcode in entry 33 of the bam file
2026-03-08 14:06:37,783 - WARNING - Not found cell and umi barcode in entry 34 of the bam file
2026-03-08 14:06:37,784 - WARNING - Not found cell and umi barcode in entry 35 of the bam file
2026-03-08 14:06:37,784 - WARNING - Not found cell and umi barcode in entry 36 of the bam file
2026-03-08 14:06:37,784 - WARNING - Not found cell and umi barcode in entry 37 of the bam file
2026-03-08 14:06:37,784 - WARNING - Not found cell and umi barcode in entry 38 of the bam file
2026-03-08 14:06:37,784 - WARNING - Not found cell and umi barcode in entry 39 of the bam file
2026-03-08 14:06:37,784 - WARNING - Not found cell and umi barcode in entry 40 of the bam file
2026-03-08 14:06:37,784 - WARNING - Not found cell and umi barcode in entry 41 of the bam file
2026-03-08 14:06:37,784 - WARNING - Not found cell and umi barcode in entry 42 of the bam file
2026-03-08 14:06:37,784 - WARNING - Not found cell and umi barcode in entry 43 of the bam file
2026-03-08 14:06:37,784 - WARNING - Not found cell and umi barcode in entry 44 of the bam file
2026-03-08 14:06:37,784 - WARNING - Not found cell and umi barcode in entry 45 of the bam file
2026-03-08 14:06:37,784 - WARNING - Not found cell and umi barcode in entry 46 of the bam file
2026-03-08 14:06:37,785 - WARNING - Not found cell and umi barcode in entry 47 of the bam file
2026-03-08 14:06:37,785 - WARNING - Not found cell and umi barcode in entry 48 of the bam file
2026-03-08 14:06:37,785 - WARNING - Not found cell and umi barcode in entry 49 of the bam file
2026-03-08 14:06:37,785 - WARNING - Not found cell and umi barcode in entry 50 of the bam file
2026-03-08 14:06:37,785 - WARNING - Not found cell and umi barcode in entry 51 of the bam file
2026-03-08 14:06:37,785 - WARNING - Not found cell and umi barcode in entry 52 of the bam file
2026-03-08 14:06:37,785 - WARNING - Not found cell and umi barcode in entry 53 of the bam file
2026-03-08 14:06:37,785 - WARNING - Not found cell and umi barcode in entry 54 of the bam file
2026-03-08 14:06:37,785 - WARNING - Not found cell and umi barcode in entry 55 of the bam file
2026-03-08 14:06:37,785 - WARNING - Not found cell and umi barcode in entry 56 of the bam file
2026-03-08 14:06:37,785 - WARNING - Not found cell and umi barcode in entry 57 of the bam file
2026-03-08 14:06:37,785 - WARNING - Not found cell and umi barcode in entry 58 of the bam file
2026-03-08 14:06:37,785 - WARNING - Not found cell and umi barcode in entry 59 of the bam file
2026-03-08 14:06:37,785 - WARNING - Not found cell and umi barcode in entry 60 of the bam file
2026-03-08 14:06:37,785 - WARNING - Not found cell and umi barcode in entry 61 of the bam file
2026-03-08 14:06:37,785 - WARNING - Not found cell and umi barcode in entry 62 of the bam file
2026-03-08 14:06:37,785 - WARNING - Not found cell and umi barcode in entry 63 of the bam file
2026-03-08 14:06:37,785 - WARNING - Not found cell and umi barcode in entry 64 of the bam file
2026-03-08 14:06:37,785 - WARNING - Not found cell and umi barcode in entry 65 of the bam file
2026-03-08 14:06:37,785 - WARNING - Not found cell and umi barcode in entry 66 of the bam file
2026-03-08 14:06:37,785 - WARNING - Not found cell and umi barcode in entry 67 of the bam file
2026-03-08 14:06:37,785 - WARNING - Not found cell and umi barcode in entry 68 of the bam file
2026-03-08 14:06:37,785 - WARNING - Not found cell and umi barcode in entry 69 of the bam file
2026-03-08 14:06:37,785 - WARNING - Not found cell and umi barcode in entry 70 of the bam file
2026-03-08 14:06:37,785 - WARNING - Not found cell and umi barcode in entry 71 of the bam file
2026-03-08 14:06:37,785 - WARNING - Not found cell and umi barcode in entry 72 of the bam file
2026-03-08 14:06:37,785 - WARNING - Not found cell and umi barcode in entry 73 of the bam file
2026-03-08 14:06:37,785 - WARNING - Not found cell and umi barcode in entry 74 of the bam file
2026-03-08 14:06:37,785 - WARNING - Not found cell and umi barcode in entry 75 of the bam file
2026-03-08 14:06:37,785 - WARNING - Not found cell and umi barcode in entry 76 of the bam file
2026-03-08 14:06:37,785 - WARNING - Not found cell and umi barcode in entry 77 of the bam file
2026-03-08 14:06:37,785 - WARNING - Not found cell and umi barcode in entry 78 of the bam file
2026-03-08 14:06:37,785 - WARNING - Not found cell and umi barcode in entry 79 of the bam file
2026-03-08 14:06:37,785 - WARNING - Not found cell and umi barcode in entry 80 of the bam file
2026-03-08 14:06:37,785 - WARNING - Not found cell and umi barcode in entry 81 of the bam file
2026-03-08 14:06:37,785 - WARNING - Not found cell and umi barcode in entry 82 of the bam file
2026-03-08 14:06:37,785 - WARNING - Not found cell and umi barcode in entry 83 of the bam file
2026-03-08 14:06:37,785 - WARNING - Not found cell and umi barcode in entry 84 of the bam file
2026-03-08 14:06:37,785 - WARNING - Not found cell and umi barcode in entry 85 of the bam file
2026-03-08 14:06:37,785 - WARNING - Not found cell and umi barcode in entry 86 of the bam file
2026-03-08 14:06:37,785 - WARNING - Not found cell and umi barcode in entry 87 of the bam file
2026-03-08 14:06:37,785 - WARNING - Not found cell and umi barcode in entry 88 of the bam file
2026-03-08 14:06:37,785 - WARNING - Not found cell and umi barcode in entry 89 of the bam file
2026-03-08 14:06:37,785 - WARNING - Not found cell and umi barcode in entry 90 of the bam file
2026-03-08 14:06:37,785 - WARNING - Not found cell and umi barcode in entry 91 of the bam file
2026-03-08 14:06:37,785 - WARNING - Not found cell and umi barcode in entry 92 of the bam file
2026-03-08 14:06:37,785 - WARNING - Not found cell and umi barcode in entry 93 of the bam file
2026-03-08 14:06:37,786 - WARNING - Not found cell and umi barcode in entry 94 of the bam file
2026-03-08 14:06:37,786 - WARNING - Not found cell and umi barcode in entry 95 of the bam file
2026-03-08 14:06:37,786 - WARNING - Not found cell and umi barcode in entry 96 of the bam file
2026-03-08 14:06:37,786 - WARNING - Not found cell and umi barcode in entry 97 of the bam file
2026-03-08 14:06:37,786 - WARNING - Not found cell and umi barcode in entry 98 of the bam file
2026-03-08 14:06:37,786 - WARNING - Not found cell and umi barcode in entry 99 of the bam file
2026-03-08 14:06:37,786 - WARNING - Not found cell and umi barcode in entry 100 of the bam file
2026-03-08 14:06:37,786 - WARNING - Not found cell and umi barcode in entry 101 of the bam file
2026-03-08 14:06:37,786 - WARNING - Not found cell and umi barcode in entry 102 of the bam file
2026-03-08 14:06:37,786 - WARNING - Not found cell and umi barcode in entry 103 of the bam file
2026-03-08 14:06:37,786 - WARNING - Not found cell and umi barcode in entry 104 of the bam file
2026-03-08 14:06:37,786 - WARNING - Not found cell and umi barcode in entry 105 of the bam file
2026-03-08 14:06:37,786 - WARNING - Not found cell and umi barcode in entry 106 of the bam file
2026-03-08 14:06:37,786 - WARNING - Not found cell and umi barcode in entry 107 of the bam file
2026-03-08 14:06:37,786 - WARNING - Not found cell and umi barcode in entry 108 of the bam file
2026-03-08 14:06:37,786 - WARNING - Not found cell and umi barcode in entry 109 of the bam file
2026-03-08 14:06:37,786 - WARNING - Not found cell and umi barcode in entry 110 of the bam file
2026-03-08 14:06:37,786 - WARNING - Not found cell and umi barcode in entry 111 of the bam file
2026-03-08 14:06:37,786 - WARNING - Not found cell and umi barcode in entry 112 of the bam file
2026-03-08 14:06:37,786 - WARNING - Not found cell and umi barcode in entry 113 of the bam file
2026-03-08 14:06:37,786 - WARNING - Not found cell and umi barcode in entry 114 of the bam file
2026-03-08 14:06:37,786 - WARNING - Not found cell and umi barcode in entry 115 of the bam file
2026-03-08 14:06:37,786 - WARNING - Not found cell and umi barcode in entry 116 of the bam file
2026-03-08 14:06:37,786 - WARNING - Not found cell and umi barcode in entry 117 of the bam file
2026-03-08 14:06:37,786 - WARNING - Not found cell and umi barcode in entry 118 of the bam file
2026-03-08 14:06:37,786 - WARNING - Not found cell and umi barcode in entry 119 of the bam file
2026-03-08 14:06:37,786 - WARNING - Not found cell and umi barcode in entry 120 of the bam file
2026-03-08 14:06:37,786 - WARNING - Not found cell and umi barcode in entry 121 of the bam file
2026-03-08 14:06:37,786 - WARNING - Not found cell and umi barcode in entry 122 of the bam file
2026-03-08 14:06:37,786 - WARNING - Not found cell and umi barcode in entry 123 of the bam file
2026-03-08 14:06:37,786 - WARNING - Not found cell and umi barcode in entry 124 of the bam file
2026-03-08 14:06:37,786 - WARNING - Not found cell and umi barcode in entry 125 of the bam file
2026-03-08 14:06:37,786 - WARNING - Not found cell and umi barcode in entry 126 of the bam file
2026-03-08 14:06:37,786 - WARNING - Not found cell and umi barcode in entry 127 of the bam file
2026-03-08 14:06:37,786 - WARNING - Not found cell and umi barcode in entry 128 of the bam file
2026-03-08 14:06:37,786 - WARNING - Not found cell and umi barcode in entry 129 of the bam file
2026-03-08 14:06:37,786 - WARNING - Not found cell and umi barcode in entry 130 of the bam file
2026-03-08 14:06:37,786 - WARNING - Not found cell and umi barcode in entry 131 of the bam file
2026-03-08 14:06:37,786 - WARNING - Not found cell and umi barcode in entry 132 of the bam file
2026-03-08 14:06:37,786 - WARNING - Not found cell and umi barcode in entry 133 of the bam file
2026-03-08 14:06:37,786 - WARNING - Not found cell and umi barcode in entry 134 of the bam file
2026-03-08 14:06:37,786 - WARNING - Not found cell and umi barcode in entry 135 of the bam file
2026-03-08 14:06:37,786 - WARNING - Not found cell and umi barcode in entry 136 of the bam file
2026-03-08 14:06:37,786 - WARNING - Not found cell and umi barcode in entry 137 of the bam file
2026-03-08 14:06:37,786 - WARNING - Not found cell and umi barcode in entry 138 of the bam file
2026-03-08 14:06:37,786 - WARNING - Not found cell and umi barcode in entry 139 of the bam file
2026-03-08 14:06:37,786 - WARNING - Not found cell and umi barcode in entry 140 of the bam file
2026-03-08 14:06:37,787 - WARNING - Not found cell and umi barcode in entry 141 of the bam file
2026-03-08 14:06:37,787 - WARNING - Not found cell and umi barcode in entry 142 of the bam file
2026-03-08 14:06:37,787 - WARNING - Not found cell and umi barcode in entry 143 of the bam file
2026-03-08 14:06:37,787 - WARNING - Not found cell and umi barcode in entry 144 of the bam file
2026-03-08 14:06:37,787 - WARNING - Not found cell and umi barcode in entry 145 of the bam file
2026-03-08 14:06:37,787 - WARNING - Not found cell and umi barcode in entry 146 of the bam file
2026-03-08 14:06:37,787 - WARNING - Not found cell and umi barcode in entry 147 of the bam file
2026-03-08 14:06:37,787 - WARNING - Not found cell and umi barcode in entry 148 of the bam file
2026-03-08 14:06:37,787 - WARNING - Not found cell and umi barcode in entry 149 of the bam file
2026-03-08 14:06:37,787 - WARNING - Not found cell and umi barcode in entry 150 of the bam file
2026-03-08 14:06:37,787 - WARNING - Not found cell and umi barcode in entry 151 of the bam file
2026-03-08 14:06:37,787 - WARNING - Not found cell and umi barcode in entry 152 of the bam file
2026-03-08 14:06:37,787 - WARNING - Not found cell and umi barcode in entry 153 of the bam file
2026-03-08 14:06:37,787 - WARNING - Not found cell and umi barcode in entry 154 of the bam file
2026-03-08 14:06:37,787 - WARNING - Not found cell and umi barcode in entry 155 of the bam file
2026-03-08 14:06:37,787 - WARNING - Not found cell and umi barcode in entry 156 of the bam file
2026-03-08 14:06:37,787 - WARNING - Not found cell and umi barcode in entry 157 of the bam file
2026-03-08 14:06:37,787 - WARNING - Not found cell and umi barcode in entry 158 of the bam file
2026-03-08 14:06:37,787 - WARNING - Not found cell and umi barcode in entry 159 of the bam file
2026-03-08 14:06:37,787 - WARNING - Not found cell and umi barcode in entry 160 of the bam file
2026-03-08 14:06:37,787 - WARNING - Not found cell and umi barcode in entry 161 of the bam file
2026-03-08 14:06:37,787 - WARNING - Not found cell and umi barcode in entry 162 of the bam file
2026-03-08 14:06:37,787 - WARNING - Not found cell and umi barcode in entry 163 of the bam file
2026-03-08 14:06:37,787 - WARNING - Not found cell and umi barcode in entry 164 of the bam file
2026-03-08 14:06:37,787 - WARNING - Not found cell and umi barcode in entry 165 of the bam file
2026-03-08 14:06:37,787 - WARNING - Not found cell and umi barcode in entry 166 of the bam file
2026-03-08 14:06:37,787 - WARNING - Not found cell and umi barcode in entry 167 of the bam file
2026-03-08 14:06:37,787 - WARNING - Not found cell and umi barcode in entry 168 of the bam file
2026-03-08 14:06:37,787 - WARNING - Not found cell and umi barcode in entry 169 of the bam file
2026-03-08 14:06:37,787 - WARNING - Not found cell and umi barcode in entry 170 of the bam file
2026-03-08 14:06:37,787 - WARNING - Not found cell and umi barcode in entry 171 of the bam file
2026-03-08 14:06:37,787 - WARNING - Not found cell and umi barcode in entry 172 of the bam file
2026-03-08 14:06:37,787 - WARNING - Not found cell and umi barcode in entry 173 of the bam file
2026-03-08 14:06:37,787 - WARNING - Not found cell and umi barcode in entry 174 of the bam file
2026-03-08 14:06:37,787 - WARNING - Not found cell and umi barcode in entry 175 of the bam file
2026-03-08 14:06:37,787 - WARNING - Not found cell and umi barcode in entry 176 of the bam file
2026-03-08 14:06:37,787 - WARNING - Not found cell and umi barcode in entry 177 of the bam file
2026-03-08 14:06:37,787 - WARNING - Not found cell and umi barcode in entry 178 of the bam file
2026-03-08 14:06:37,787 - WARNING - Not found cell and umi barcode in entry 179 of the bam file
2026-03-08 14:06:37,787 - WARNING - Not found cell and umi barcode in entry 180 of the bam file
2026-03-08 14:06:37,787 - WARNING - Not found cell and umi barcode in entry 181 of the bam file
2026-03-08 14:06:37,787 - WARNING - Not found cell and umi barcode in entry 182 of the bam file
2026-03-08 14:06:37,788 - WARNING - Not found cell and umi barcode in entry 183 of the bam file
2026-03-08 14:06:37,788 - WARNING - Not found cell and umi barcode in entry 184 of the bam file
2026-03-08 14:06:37,788 - WARNING - Not found cell and umi barcode in entry 185 of the bam file
2026-03-08 14:06:37,788 - WARNING - Not found cell and umi barcode in entry 186 of the bam file
2026-03-08 14:06:37,788 - WARNING - Not found cell and umi barcode in entry 187 of the bam file
2026-03-08 14:06:37,788 - WARNING - Not found cell and umi barcode in entry 188 of the bam file
2026-03-08 14:06:37,788 - WARNING - Not found cell and umi barcode in entry 189 of the bam file
2026-03-08 14:06:37,788 - WARNING - Not found cell and umi barcode in entry 190 of the bam file
2026-03-08 14:06:37,788 - WARNING - Not found cell and umi barcode in entry 191 of the bam file
2026-03-08 14:06:37,788 - WARNING - Not found cell and umi barcode in entry 192 of the bam file
2026-03-08 14:06:37,788 - WARNING - Not found cell and umi barcode in entry 193 of the bam file
2026-03-08 14:06:37,788 - WARNING - Not found cell and umi barcode in entry 194 of the bam file
2026-03-08 14:06:37,788 - WARNING - Not found cell and umi barcode in entry 195 of the bam file
2026-03-08 14:06:37,788 - WARNING - Not found cell and umi barcode in entry 196 of the bam file
2026-03-08 14:06:37,788 - WARNING - Not found cell and umi barcode in entry 197 of the bam file
2026-03-08 14:06:37,788 - WARNING - Not found cell and umi barcode in entry 198 of the bam file
2026-03-08 14:06:37,788 - WARNING - Not found cell and umi barcode in entry 199 of the bam file
2026-03-08 14:06:37,788 - WARNING - Not found cell and umi barcode in entry 200 of the bam file
2026-03-08 14:06:37,788 - WARNING - Not found cell and umi barcode in entry 201 of the bam file
2026-03-08 14:06:37,788 - WARNING - Not found cell and umi barcode in entry 202 of the bam file
2026-03-08 14:06:37,788 - WARNING - Not found cell and umi barcode in entry 203 of the bam file
2026-03-08 14:06:37,788 - WARNING - Not found cell and umi barcode in entry 204 of the bam file
2026-03-08 14:06:37,788 - WARNING - Not found cell and umi barcode in entry 205 of the bam file
2026-03-08 14:06:37,788 - WARNING - Not found cell and umi barcode in entry 206 of the bam file
2026-03-08 14:06:37,788 - WARNING - Not found cell and umi barcode in entry 207 of the bam file
2026-03-08 14:06:37,788 - WARNING - Not found cell and umi barcode in entry 208 of the bam file
2026-03-08 14:06:37,788 - WARNING - Not found cell and umi barcode in entry 209 of the bam file
2026-03-08 14:06:37,788 - WARNING - Not found cell and umi barcode in entry 210 of the bam file
2026-03-08 14:06:37,788 - WARNING - Not found cell and umi barcode in entry 211 of the bam file
2026-03-08 14:06:37,788 - WARNING - Not found cell and umi barcode in entry 212 of the bam file
2026-03-08 14:06:37,788 - WARNING - Not found cell and umi barcode in entry 213 of the bam file
2026-03-08 14:06:37,788 - WARNING - Not found cell and umi barcode in entry 214 of the bam file
2026-03-08 14:06:37,788 - WARNING - Not found cell and umi barcode in entry 215 of the bam file
2026-03-08 14:06:37,788 - WARNING - Not found cell and umi barcode in entry 216 of the bam file
2026-03-08 14:06:37,788 - WARNING - Not found cell and umi barcode in entry 217 of the bam file
2026-03-08 14:06:37,788 - WARNING - Not found cell and umi barcode in entry 218 of the bam file
2026-03-08 14:06:37,788 - WARNING - Not found cell and umi barcode in entry 219 of the bam file
2026-03-08 14:06:37,788 - WARNING - Not found cell and umi barcode in entry 220 of the bam file
2026-03-08 14:06:37,788 - WARNING - Not found cell and umi barcode in entry 221 of the bam file
2026-03-08 14:06:37,788 - WARNING - Not found cell and umi barcode in entry 222 of the bam file
2026-03-08 14:06:37,788 - WARNING - Not found cell and umi barcode in entry 223 of the bam file
2026-03-08 14:06:37,788 - WARNING - Not found cell and umi barcode in entry 224 of the bam file
2026-03-08 14:06:37,788 - WARNING - Not found cell and umi barcode in entry 225 of the bam file
2026-03-08 14:06:37,788 - WARNING - Not found cell and umi barcode in entry 226 of the bam file
2026-03-08 14:06:37,788 - WARNING - Not found cell and umi barcode in entry 227 of the bam file
2026-03-08 14:06:37,788 - WARNING - Not found cell and umi barcode in entry 228 of the bam file
2026-03-08 14:06:37,788 - WARNING - Not found cell and umi barcode in entry 229 of the bam file
2026-03-08 14:06:37,788 - WARNING - Not found cell and umi barcode in entry 230 of the bam file
2026-03-08 14:06:37,788 - WARNING - Not found cell and umi barcode in entry 231 of the bam file
2026-03-08 14:06:37,789 - WARNING - Not found cell and umi barcode in entry 232 of the bam file
2026-03-08 14:06:37,789 - WARNING - Not found cell and umi barcode in entry 233 of the bam file
2026-03-08 14:06:37,789 - WARNING - Not found cell and umi barcode in entry 234 of the bam file
2026-03-08 14:06:37,789 - WARNING - Not found cell and umi barcode in entry 235 of the bam file
2026-03-08 14:06:37,789 - WARNING - Not found cell and umi barcode in entry 236 of the bam file
2026-03-08 14:06:37,789 - WARNING - Not found cell and umi barcode in entry 237 of the bam file
2026-03-08 14:06:37,789 - WARNING - Not found cell and umi barcode in entry 238 of the bam file
2026-03-08 14:06:37,789 - WARNING - Not found cell and umi barcode in entry 239 of the bam file
2026-03-08 14:06:37,789 - WARNING - Not found cell and umi barcode in entry 240 of the bam file
2026-03-08 14:06:37,789 - WARNING - Not found cell and umi barcode in entry 241 of the bam file
2026-03-08 14:06:37,789 - WARNING - Not found cell and umi barcode in entry 242 of the bam file
2026-03-08 14:06:37,789 - WARNING - Not found cell and umi barcode in entry 243 of the bam file
2026-03-08 14:06:37,789 - WARNING - Not found cell and umi barcode in entry 244 of the bam file
2026-03-08 14:06:37,789 - WARNING - Not found cell and umi barcode in entry 245 of the bam file
2026-03-08 14:06:37,789 - WARNING - Not found cell and umi barcode in entry 246 of the bam file
2026-03-08 14:06:37,789 - WARNING - Not found cell and umi barcode in entry 247 of the bam file
2026-03-08 14:06:37,789 - WARNING - Not found cell and umi barcode in entry 248 of the bam file
2026-03-08 14:06:37,789 - WARNING - Not found cell and umi barcode in entry 249 of the bam file
2026-03-08 14:06:37,789 - WARNING - Not found cell and umi barcode in entry 250 of the bam file
2026-03-08 14:06:37,789 - WARNING - Not found cell and umi barcode in entry 251 of the bam file
2026-03-08 14:06:37,789 - WARNING - Not found cell and umi barcode in entry 252 of the bam file
2026-03-08 14:06:37,789 - WARNING - Not found cell and umi barcode in entry 253 of the bam file
2026-03-08 14:06:37,789 - WARNING - Not found cell and umi barcode in entry 254 of the bam file
2026-03-08 14:06:37,789 - WARNING - Not found cell and umi barcode in entry 255 of the bam file
2026-03-08 14:06:37,789 - WARNING - Not found cell and umi barcode in entry 256 of the bam file
2026-03-08 14:06:37,789 - WARNING - Not found cell and umi barcode in entry 257 of the bam file
2026-03-08 14:06:37,789 - WARNING - Not found cell and umi barcode in entry 258 of the bam file
2026-03-08 14:06:37,789 - WARNING - Not found cell and umi barcode in entry 259 of the bam file
2026-03-08 14:06:37,789 - WARNING - Not found cell and umi barcode in entry 260 of the bam file
2026-03-08 14:06:37,789 - WARNING - Not found cell and umi barcode in entry 261 of the bam file
2026-03-08 14:06:37,789 - WARNING - Not found cell and umi barcode in entry 262 of the bam file
2026-03-08 14:06:37,789 - WARNING - Not found cell and umi barcode in entry 263 of the bam file
2026-03-08 14:06:37,789 - WARNING - Not found cell and umi barcode in entry 264 of the bam file
2026-03-08 14:06:37,789 - WARNING - Not found cell and umi barcode in entry 265 of the bam file
2026-03-08 14:06:37,789 - WARNING - Not found cell and umi barcode in entry 266 of the bam file
2026-03-08 14:06:37,789 - WARNING - Not found cell and umi barcode in entry 267 of the bam file
2026-03-08 14:06:37,789 - WARNING - Not found cell and umi barcode in entry 268 of the bam file
2026-03-08 14:06:37,789 - WARNING - Not found cell and umi barcode in entry 269 of the bam file
2026-03-08 14:06:37,789 - WARNING - Not found cell and umi barcode in entry 270 of the bam file
2026-03-08 14:06:37,789 - WARNING - Not found cell and umi barcode in entry 271 of the bam file
2026-03-08 14:06:37,789 - WARNING - Not found cell and umi barcode in entry 272 of the bam file
2026-03-08 14:06:37,789 - WARNING - Not found cell and umi barcode in entry 273 of the bam file
2026-03-08 14:06:37,789 - WARNING - Not found cell and umi barcode in entry 274 of the bam file
2026-03-08 14:06:37,789 - WARNING - Not found cell and umi barcode in entry 275 of the bam file
2026-03-08 14:06:37,789 - WARNING - Not found cell and umi barcode in entry 276 of the bam file
2026-03-08 14:06:37,789 - WARNING - Not found cell and umi barcode in entry 277 of the bam file
2026-03-08 14:06:37,789 - WARNING - Not found cell and umi barcode in entry 278 of the bam file
2026-03-08 14:06:37,790 - WARNING - Not found cell and umi barcode in entry 279 of the bam file
2026-03-08 14:06:37,790 - WARNING - Not found cell and umi barcode in entry 280 of the bam file
2026-03-08 14:06:37,790 - WARNING - Not found cell and umi barcode in entry 281 of the bam file
2026-03-08 14:06:37,790 - WARNING - Not found cell and umi barcode in entry 282 of the bam file
2026-03-08 14:06:37,790 - WARNING - Not found cell and umi barcode in entry 283 of the bam file
2026-03-08 14:06:37,790 - WARNING - Not found cell and umi barcode in entry 284 of the bam file
2026-03-08 14:06:37,790 - WARNING - Not found cell and umi barcode in entry 285 of the bam file
2026-03-08 14:06:37,790 - WARNING - Not found cell and umi barcode in entry 286 of the bam file
2026-03-08 14:06:37,790 - WARNING - Not found cell and umi barcode in entry 287 of the bam file
2026-03-08 14:06:37,790 - WARNING - Not found cell and umi barcode in entry 288 of the bam file
2026-03-08 14:06:37,790 - WARNING - Not found cell and umi barcode in entry 289 of the bam file
2026-03-08 14:06:37,790 - WARNING - Not found cell and umi barcode in entry 290 of the bam file
2026-03-08 14:06:37,790 - WARNING - Not found cell and umi barcode in entry 291 of the bam file
2026-03-08 14:06:37,790 - WARNING - Not found cell and umi barcode in entry 292 of the bam file
2026-03-08 14:06:37,790 - WARNING - Not found cell and umi barcode in entry 293 of the bam file
2026-03-08 14:06:37,790 - WARNING - Not found cell and umi barcode in entry 294 of the bam file
2026-03-08 14:06:37,790 - WARNING - Not found cell and umi barcode in entry 295 of the bam file
2026-03-08 14:06:37,790 - WARNING - Not found cell and umi barcode in entry 296 of the bam file
2026-03-08 14:06:37,790 - WARNING - Not found cell and umi barcode in entry 297 of the bam file
2026-03-08 14:06:37,790 - WARNING - Not found cell and umi barcode in entry 298 of the bam file
2026-03-08 14:06:37,790 - WARNING - Not found cell and umi barcode in entry 299 of the bam file
2026-03-08 14:06:37,790 - WARNING - Not found cell and umi barcode in entry 300 of the bam file
2026-03-08 14:06:37,790 - WARNING - Not found cell and umi barcode in entry 301 of the bam file
2026-03-08 14:06:37,790 - WARNING - Not found cell and umi barcode in entry 302 of the bam file
2026-03-08 14:06:37,790 - WARNING - Not found cell and umi barcode in entry 303 of the bam file
2026-03-08 14:06:37,790 - WARNING - Not found cell and umi barcode in entry 304 of the bam file
2026-03-08 14:06:37,790 - WARNING - Not found cell and umi barcode in entry 305 of the bam file
2026-03-08 14:06:37,790 - WARNING - Not found cell and umi barcode in entry 306 of the bam file
2026-03-08 14:06:37,790 - WARNING - Not found cell and umi barcode in entry 307 of the bam file
2026-03-08 14:06:37,790 - WARNING - Not found cell and umi barcode in entry 308 of the bam file
2026-03-08 14:06:37,790 - WARNING - Not found cell and umi barcode in entry 309 of the bam file
2026-03-08 14:06:37,790 - WARNING - Not found cell and umi barcode in entry 310 of the bam file
2026-03-08 14:06:37,790 - WARNING - Not found cell and umi barcode in entry 311 of the bam file
2026-03-08 14:06:37,790 - WARNING - Not found cell and umi barcode in entry 312 of the bam file
2026-03-08 14:06:37,790 - WARNING - Not found cell and umi barcode in entry 313 of the bam file
2026-03-08 14:06:37,790 - WARNING - Not found cell and umi barcode in entry 314 of the bam file
2026-03-08 14:06:37,790 - WARNING - Not found cell and umi barcode in entry 315 of the bam file
2026-03-08 14:06:37,790 - WARNING - Not found cell and umi barcode in entry 316 of the bam file
2026-03-08 14:06:37,790 - WARNING - Not found cell and umi barcode in entry 317 of the bam file
2026-03-08 14:06:37,790 - WARNING - Not found cell and umi barcode in entry 318 of the bam file
2026-03-08 14:06:37,790 - WARNING - Not found cell and umi barcode in entry 319 of the bam file
2026-03-08 14:06:37,790 - WARNING - Not found cell and umi barcode in entry 320 of the bam file
2026-03-08 14:06:37,790 - WARNING - Not found cell and umi barcode in entry 321 of the bam file
2026-03-08 14:06:37,790 - WARNING - Not found cell and umi barcode in entry 322 of the bam file
2026-03-08 14:06:37,790 - WARNING - Not found cell and umi barcode in entry 323 of the bam file
2026-03-08 14:06:37,790 - WARNING - Not found cell and umi barcode in entry 324 of the bam file
2026-03-08 14:06:37,790 - WARNING - Not found cell and umi barcode in entry 325 of the bam file
2026-03-08 14:06:37,791 - WARNING - Not found cell and umi barcode in entry 326 of the bam file
2026-03-08 14:06:37,791 - WARNING - Not found cell and umi barcode in entry 327 of the bam file
2026-03-08 14:06:37,791 - WARNING - Not found cell and umi barcode in entry 328 of the bam file
2026-03-08 14:06:37,791 - WARNING - Not found cell and umi barcode in entry 329 of the bam file
2026-03-08 14:06:37,791 - WARNING - Not found cell and umi barcode in entry 330 of the bam file
2026-03-08 14:06:37,791 - WARNING - Not found cell and umi barcode in entry 331 of the bam file
2026-03-08 14:06:37,791 - WARNING - Not found cell and umi barcode in entry 332 of the bam file
2026-03-08 14:06:37,791 - WARNING - Not found cell and umi barcode in entry 333 of the bam file
2026-03-08 14:06:37,791 - WARNING - Not found cell and umi barcode in entry 334 of the bam file
2026-03-08 14:06:37,791 - WARNING - Not found cell and umi barcode in entry 335 of the bam file
2026-03-08 14:06:37,791 - WARNING - Not found cell and umi barcode in entry 336 of the bam file
2026-03-08 14:06:37,791 - WARNING - Not found cell and umi barcode in entry 337 of the bam file
2026-03-08 14:06:37,791 - WARNING - Not found cell and umi barcode in entry 338 of the bam file
2026-03-08 14:06:37,791 - WARNING - Not found cell and umi barcode in entry 339 of the bam file
2026-03-08 14:06:37,791 - WARNING - Not found cell and umi barcode in entry 340 of the bam file
2026-03-08 14:06:37,791 - WARNING - Not found cell and umi barcode in entry 341 of the bam file
2026-03-08 14:06:37,791 - WARNING - Not found cell and umi barcode in entry 342 of the bam file
2026-03-08 14:06:37,791 - WARNING - Not found cell and umi barcode in entry 343 of the bam file
2026-03-08 14:06:37,791 - WARNING - Not found cell and umi barcode in entry 344 of the bam file
2026-03-08 14:06:37,791 - WARNING - Not found cell and umi barcode in entry 345 of the bam file
2026-03-08 14:06:37,791 - WARNING - Not found cell and umi barcode in entry 346 of the bam file
2026-03-08 14:06:37,791 - WARNING - Not found cell and umi barcode in entry 347 of the bam file
2026-03-08 14:06:37,791 - WARNING - Not found cell and umi barcode in entry 348 of the bam file
2026-03-08 14:06:37,791 - WARNING - Not found cell and umi barcode in entry 349 of the bam file
2026-03-08 14:06:37,791 - WARNING - Not found cell and umi barcode in entry 350 of the bam file
2026-03-08 14:06:37,791 - WARNING - Not found cell and umi barcode in entry 351 of the bam file
2026-03-08 14:06:37,791 - WARNING - Not found cell and umi barcode in entry 352 of the bam file
2026-03-08 14:06:37,791 - WARNING - Not found cell and umi barcode in entry 353 of the bam file
2026-03-08 14:06:37,791 - WARNING - Not found cell and umi barcode in entry 354 of the bam file
2026-03-08 14:06:37,791 - WARNING - Not found cell and umi barcode in entry 355 of the bam file
2026-03-08 14:06:37,791 - WARNING - Not found cell and umi barcode in entry 356 of the bam file
2026-03-08 14:06:37,791 - WARNING - Not found cell and umi barcode in entry 357 of the bam file
2026-03-08 14:06:37,791 - WARNING - Not found cell and umi barcode in entry 358 of the bam file
2026-03-08 14:06:37,791 - WARNING - Not found cell and umi barcode in entry 359 of the bam file
2026-03-08 14:06:37,791 - WARNING - Not found cell and umi barcode in entry 360 of the bam file
2026-03-08 14:06:37,791 - WARNING - Not found cell and umi barcode in entry 361 of the bam file
2026-03-08 14:06:37,791 - WARNING - Not found cell and umi barcode in entry 362 of the bam file
2026-03-08 14:06:37,791 - WARNING - Not found cell and umi barcode in entry 363 of the bam file
2026-03-08 14:06:37,791 - WARNING - Not found cell and umi barcode in entry 364 of the bam file
2026-03-08 14:06:37,791 - WARNING - Not found cell and umi barcode in entry 365 of the bam file
2026-03-08 14:06:37,791 - WARNING - Not found cell and umi barcode in entry 366 of the bam file
2026-03-08 14:06:37,791 - WARNING - Not found cell and umi barcode in entry 367 of the bam file
2026-03-08 14:06:37,791 - WARNING - Not found cell and umi barcode in entry 368 of the bam file
2026-03-08 14:06:37,791 - WARNING - Not found cell and umi barcode in entry 369 of the bam file
2026-03-08 14:06:37,791 - WARNING - Not found cell and umi barcode in entry 370 of the bam file
2026-03-08 14:06:37,791 - WARNING - Not found cell and umi barcode in entry 371 of the bam file
2026-03-08 14:06:37,792 - WARNING - Not found cell and umi barcode in entry 372 of the bam file
2026-03-08 14:06:37,792 - WARNING - Not found cell and umi barcode in entry 373 of the bam file
2026-03-08 14:06:37,792 - WARNING - Not found cell and umi barcode in entry 374 of the bam file
2026-03-08 14:06:37,792 - WARNING - Not found cell and umi barcode in entry 375 of the bam file
2026-03-08 14:06:37,792 - WARNING - Not found cell and umi barcode in entry 376 of the bam file
2026-03-08 14:06:37,792 - WARNING - Not found cell and umi barcode in entry 377 of the bam file
2026-03-08 14:06:37,792 - WARNING - Not found cell and umi barcode in entry 378 of the bam file
2026-03-08 14:06:37,792 - WARNING - Not found cell and umi barcode in entry 379 of the bam file
2026-03-08 14:06:37,792 - WARNING - Not found cell and umi barcode in entry 380 of the bam file
2026-03-08 14:06:37,792 - WARNING - Not found cell and umi barcode in entry 381 of the bam file
2026-03-08 14:06:37,792 - WARNING - Not found cell and umi barcode in entry 382 of the bam file
2026-03-08 14:06:37,792 - WARNING - Not found cell and umi barcode in entry 383 of the bam file
2026-03-08 14:06:37,792 - WARNING - Not found cell and umi barcode in entry 384 of the bam file
2026-03-08 14:06:37,792 - WARNING - Not found cell and umi barcode in entry 385 of the bam file
2026-03-08 14:06:37,792 - WARNING - Not found cell and umi barcode in entry 386 of the bam file
2026-03-08 14:06:37,792 - WARNING - Not found cell and umi barcode in entry 387 of the bam file
2026-03-08 14:06:37,792 - WARNING - Not found cell and umi barcode in entry 388 of the bam file
2026-03-08 14:06:37,792 - WARNING - Not found cell and umi barcode in entry 389 of the bam file
2026-03-08 14:06:37,792 - WARNING - Not found cell and umi barcode in entry 390 of the bam file
2026-03-08 14:06:37,792 - WARNING - Not found cell and umi barcode in entry 391 of the bam file
2026-03-08 14:06:37,792 - WARNING - Not found cell and umi barcode in entry 392 of the bam file
2026-03-08 14:06:37,792 - WARNING - Not found cell and umi barcode in entry 393 of the bam file
2026-03-08 14:06:37,792 - WARNING - Not found cell and umi barcode in entry 394 of the bam file
2026-03-08 14:06:37,792 - WARNING - Not found cell and umi barcode in entry 395 of the bam file
2026-03-08 14:06:37,792 - WARNING - Not found cell and umi barcode in entry 396 of the bam file
2026-03-08 14:06:37,792 - WARNING - Not found cell and umi barcode in entry 397 of the bam file
2026-03-08 14:06:37,792 - WARNING - Not found cell and umi barcode in entry 398 of the bam file
2026-03-08 14:06:37,792 - WARNING - Not found cell and umi barcode in entry 399 of the bam file
2026-03-08 14:06:37,792 - WARNING - Not found cell and umi barcode in entry 400 of the bam file
2026-03-08 14:06:37,792 - WARNING - Not found cell and umi barcode in entry 401 of the bam file
2026-03-08 14:06:37,792 - WARNING - Not found cell and umi barcode in entry 402 of the bam file
2026-03-08 14:06:37,792 - WARNING - Not found cell and umi barcode in entry 403 of the bam file
2026-03-08 14:06:37,792 - WARNING - Not found cell and umi barcode in entry 404 of the bam file
2026-03-08 14:06:37,792 - WARNING - Not found cell and umi barcode in entry 405 of the bam file
2026-03-08 14:06:37,792 - WARNING - Not found cell and umi barcode in entry 406 of the bam file
2026-03-08 14:06:37,792 - WARNING - Not found cell and umi barcode in entry 407 of the bam file
2026-03-08 14:06:37,792 - WARNING - Not found cell and umi barcode in entry 408 of the bam file
2026-03-08 14:06:37,792 - WARNING - Not found cell and umi barcode in entry 409 of the bam file
2026-03-08 14:06:37,792 - WARNING - Not found cell and umi barcode in entry 410 of the bam file
2026-03-08 14:06:37,792 - WARNING - Not found cell and umi barcode in entry 411 of the bam file
2026-03-08 14:06:37,792 - WARNING - Not found cell and umi barcode in entry 412 of the bam file
2026-03-08 14:06:37,792 - WARNING - Not found cell and umi barcode in entry 413 of the bam file
2026-03-08 14:06:37,792 - WARNING - Not found cell and umi barcode in entry 414 of the bam file
2026-03-08 14:06:37,792 - WARNING - Not found cell and umi barcode in entry 415 of the bam file
2026-03-08 14:06:37,792 - WARNING - Not found cell and umi barcode in entry 416 of the bam file
2026-03-08 14:06:37,792 - WARNING - Not found cell and umi barcode in entry 417 of the bam file
2026-03-08 14:06:37,792 - WARNING - Not found cell and umi barcode in entry 418 of the bam file
2026-03-08 14:06:37,792 - WARNING - Not found cell and umi barcode in entry 419 of the bam file
2026-03-08 14:06:37,792 - WARNING - Not found cell and umi barcode in entry 420 of the bam file
2026-03-08 14:06:37,793 - WARNING - Not found cell and umi barcode in entry 421 of the bam file
2026-03-08 14:06:37,793 - WARNING - Not found cell and umi barcode in entry 422 of the bam file
2026-03-08 14:06:37,793 - WARNING - Not found cell and umi barcode in entry 423 of the bam file
2026-03-08 14:06:37,793 - WARNING - Not found cell and umi barcode in entry 424 of the bam file
2026-03-08 14:06:37,793 - WARNING - Not found cell and umi barcode in entry 425 of the bam file
2026-03-08 14:06:37,793 - WARNING - Not found cell and umi barcode in entry 426 of the bam file
2026-03-08 14:06:37,793 - WARNING - Not found cell and umi barcode in entry 427 of the bam file
2026-03-08 14:06:37,793 - WARNING - Not found cell and umi barcode in entry 428 of the bam file
2026-03-08 14:06:37,793 - WARNING - Not found cell and umi barcode in entry 429 of the bam file
2026-03-08 14:06:37,793 - WARNING - Not found cell and umi barcode in entry 430 of the bam file
2026-03-08 14:06:37,793 - WARNING - Not found cell and umi barcode in entry 431 of the bam file
2026-03-08 14:06:37,793 - WARNING - Not found cell and umi barcode in entry 432 of the bam file
2026-03-08 14:06:37,793 - WARNING - Not found cell and umi barcode in entry 433 of the bam file
2026-03-08 14:06:37,793 - WARNING - Not found cell and umi barcode in entry 434 of the bam file
2026-03-08 14:06:37,793 - WARNING - Not found cell and umi barcode in entry 435 of the bam file
2026-03-08 14:06:37,793 - WARNING - Not found cell and umi barcode in entry 436 of the bam file
2026-03-08 14:06:37,793 - WARNING - Not found cell and umi barcode in entry 437 of the bam file
2026-03-08 14:06:37,793 - WARNING - Not found cell and umi barcode in entry 438 of the bam file
2026-03-08 14:06:37,793 - WARNING - Not found cell and umi barcode in entry 439 of the bam file
2026-03-08 14:06:37,793 - WARNING - Not found cell and umi barcode in entry 440 of the bam file
2026-03-08 14:06:37,793 - WARNING - Not found cell and umi barcode in entry 441 of the bam file
2026-03-08 14:06:37,793 - WARNING - Not found cell and umi barcode in entry 442 of the bam file
2026-03-08 14:06:37,793 - WARNING - Not found cell and umi barcode in entry 443 of the bam file
2026-03-08 14:06:37,793 - WARNING - Not found cell and umi barcode in entry 444 of the bam file
2026-03-08 14:06:37,793 - WARNING - Not found cell and umi barcode in entry 445 of the bam file
2026-03-08 14:06:37,793 - WARNING - Not found cell and umi barcode in entry 446 of the bam file
2026-03-08 14:06:37,793 - WARNING - Not found cell and umi barcode in entry 447 of the bam file
2026-03-08 14:06:37,793 - WARNING - Not found cell and umi barcode in entry 448 of the bam file
2026-03-08 14:06:37,793 - WARNING - Not found cell and umi barcode in entry 449 of the bam file
2026-03-08 14:06:37,793 - WARNING - Not found cell and umi barcode in entry 450 of the bam file
2026-03-08 14:06:37,793 - WARNING - Not found cell and umi barcode in entry 451 of the bam file
2026-03-08 14:06:37,793 - WARNING - Not found cell and umi barcode in entry 452 of the bam file
2026-03-08 14:06:37,793 - WARNING - Not found cell and umi barcode in entry 453 of the bam file
2026-03-08 14:06:37,793 - WARNING - Not found cell and umi barcode in entry 454 of the bam file
2026-03-08 14:06:37,793 - WARNING - Not found cell and umi barcode in entry 455 of the bam file
2026-03-08 14:06:37,793 - WARNING - Not found cell and umi barcode in entry 456 of the bam file
2026-03-08 14:06:37,793 - WARNING - Not found cell and umi barcode in entry 457 of the bam file
2026-03-08 14:06:37,793 - WARNING - Not found cell and umi barcode in entry 458 of the bam file
2026-03-08 14:06:37,793 - WARNING - Not found cell and umi barcode in entry 459 of the bam file
2026-03-08 14:06:37,793 - WARNING - Not found cell and umi barcode in entry 460 of the bam file
2026-03-08 14:06:37,793 - WARNING - Not found cell and umi barcode in entry 461 of the bam file
2026-03-08 14:06:37,793 - WARNING - Not found cell and umi barcode in entry 462 of the bam file
2026-03-08 14:06:37,793 - WARNING - Not found cell and umi barcode in entry 463 of the bam file
2026-03-08 14:06:37,793 - WARNING - Not found cell and umi barcode in entry 464 of the bam file
2026-03-08 14:06:37,793 - WARNING - Not found cell and umi barcode in entry 465 of the bam file
2026-03-08 14:06:37,793 - WARNING - Not found cell and umi barcode in entry 466 of the bam file
2026-03-08 14:06:37,793 - WARNING - Not found cell and umi barcode in entry 467 of the bam file
2026-03-08 14:06:37,793 - WARNING - Not found cell and umi barcode in entry 468 of the bam file
2026-03-08 14:06:37,793 - WARNING - Not found cell and umi barcode in entry 469 of the bam file
2026-03-08 14:06:37,793 - WARNING - Not found cell and umi barcode in entry 470 of the bam file
2026-03-08 14:06:37,794 - WARNING - Not found cell and umi barcode in entry 471 of the bam file
2026-03-08 14:06:37,794 - WARNING - Not found cell and umi barcode in entry 472 of the bam file
2026-03-08 14:06:37,794 - WARNING - Not found cell and umi barcode in entry 473 of the bam file
2026-03-08 14:06:37,794 - WARNING - Not found cell and umi barcode in entry 474 of the bam file
2026-03-08 14:06:37,794 - WARNING - Not found cell and umi barcode in entry 475 of the bam file
2026-03-08 14:06:37,794 - WARNING - Not found cell and umi barcode in entry 476 of the bam file
2026-03-08 14:06:37,794 - WARNING - Not found cell and umi barcode in entry 477 of the bam file
2026-03-08 14:06:37,794 - WARNING - Not found cell and umi barcode in entry 478 of the bam file
2026-03-08 14:06:37,794 - WARNING - Not found cell and umi barcode in entry 479 of the bam file
2026-03-08 14:06:37,794 - WARNING - Not found cell and umi barcode in entry 480 of the bam file
2026-03-08 14:06:37,794 - WARNING - Not found cell and umi barcode in entry 481 of the bam file
2026-03-08 14:06:37,794 - WARNING - Not found cell and umi barcode in entry 482 of the bam file
2026-03-08 14:06:37,794 - WARNING - Not found cell and umi barcode in entry 483 of the bam file
2026-03-08 14:06:37,794 - WARNING - Not found cell and umi barcode in entry 484 of the bam file
2026-03-08 14:06:37,794 - WARNING - Not found cell and umi barcode in entry 485 of the bam file
2026-03-08 14:06:37,794 - WARNING - Not found cell and umi barcode in entry 486 of the bam file
2026-03-08 14:06:37,794 - WARNING - Not found cell and umi barcode in entry 487 of the bam file
2026-03-08 14:06:37,794 - WARNING - Not found cell and umi barcode in entry 488 of the bam file
2026-03-08 14:06:37,794 - WARNING - Not found cell and umi barcode in entry 489 of the bam file
2026-03-08 14:06:37,794 - WARNING - Not found cell and umi barcode in entry 490 of the bam file
2026-03-08 14:06:37,794 - WARNING - Not found cell and umi barcode in entry 491 of the bam file
2026-03-08 14:06:37,794 - WARNING - Not found cell and umi barcode in entry 492 of the bam file
2026-03-08 14:06:37,794 - WARNING - Not found cell and umi barcode in entry 493 of the bam file
2026-03-08 14:06:37,794 - WARNING - Not found cell and umi barcode in entry 494 of the bam file
2026-03-08 14:06:37,794 - WARNING - Not found cell and umi barcode in entry 495 of the bam file
2026-03-08 14:06:37,794 - WARNING - Not found cell and umi barcode in entry 496 of the bam file
2026-03-08 14:06:37,794 - WARNING - Not found cell and umi barcode in entry 497 of the bam file
2026-03-08 14:06:37,794 - WARNING - Not found cell and umi barcode in entry 498 of the bam file
2026-03-08 14:06:37,794 - WARNING - Not found cell and umi barcode in entry 499 of the bam file
2026-03-08 14:06:37,794 - WARNING - Not found cell and umi barcode in entry 500 of the bam file
2026-03-08 14:06:37,794 - WARNING - Not found cell and umi barcode in entry 501 of the bam file
2026-03-08 14:06:37,794 - WARNING - Not found cell and umi barcode in entry 502 of the bam file
2026-03-08 14:06:37,794 - WARNING - Not found cell and umi barcode in entry 503 of the bam file
2026-03-08 14:06:37,794 - WARNING - Not found cell and umi barcode in entry 504 of the bam file
2026-03-08 14:06:37,794 - WARNING - Not found cell and umi barcode in entry 505 of the bam file
2026-03-08 14:06:37,794 - WARNING - Not found cell and umi barcode in entry 506 of the bam file
2026-03-08 14:06:37,794 - WARNING - Not found cell and umi barcode in entry 507 of the bam file
2026-03-08 14:06:37,794 - WARNING - Not found cell and umi barcode in entry 508 of the bam file
2026-03-08 14:06:37,794 - WARNING - Not found cell and umi barcode in entry 509 of the bam file
2026-03-08 14:06:37,794 - WARNING - Not found cell and umi barcode in entry 510 of the bam file
2026-03-08 14:06:37,794 - WARNING - Not found cell and umi barcode in entry 511 of the bam file
2026-03-08 14:06:37,794 - WARNING - Not found cell and umi barcode in entry 512 of the bam file
2026-03-08 14:06:37,794 - WARNING - Not found cell and umi barcode in entry 513 of the bam file
2026-03-08 14:06:37,794 - WARNING - Not found cell and umi barcode in entry 514 of the bam file
2026-03-08 14:06:37,794 - WARNING - Not found cell and umi barcode in entry 515 of the bam file
2026-03-08 14:06:37,794 - WARNING - Not found cell and umi barcode in entry 516 of the bam file
2026-03-08 14:06:37,794 - WARNING - Not found cell and umi barcode in entry 517 of the bam file
2026-03-08 14:06:37,794 - WARNING - Not found cell and umi barcode in entry 518 of the bam file
2026-03-08 14:06:37,795 - WARNING - Not found cell and umi barcode in entry 519 of the bam file
2026-03-08 14:06:37,795 - WARNING - Not found cell and umi barcode in entry 520 of the bam file
2026-03-08 14:06:37,795 - WARNING - Not found cell and umi barcode in entry 521 of the bam file
2026-03-08 14:06:37,795 - WARNING - Not found cell and umi barcode in entry 522 of the bam file
2026-03-08 14:06:37,795 - WARNING - Not found cell and umi barcode in entry 523 of the bam file
2026-03-08 14:06:37,795 - WARNING - Not found cell and umi barcode in entry 524 of the bam file
2026-03-08 14:06:37,795 - WARNING - Not found cell and umi barcode in entry 525 of the bam file
2026-03-08 14:06:37,795 - WARNING - Not found cell and umi barcode in entry 526 of the bam file
2026-03-08 14:06:37,795 - WARNING - Not found cell and umi barcode in entry 527 of the bam file
2026-03-08 14:06:37,795 - WARNING - Not found cell and umi barcode in entry 528 of the bam file
2026-03-08 14:06:37,795 - WARNING - Not found cell and umi barcode in entry 529 of the bam file
2026-03-08 14:06:37,795 - WARNING - Not found cell and umi barcode in entry 530 of the bam file
2026-03-08 14:06:37,795 - WARNING - Not found cell and umi barcode in entry 531 of the bam file
2026-03-08 14:06:37,795 - WARNING - Not found cell and umi barcode in entry 532 of the bam file
2026-03-08 14:06:37,795 - WARNING - Not found cell and umi barcode in entry 533 of the bam file
2026-03-08 14:06:37,795 - WARNING - Not found cell and umi barcode in entry 534 of the bam file
2026-03-08 14:06:37,795 - WARNING - Not found cell and umi barcode in entry 535 of the bam file
2026-03-08 14:06:37,795 - WARNING - Not found cell and umi barcode in entry 536 of the bam file
2026-03-08 14:06:37,795 - WARNING - Not found cell and umi barcode in entry 537 of the bam file
2026-03-08 14:06:37,795 - WARNING - Not found cell and umi barcode in entry 538 of the bam file
2026-03-08 14:06:37,795 - WARNING - Not found cell and umi barcode in entry 539 of the bam file
2026-03-08 14:06:37,795 - WARNING - Not found cell and umi barcode in entry 540 of the bam file
2026-03-08 14:06:37,795 - WARNING - Not found cell and umi barcode in entry 541 of the bam file
2026-03-08 14:06:37,795 - WARNING - Not found cell and umi barcode in entry 542 of the bam file
2026-03-08 14:06:37,795 - WARNING - Not found cell and umi barcode in entry 543 of the bam file
2026-03-08 14:06:37,795 - WARNING - Not found cell and umi barcode in entry 544 of the bam file
2026-03-08 14:06:37,795 - WARNING - Not found cell and umi barcode in entry 545 of the bam file
2026-03-08 14:06:37,795 - WARNING - Not found cell and umi barcode in entry 546 of the bam file
2026-03-08 14:06:37,795 - WARNING - Not found cell and umi barcode in entry 547 of the bam file
2026-03-08 14:06:37,795 - WARNING - Not found cell and umi barcode in entry 548 of the bam file
2026-03-08 14:06:37,795 - WARNING - Not found cell and umi barcode in entry 549 of the bam file
2026-03-08 14:06:37,795 - WARNING - Not found cell and umi barcode in entry 550 of the bam file
2026-03-08 14:06:37,795 - WARNING - Not found cell and umi barcode in entry 551 of the bam file
2026-03-08 14:06:37,795 - WARNING - Not found cell and umi barcode in entry 552 of the bam file
2026-03-08 14:06:37,795 - WARNING - Not found cell and umi barcode in entry 553 of the bam file
2026-03-08 14:06:37,795 - WARNING - Not found cell and umi barcode in entry 554 of the bam file
2026-03-08 14:06:37,795 - WARNING - Not found cell and umi barcode in entry 555 of the bam file
2026-03-08 14:06:37,795 - WARNING - Not found cell and umi barcode in entry 556 of the bam file
2026-03-08 14:06:37,795 - WARNING - Not found cell and umi barcode in entry 557 of the bam file
2026-03-08 14:06:37,795 - WARNING - Not found cell and umi barcode in entry 558 of the bam file
2026-03-08 14:06:37,795 - WARNING - Not found cell and umi barcode in entry 559 of the bam file
2026-03-08 14:06:37,795 - WARNING - Not found cell and umi barcode in entry 560 of the bam file
2026-03-08 14:06:37,795 - WARNING - Not found cell and umi barcode in entry 561 of the bam file
2026-03-08 14:06:37,795 - WARNING - Not found cell and umi barcode in entry 562 of the bam file
2026-03-08 14:06:37,795 - WARNING - Not found cell and umi barcode in entry 563 of the bam file
2026-03-08 14:06:37,795 - WARNING - Not found cell and umi barcode in entry 564 of the bam file
2026-03-08 14:06:37,796 - WARNING - Not found cell and umi barcode in entry 565 of the bam file
2026-03-08 14:06:37,796 - WARNING - Not found cell and umi barcode in entry 566 of the bam file
2026-03-08 14:06:37,796 - WARNING - Not found cell and umi barcode in entry 567 of the bam file
2026-03-08 14:06:37,796 - WARNING - Not found cell and umi barcode in entry 568 of the bam file
2026-03-08 14:06:37,796 - WARNING - Not found cell and umi barcode in entry 569 of the bam file
2026-03-08 14:06:37,796 - WARNING - Not found cell and umi barcode in entry 570 of the bam file
2026-03-08 14:06:37,796 - WARNING - Not found cell and umi barcode in entry 571 of the bam file
2026-03-08 14:06:37,796 - WARNING - Not found cell and umi barcode in entry 572 of the bam file
2026-03-08 14:06:37,796 - WARNING - Not found cell and umi barcode in entry 573 of the bam file
2026-03-08 14:06:37,796 - WARNING - Not found cell and umi barcode in entry 574 of the bam file
2026-03-08 14:06:37,796 - WARNING - Not found cell and umi barcode in entry 575 of the bam file
2026-03-08 14:06:37,796 - WARNING - Not found cell and umi barcode in entry 576 of the bam file
2026-03-08 14:06:37,796 - WARNING - Not found cell and umi barcode in entry 577 of the bam file
2026-03-08 14:06:37,796 - WARNING - Not found cell and umi barcode in entry 578 of the bam file
2026-03-08 14:06:37,796 - WARNING - Not found cell and umi barcode in entry 579 of the bam file
2026-03-08 14:06:37,796 - WARNING - Not found cell and umi barcode in entry 580 of the bam file
2026-03-08 14:06:37,796 - WARNING - Not found cell and umi barcode in entry 581 of the bam file
2026-03-08 14:06:37,796 - WARNING - Not found cell and umi barcode in entry 582 of the bam file
2026-03-08 14:06:37,796 - WARNING - Not found cell and umi barcode in entry 583 of the bam file
2026-03-08 14:06:37,796 - WARNING - Not found cell and umi barcode in entry 584 of the bam file
2026-03-08 14:06:37,796 - WARNING - Not found cell and umi barcode in entry 585 of the bam file
2026-03-08 14:06:37,796 - WARNING - Not found cell and umi barcode in entry 586 of the bam file
2026-03-08 14:06:37,796 - WARNING - Not found cell and umi barcode in entry 587 of the bam file
2026-03-08 14:06:37,796 - WARNING - Not found cell and umi barcode in entry 588 of the bam file
2026-03-08 14:06:37,796 - WARNING - Not found cell and umi barcode in entry 589 of the bam file
2026-03-08 14:06:37,796 - WARNING - Not found cell and umi barcode in entry 590 of the bam file
2026-03-08 14:06:37,796 - WARNING - Not found cell and umi barcode in entry 591 of the bam file
2026-03-08 14:06:37,796 - WARNING - Not found cell and umi barcode in entry 592 of the bam file
2026-03-08 14:06:37,796 - WARNING - Not found cell and umi barcode in entry 593 of the bam file
2026-03-08 14:06:37,796 - WARNING - Not found cell and umi barcode in entry 594 of the bam file
2026-03-08 14:06:37,796 - WARNING - Not found cell and umi barcode in entry 595 of the bam file
2026-03-08 14:06:37,796 - WARNING - Not found cell and umi barcode in entry 596 of the bam file
2026-03-08 14:06:37,796 - WARNING - Not found cell and umi barcode in entry 597 of the bam file
2026-03-08 14:06:37,796 - WARNING - Not found cell and umi barcode in entry 598 of the bam file
2026-03-08 14:06:37,796 - WARNING - Not found cell and umi barcode in entry 599 of the bam file
2026-03-08 14:06:37,796 - WARNING - Not found cell and umi barcode in entry 600 of the bam file
2026-03-08 14:06:37,796 - WARNING - Not found cell and umi barcode in entry 601 of the bam file
2026-03-08 14:06:37,796 - WARNING - Not found cell and umi barcode in entry 602 of the bam file
2026-03-08 14:06:37,796 - WARNING - Not found cell and umi barcode in entry 603 of the bam file
2026-03-08 14:06:37,796 - WARNING - Not found cell and umi barcode in entry 604 of the bam file
2026-03-08 14:06:37,796 - WARNING - Not found cell and umi barcode in entry 605 of the bam file
2026-03-08 14:06:37,796 - WARNING - Not found cell and umi barcode in entry 606 of the bam file
2026-03-08 14:06:37,796 - WARNING - Not found cell and umi barcode in entry 607 of the bam file
2026-03-08 14:06:37,796 - WARNING - Not found cell and umi barcode in entry 608 of the bam file
2026-03-08 14:06:37,796 - WARNING - Not found cell and umi barcode in entry 609 of the bam file
2026-03-08 14:06:37,796 - WARNING - Not found cell and umi barcode in entry 610 of the bam file
2026-03-08 14:06:37,796 - WARNING - Not found cell and umi barcode in entry 611 of the bam file
2026-03-08 14:06:37,796 - WARNING - Not found cell and umi barcode in entry 612 of the bam file
2026-03-08 14:06:37,796 - WARNING - Not found cell and umi barcode in entry 613 of the bam file
2026-03-08 14:06:37,796 - WARNING - Not found cell and umi barcode in entry 614 of the bam file
2026-03-08 14:06:37,797 - WARNING - Not found cell and umi barcode in entry 615 of the bam file
2026-03-08 14:06:37,797 - WARNING - Not found cell and umi barcode in entry 616 of the bam file
2026-03-08 14:06:37,797 - WARNING - Not found cell and umi barcode in entry 617 of the bam file
2026-03-08 14:06:37,797 - WARNING - Not found cell and umi barcode in entry 618 of the bam file
2026-03-08 14:06:37,797 - WARNING - Not found cell and umi barcode in entry 619 of the bam file
2026-03-08 14:06:37,797 - WARNING - Not found cell and umi barcode in entry 620 of the bam file
2026-03-08 14:06:37,797 - WARNING - Not found cell and umi barcode in entry 621 of the bam file
2026-03-08 14:06:37,797 - WARNING - Not found cell and umi barcode in entry 622 of the bam file
2026-03-08 14:06:37,797 - WARNING - Not found cell and umi barcode in entry 623 of the bam file
2026-03-08 14:06:37,797 - WARNING - Not found cell and umi barcode in entry 624 of the bam file
2026-03-08 14:06:37,797 - WARNING - Not found cell and umi barcode in entry 625 of the bam file
2026-03-08 14:06:37,797 - WARNING - Not found cell and umi barcode in entry 626 of the bam file
2026-03-08 14:06:37,797 - WARNING - Not found cell and umi barcode in entry 627 of the bam file
2026-03-08 14:06:37,797 - WARNING - Not found cell and umi barcode in entry 628 of the bam file
2026-03-08 14:06:37,797 - WARNING - Not found cell and umi barcode in entry 629 of the bam file
2026-03-08 14:06:37,797 - WARNING - Not found cell and umi barcode in entry 630 of the bam file
2026-03-08 14:06:37,797 - WARNING - Not found cell and umi barcode in entry 631 of the bam file
2026-03-08 14:06:37,797 - WARNING - Not found cell and umi barcode in entry 632 of the bam file
2026-03-08 14:06:37,797 - WARNING - Not found cell and umi barcode in entry 633 of the bam file
2026-03-08 14:06:37,797 - WARNING - Not found cell and umi barcode in entry 634 of the bam file
2026-03-08 14:06:37,797 - WARNING - Not found cell and umi barcode in entry 635 of the bam file
2026-03-08 14:06:37,797 - WARNING - Not found cell and umi barcode in entry 636 of the bam file
2026-03-08 14:06:37,797 - WARNING - Not found cell and umi barcode in entry 637 of the bam file
2026-03-08 14:06:37,797 - WARNING - Not found cell and umi barcode in entry 638 of the bam file
2026-03-08 14:06:37,797 - WARNING - Not found cell and umi barcode in entry 639 of the bam file
2026-03-08 14:06:37,797 - WARNING - Not found cell and umi barcode in entry 640 of the bam file
2026-03-08 14:06:37,797 - WARNING - Not found cell and umi barcode in entry 641 of the bam file
2026-03-08 14:06:37,797 - WARNING - Not found cell and umi barcode in entry 642 of the bam file
2026-03-08 14:06:37,797 - WARNING - Not found cell and umi barcode in entry 643 of the bam file
2026-03-08 14:06:37,797 - WARNING - Not found cell and umi barcode in entry 644 of the bam file
2026-03-08 14:06:37,797 - WARNING - Not found cell and umi barcode in entry 645 of the bam file
2026-03-08 14:06:37,797 - WARNING - Not found cell and umi barcode in entry 646 of the bam file
2026-03-08 14:06:37,797 - WARNING - Not found cell and umi barcode in entry 647 of the bam file
2026-03-08 14:06:37,797 - WARNING - Not found cell and umi barcode in entry 648 of the bam file
2026-03-08 14:06:37,797 - WARNING - Not found cell and umi barcode in entry 649 of the bam file
2026-03-08 14:06:37,797 - WARNING - Not found cell and umi barcode in entry 650 of the bam file
2026-03-08 14:06:37,797 - WARNING - Not found cell and umi barcode in entry 651 of the bam file
2026-03-08 14:06:37,797 - WARNING - Not found cell and umi barcode in entry 652 of the bam file
2026-03-08 14:06:37,797 - WARNING - Not found cell and umi barcode in entry 653 of the bam file
2026-03-08 14:06:37,797 - WARNING - Not found cell and umi barcode in entry 654 of the bam file
2026-03-08 14:06:37,797 - WARNING - Not found cell and umi barcode in entry 655 of the bam file
2026-03-08 14:06:37,797 - WARNING - Not found cell and umi barcode in entry 656 of the bam file
2026-03-08 14:06:37,797 - WARNING - Not found cell and umi barcode in entry 657 of the bam file
2026-03-08 14:06:37,797 - WARNING - Not found cell and umi barcode in entry 658 of the bam file
2026-03-08 14:06:37,797 - WARNING - Not found cell and umi barcode in entry 659 of the bam file
2026-03-08 14:06:37,797 - WARNING - Not found cell and umi barcode in entry 660 of the bam file
2026-03-08 14:06:37,797 - WARNING - Not found cell and umi barcode in entry 661 of the bam file
2026-03-08 14:06:37,797 - WARNING - Not found cell and umi barcode in entry 662 of the bam file
2026-03-08 14:06:37,797 - WARNING - Not found cell and umi barcode in entry 663 of the bam file
2026-03-08 14:06:37,797 - WARNING - Not found cell and umi barcode in entry 664 of the bam file
2026-03-08 14:06:37,798 - WARNING - Not found cell and umi barcode in entry 665 of the bam file
2026-03-08 14:06:37,798 - WARNING - Not found cell and umi barcode in entry 666 of the bam file
2026-03-08 14:06:37,798 - WARNING - Not found cell and umi barcode in entry 667 of the bam file
2026-03-08 14:06:37,798 - WARNING - Not found cell and umi barcode in entry 668 of the bam file
2026-03-08 14:06:37,798 - WARNING - Not found cell and umi barcode in entry 669 of the bam file
2026-03-08 14:06:37,798 - WARNING - Not found cell and umi barcode in entry 670 of the bam file
2026-03-08 14:06:37,798 - WARNING - Not found cell and umi barcode in entry 671 of the bam file
2026-03-08 14:06:37,798 - WARNING - Not found cell and umi barcode in entry 672 of the bam file
2026-03-08 14:06:37,798 - WARNING - Not found cell and umi barcode in entry 673 of the bam file
2026-03-08 14:06:37,798 - WARNING - Not found cell and umi barcode in entry 674 of the bam file
2026-03-08 14:06:37,798 - WARNING - Not found cell and umi barcode in entry 675 of the bam file
2026-03-08 14:06:37,798 - WARNING - Not found cell and umi barcode in entry 676 of the bam file
2026-03-08 14:06:37,798 - WARNING - Not found cell and umi barcode in entry 677 of the bam file
2026-03-08 14:06:37,798 - WARNING - Not found cell and umi barcode in entry 678 of the bam file
2026-03-08 14:06:37,798 - WARNING - Not found cell and umi barcode in entry 679 of the bam file
2026-03-08 14:06:37,798 - WARNING - Not found cell and umi barcode in entry 680 of the bam file
2026-03-08 14:06:37,798 - WARNING - Not found cell and umi barcode in entry 681 of the bam file
2026-03-08 14:06:37,798 - WARNING - Not found cell and umi barcode in entry 682 of the bam file
2026-03-08 14:06:37,798 - WARNING - Not found cell and umi barcode in entry 683 of the bam file
2026-03-08 14:06:37,798 - WARNING - Not found cell and umi barcode in entry 684 of the bam file
2026-03-08 14:06:37,798 - WARNING - Not found cell and umi barcode in entry 685 of the bam file
2026-03-08 14:06:37,798 - WARNING - Not found cell and umi barcode in entry 686 of the bam file
2026-03-08 14:06:37,798 - WARNING - Not found cell and umi barcode in entry 687 of the bam file
2026-03-08 14:06:37,798 - WARNING - Not found cell and umi barcode in entry 688 of the bam file
2026-03-08 14:06:37,798 - WARNING - Not found cell and umi barcode in entry 689 of the bam file
2026-03-08 14:06:37,798 - WARNING - Not found cell and umi barcode in entry 690 of the bam file
2026-03-08 14:06:37,798 - WARNING - Not found cell and umi barcode in entry 691 of the bam file
2026-03-08 14:06:37,798 - WARNING - Not found cell and umi barcode in entry 692 of the bam file
2026-03-08 14:06:37,798 - WARNING - Not found cell and umi barcode in entry 693 of the bam file
2026-03-08 14:06:37,798 - WARNING - Not found cell and umi barcode in entry 694 of the bam file
2026-03-08 14:06:37,798 - WARNING - Not found cell and umi barcode in entry 695 of the bam file
2026-03-08 14:06:37,798 - WARNING - Not found cell and umi barcode in entry 696 of the bam file
2026-03-08 14:06:37,798 - WARNING - Not found cell and umi barcode in entry 697 of the bam file
2026-03-08 14:06:37,798 - WARNING - Not found cell and umi barcode in entry 698 of the bam file
2026-03-08 14:06:37,798 - WARNING - Not found cell and umi barcode in entry 699 of the bam file
2026-03-08 14:06:37,798 - WARNING - Not found cell and umi barcode in entry 700 of the bam file
2026-03-08 14:06:37,798 - WARNING - Not found cell and umi barcode in entry 701 of the bam file
2026-03-08 14:06:37,798 - WARNING - Not found cell and umi barcode in entry 702 of the bam file
2026-03-08 14:06:37,798 - WARNING - Not found cell and umi barcode in entry 703 of the bam file
2026-03-08 14:06:37,798 - WARNING - Not found cell and umi barcode in entry 704 of the bam file
2026-03-08 14:06:37,798 - WARNING - Not found cell and umi barcode in entry 705 of the bam file
2026-03-08 14:06:37,798 - WARNING - Not found cell and umi barcode in entry 706 of the bam file
2026-03-08 14:06:37,798 - WARNING - Not found cell and umi barcode in entry 707 of the bam file
2026-03-08 14:06:37,798 - WARNING - Not found cell and umi barcode in entry 708 of the bam file
2026-03-08 14:06:37,798 - WARNING - Not found cell and umi barcode in entry 709 of the bam file
2026-03-08 14:06:37,799 - WARNING - Not found cell and umi barcode in entry 710 of the bam file
2026-03-08 14:06:37,799 - WARNING - Not found cell and umi barcode in entry 711 of the bam file
2026-03-08 14:06:37,799 - WARNING - Not found cell and umi barcode in entry 712 of the bam file
2026-03-08 14:06:37,799 - WARNING - Not found cell and umi barcode in entry 713 of the bam file
2026-03-08 14:06:37,799 - WARNING - Not found cell and umi barcode in entry 714 of the bam file
2026-03-08 14:06:37,799 - WARNING - Not found cell and umi barcode in entry 715 of the bam file
2026-03-08 14:06:37,799 - WARNING - Not found cell and umi barcode in entry 716 of the bam file
2026-03-08 14:06:37,799 - WARNING - Not found cell and umi barcode in entry 717 of the bam file
2026-03-08 14:06:37,799 - WARNING - Not found cell and umi barcode in entry 718 of the bam file
2026-03-08 14:06:37,799 - WARNING - Not found cell and umi barcode in entry 719 of the bam file
2026-03-08 14:06:37,799 - WARNING - Not found cell and umi barcode in entry 720 of the bam file
2026-03-08 14:06:37,799 - WARNING - Not found cell and umi barcode in entry 721 of the bam file
2026-03-08 14:06:37,799 - WARNING - Not found cell and umi barcode in entry 722 of the bam file
2026-03-08 14:06:37,799 - WARNING - Not found cell and umi barcode in entry 723 of the bam file
2026-03-08 14:06:37,799 - WARNING - Not found cell and umi barcode in entry 724 of the bam file
2026-03-08 14:06:37,799 - WARNING - Not found cell and umi barcode in entry 725 of the bam file
2026-03-08 14:06:37,799 - WARNING - Not found cell and umi barcode in entry 726 of the bam file
2026-03-08 14:06:37,799 - WARNING - Not found cell and umi barcode in entry 727 of the bam file
2026-03-08 14:06:37,799 - WARNING - Not found cell and umi barcode in entry 728 of the bam file
2026-03-08 14:06:37,799 - WARNING - Not found cell and umi barcode in entry 729 of the bam file
2026-03-08 14:06:37,799 - WARNING - Not found cell and umi barcode in entry 730 of the bam file
2026-03-08 14:06:37,799 - WARNING - Not found cell and umi barcode in entry 731 of the bam file
2026-03-08 14:06:37,799 - WARNING - Not found cell and umi barcode in entry 732 of the bam file
2026-03-08 14:06:37,799 - WARNING - Not found cell and umi barcode in entry 733 of the bam file
2026-03-08 14:06:37,799 - WARNING - Not found cell and umi barcode in entry 734 of the bam file
2026-03-08 14:06:37,799 - WARNING - Not found cell and umi barcode in entry 735 of the bam file
2026-03-08 14:06:37,799 - WARNING - Not found cell and umi barcode in entry 736 of the bam file
2026-03-08 14:06:37,799 - WARNING - Not found cell and umi barcode in entry 737 of the bam file
2026-03-08 14:06:37,799 - WARNING - Not found cell and umi barcode in entry 738 of the bam file
2026-03-08 14:06:37,799 - WARNING - Not found cell and umi barcode in entry 739 of the bam file
2026-03-08 14:06:37,799 - WARNING - Not found cell and umi barcode in entry 740 of the bam file
2026-03-08 14:06:37,799 - WARNING - Not found cell and umi barcode in entry 741 of the bam file
2026-03-08 14:06:37,799 - WARNING - Not found cell and umi barcode in entry 742 of the bam file
2026-03-08 14:06:37,799 - WARNING - Not found cell and umi barcode in entry 743 of the bam file
2026-03-08 14:06:37,799 - WARNING - Not found cell and umi barcode in entry 744 of the bam file
2026-03-08 14:06:37,799 - WARNING - Not found cell and umi barcode in entry 745 of the bam file
2026-03-08 14:06:37,799 - WARNING - Not found cell and umi barcode in entry 746 of the bam file
2026-03-08 14:06:37,799 - WARNING - Not found cell and umi barcode in entry 747 of the bam file
2026-03-08 14:06:37,799 - WARNING - Not found cell and umi barcode in entry 748 of the bam file
2026-03-08 14:06:37,799 - WARNING - Not found cell and umi barcode in entry 749 of the bam file
2026-03-08 14:06:37,799 - WARNING - Not found cell and umi barcode in entry 750 of the bam file
2026-03-08 14:06:37,799 - WARNING - Not found cell and umi barcode in entry 751 of the bam file
2026-03-08 14:06:37,799 - WARNING - Not found cell and umi barcode in entry 752 of the bam file
2026-03-08 14:06:37,799 - WARNING - Not found cell and umi barcode in entry 753 of the bam file
2026-03-08 14:06:37,799 - WARNING - Not found cell and umi barcode in entry 754 of the bam file
2026-03-08 14:06:37,799 - WARNING - Not found cell and umi barcode in entry 755 of the bam file
2026-03-08 14:06:37,799 - WARNING - Not found cell and umi barcode in entry 756 of the bam file
2026-03-08 14:06:37,799 - WARNING - Not found cell and umi barcode in entry 757 of the bam file
2026-03-08 14:06:37,799 - WARNING - Not found cell and umi barcode in entry 758 of the bam file
2026-03-08 14:06:37,799 - WARNING - Not found cell and umi barcode in entry 759 of the bam file
2026-03-08 14:06:37,800 - WARNING - Not found cell and umi barcode in entry 760 of the bam file
2026-03-08 14:06:37,800 - WARNING - Not found cell and umi barcode in entry 761 of the bam file
2026-03-08 14:06:37,800 - WARNING - Not found cell and umi barcode in entry 762 of the bam file
2026-03-08 14:06:37,800 - WARNING - Not found cell and umi barcode in entry 763 of the bam file
2026-03-08 14:06:37,800 - WARNING - Not found cell and umi barcode in entry 764 of the bam file
2026-03-08 14:06:37,800 - WARNING - Not found cell and umi barcode in entry 765 of the bam file
2026-03-08 14:06:37,800 - WARNING - Not found cell and umi barcode in entry 766 of the bam file
2026-03-08 14:06:37,800 - WARNING - Not found cell and umi barcode in entry 767 of the bam file
2026-03-08 14:06:37,800 - WARNING - Not found cell and umi barcode in entry 768 of the bam file
2026-03-08 14:06:37,800 - WARNING - Not found cell and umi barcode in entry 769 of the bam file
2026-03-08 14:06:37,800 - WARNING - Not found cell and umi barcode in entry 770 of the bam file
2026-03-08 14:06:37,800 - WARNING - Not found cell and umi barcode in entry 771 of the bam file
2026-03-08 14:06:37,800 - WARNING - Not found cell and umi barcode in entry 772 of the bam file
2026-03-08 14:06:37,800 - WARNING - Not found cell and umi barcode in entry 773 of the bam file
2026-03-08 14:06:37,800 - WARNING - Not found cell and umi barcode in entry 774 of the bam file
2026-03-08 14:06:37,800 - WARNING - Not found cell and umi barcode in entry 775 of the bam file
2026-03-08 14:06:37,800 - WARNING - Not found cell and umi barcode in entry 776 of the bam file
2026-03-08 14:06:37,800 - WARNING - Not found cell and umi barcode in entry 777 of the bam file
2026-03-08 14:06:37,800 - WARNING - Not found cell and umi barcode in entry 778 of the bam file
2026-03-08 14:06:37,800 - WARNING - Not found cell and umi barcode in entry 779 of the bam file
2026-03-08 14:06:37,800 - WARNING - Not found cell and umi barcode in entry 780 of the bam file
2026-03-08 14:06:37,800 - WARNING - Not found cell and umi barcode in entry 781 of the bam file
2026-03-08 14:06:37,800 - WARNING - Not found cell and umi barcode in entry 782 of the bam file
2026-03-08 14:06:37,800 - WARNING - Not found cell and umi barcode in entry 783 of the bam file
2026-03-08 14:06:37,800 - WARNING - Not found cell and umi barcode in entry 784 of the bam file
2026-03-08 14:06:37,800 - WARNING - Not found cell and umi barcode in entry 785 of the bam file
2026-03-08 14:06:37,800 - WARNING - Not found cell and umi barcode in entry 786 of the bam file
2026-03-08 14:06:37,800 - WARNING - Not found cell and umi barcode in entry 787 of the bam file
2026-03-08 14:06:37,800 - WARNING - Not found cell and umi barcode in entry 788 of the bam file
2026-03-08 14:06:37,800 - WARNING - Not found cell and umi barcode in entry 789 of the bam file
2026-03-08 14:06:37,800 - WARNING - Not found cell and umi barcode in entry 790 of the bam file
2026-03-08 14:06:37,800 - WARNING - Not found cell and umi barcode in entry 791 of the bam file
2026-03-08 14:06:37,800 - WARNING - Not found cell and umi barcode in entry 792 of the bam file
2026-03-08 14:06:37,800 - WARNING - Not found cell and umi barcode in entry 793 of the bam file
2026-03-08 14:06:37,800 - WARNING - Not found cell and umi barcode in entry 794 of the bam file
2026-03-08 14:06:37,800 - WARNING - Not found cell and umi barcode in entry 795 of the bam file
2026-03-08 14:06:37,800 - WARNING - Not found cell and umi barcode in entry 796 of the bam file
2026-03-08 14:06:37,800 - WARNING - Not found cell and umi barcode in entry 797 of the bam file
2026-03-08 14:06:37,800 - WARNING - Not found cell and umi barcode in entry 798 of the bam file
2026-03-08 14:06:37,800 - WARNING - Not found cell and umi barcode in entry 799 of the bam file
2026-03-08 14:06:37,800 - WARNING - Not found cell and umi barcode in entry 800 of the bam file
2026-03-08 14:06:37,800 - WARNING - Not found cell and umi barcode in entry 801 of the bam file
2026-03-08 14:06:37,800 - WARNING - Not found cell and umi barcode in entry 802 of the bam file
2026-03-08 14:06:37,800 - WARNING - Not found cell and umi barcode in entry 803 of the bam file
2026-03-08 14:06:37,800 - WARNING - Not found cell and umi barcode in entry 804 of the bam file
2026-03-08 14:06:37,800 - WARNING - Not found cell and umi barcode in entry 805 of the bam file
2026-03-08 14:06:37,800 - WARNING - Not found cell and umi barcode in entry 806 of the bam file
2026-03-08 14:06:37,800 - WARNING - Not found cell and umi barcode in entry 807 of the bam file
2026-03-08 14:06:37,800 - WARNING - Not found cell and umi barcode in entry 808 of the bam file
2026-03-08 14:06:37,800 - WARNING - Not found cell and umi barcode in entry 809 of the bam file
2026-03-08 14:06:37,801 - WARNING - Not found cell and umi barcode in entry 810 of the bam file
2026-03-08 14:06:37,801 - WARNING - Not found cell and umi barcode in entry 811 of the bam file
2026-03-08 14:06:37,801 - WARNING - Not found cell and umi barcode in entry 812 of the bam file
2026-03-08 14:06:37,801 - WARNING - Not found cell and umi barcode in entry 813 of the bam file
2026-03-08 14:06:37,801 - WARNING - Not found cell and umi barcode in entry 814 of the bam file
2026-03-08 14:06:37,801 - WARNING - Not found cell and umi barcode in entry 815 of the bam file
2026-03-08 14:06:37,801 - WARNING - Not found cell and umi barcode in entry 816 of the bam file
2026-03-08 14:06:37,801 - WARNING - Not found cell and umi barcode in entry 817 of the bam file
2026-03-08 14:06:37,801 - WARNING - Not found cell and umi barcode in entry 818 of the bam file
2026-03-08 14:06:37,801 - WARNING - Not found cell and umi barcode in entry 819 of the bam file
2026-03-08 14:06:37,801 - WARNING - Not found cell and umi barcode in entry 820 of the bam file
2026-03-08 14:06:37,801 - WARNING - Not found cell and umi barcode in entry 821 of the bam file
2026-03-08 14:06:37,801 - WARNING - Not found cell and umi barcode in entry 822 of the bam file
2026-03-08 14:06:37,801 - WARNING - Not found cell and umi barcode in entry 823 of the bam file
2026-03-08 14:06:37,801 - WARNING - Not found cell and umi barcode in entry 824 of the bam file
2026-03-08 14:06:37,801 - WARNING - Not found cell and umi barcode in entry 825 of the bam file
2026-03-08 14:06:37,801 - WARNING - Not found cell and umi barcode in entry 826 of the bam file
2026-03-08 14:06:37,801 - WARNING - Not found cell and umi barcode in entry 827 of the bam file
2026-03-08 14:06:37,801 - WARNING - Not found cell and umi barcode in entry 828 of the bam file
2026-03-08 14:06:37,801 - WARNING - Not found cell and umi barcode in entry 829 of the bam file
2026-03-08 14:06:37,801 - WARNING - Not found cell and umi barcode in entry 830 of the bam file
2026-03-08 14:06:37,801 - WARNING - Not found cell and umi barcode in entry 831 of the bam file
2026-03-08 14:06:37,801 - WARNING - Not found cell and umi barcode in entry 832 of the bam file
2026-03-08 14:06:37,801 - WARNING - Not found cell and umi barcode in entry 833 of the bam file
2026-03-08 14:06:37,801 - WARNING - Not found cell and umi barcode in entry 834 of the bam file
2026-03-08 14:06:37,801 - WARNING - Not found cell and umi barcode in entry 835 of the bam file
2026-03-08 14:06:37,801 - WARNING - Not found cell and umi barcode in entry 836 of the bam file
2026-03-08 14:06:37,801 - WARNING - Not found cell and umi barcode in entry 837 of the bam file
2026-03-08 14:06:37,801 - WARNING - Not found cell and umi barcode in entry 838 of the bam file
2026-03-08 14:06:37,801 - WARNING - Not found cell and umi barcode in entry 839 of the bam file
2026-03-08 14:06:37,801 - WARNING - Not found cell and umi barcode in entry 840 of the bam file
2026-03-08 14:06:37,801 - WARNING - Not found cell and umi barcode in entry 841 of the bam file
2026-03-08 14:06:37,801 - WARNING - Not found cell and umi barcode in entry 842 of the bam file
2026-03-08 14:06:37,801 - WARNING - Not found cell and umi barcode in entry 843 of the bam file
2026-03-08 14:06:37,801 - WARNING - Not found cell and umi barcode in entry 844 of the bam file
2026-03-08 14:06:37,801 - WARNING - Not found cell and umi barcode in entry 845 of the bam file
2026-03-08 14:06:37,801 - WARNING - Not found cell and umi barcode in entry 846 of the bam file
2026-03-08 14:06:37,801 - WARNING - Not found cell and umi barcode in entry 847 of the bam file
2026-03-08 14:06:37,801 - WARNING - Not found cell and umi barcode in entry 848 of the bam file
2026-03-08 14:06:37,801 - WARNING - Not found cell and umi barcode in entry 849 of the bam file
2026-03-08 14:06:37,801 - WARNING - Not found cell and umi barcode in entry 850 of the bam file
2026-03-08 14:06:37,801 - WARNING - Not found cell and umi barcode in entry 851 of the bam file
2026-03-08 14:06:37,801 - WARNING - Not found cell and umi barcode in entry 852 of the bam file
2026-03-08 14:06:37,801 - WARNING - Not found cell and umi barcode in entry 853 of the bam file
2026-03-08 14:06:37,801 - WARNING - Not found cell and umi barcode in entry 854 of the bam file
2026-03-08 14:06:37,801 - WARNING - Not found cell and umi barcode in entry 855 of the bam file
2026-03-08 14:06:37,801 - WARNING - Not found cell and umi barcode in entry 856 of the bam file
2026-03-08 14:06:37,801 - WARNING - Not found cell and umi barcode in entry 857 of the bam file
2026-03-08 14:06:37,801 - WARNING - Not found cell and umi barcode in entry 858 of the bam file
2026-03-08 14:06:37,801 - WARNING - Not found cell and umi barcode in entry 859 of the bam file
2026-03-08 14:06:37,802 - WARNING - Not found cell and umi barcode in entry 860 of the bam file
2026-03-08 14:06:37,802 - WARNING - Not found cell and umi barcode in entry 861 of the bam file
2026-03-08 14:06:37,802 - WARNING - Not found cell and umi barcode in entry 862 of the bam file
2026-03-08 14:06:37,802 - WARNING - Not found cell and umi barcode in entry 863 of the bam file
2026-03-08 14:06:37,802 - WARNING - Not found cell and umi barcode in entry 864 of the bam file
2026-03-08 14:06:37,802 - WARNING - Not found cell and umi barcode in entry 865 of the bam file
2026-03-08 14:06:37,802 - WARNING - Not found cell and umi barcode in entry 866 of the bam file
2026-03-08 14:06:37,802 - WARNING - Not found cell and umi barcode in entry 867 of the bam file
2026-03-08 14:06:37,802 - WARNING - Not found cell and umi barcode in entry 868 of the bam file
2026-03-08 14:06:37,802 - WARNING - Not found cell and umi barcode in entry 869 of the bam file
2026-03-08 14:06:37,802 - WARNING - Not found cell and umi barcode in entry 870 of the bam file
2026-03-08 14:06:37,802 - WARNING - Not found cell and umi barcode in entry 871 of the bam file
2026-03-08 14:06:37,802 - WARNING - Not found cell and umi barcode in entry 872 of the bam file
2026-03-08 14:06:37,802 - WARNING - Not found cell and umi barcode in entry 873 of the bam file
2026-03-08 14:06:37,802 - WARNING - Not found cell and umi barcode in entry 874 of the bam file
2026-03-08 14:06:37,802 - WARNING - Not found cell and umi barcode in entry 875 of the bam file
2026-03-08 14:06:37,802 - WARNING - Not found cell and umi barcode in entry 876 of the bam file
2026-03-08 14:06:37,802 - WARNING - Not found cell and umi barcode in entry 877 of the bam file
2026-03-08 14:06:37,802 - WARNING - Not found cell and umi barcode in entry 878 of the bam file
2026-03-08 14:06:37,802 - WARNING - Not found cell and umi barcode in entry 879 of the bam file
2026-03-08 14:06:37,802 - WARNING - Not found cell and umi barcode in entry 880 of the bam file
2026-03-08 14:06:37,802 - WARNING - Not found cell and umi barcode in entry 881 of the bam file
2026-03-08 14:06:37,802 - WARNING - Not found cell and umi barcode in entry 882 of the bam file
2026-03-08 14:06:37,802 - WARNING - Not found cell and umi barcode in entry 883 of the bam file
2026-03-08 14:06:37,802 - WARNING - Not found cell and umi barcode in entry 884 of the bam file
2026-03-08 14:06:37,802 - WARNING - Not found cell and umi barcode in entry 885 of the bam file
2026-03-08 14:06:37,802 - WARNING - Not found cell and umi barcode in entry 886 of the bam file
2026-03-08 14:06:37,802 - WARNING - Not found cell and umi barcode in entry 887 of the bam file
2026-03-08 14:06:37,802 - WARNING - Not found cell and umi barcode in entry 888 of the bam file
2026-03-08 14:06:37,802 - WARNING - Not found cell and umi barcode in entry 889 of the bam file
2026-03-08 14:06:37,802 - WARNING - Not found cell and umi barcode in entry 890 of the bam file
2026-03-08 14:06:37,802 - WARNING - Not found cell and umi barcode in entry 891 of the bam file
2026-03-08 14:06:37,802 - WARNING - Not found cell and umi barcode in entry 892 of the bam file
2026-03-08 14:06:37,802 - WARNING - Not found cell and umi barcode in entry 893 of the bam file
2026-03-08 14:06:37,802 - WARNING - Not found cell and umi barcode in entry 894 of the bam file
2026-03-08 14:06:37,802 - WARNING - Not found cell and umi barcode in entry 895 of the bam file
2026-03-08 14:06:37,802 - WARNING - Not found cell and umi barcode in entry 896 of the bam file
2026-03-08 14:06:37,802 - WARNING - Not found cell and umi barcode in entry 897 of the bam file
2026-03-08 14:06:37,802 - WARNING - Not found cell and umi barcode in entry 898 of the bam file
2026-03-08 14:06:37,802 - WARNING - Not found cell and umi barcode in entry 899 of the bam file
2026-03-08 14:06:37,802 - WARNING - Not found cell and umi barcode in entry 900 of the bam file
2026-03-08 14:06:37,802 - WARNING - Not found cell and umi barcode in entry 901 of the bam file
2026-03-08 14:06:37,802 - WARNING - Not found cell and umi barcode in entry 902 of the bam file
2026-03-08 14:06:37,802 - WARNING - Not found cell and umi barcode in entry 903 of the bam file
2026-03-08 14:06:37,802 - WARNING - Not found cell and umi barcode in entry 904 of the bam file
2026-03-08 14:06:37,803 - WARNING - Not found cell and umi barcode in entry 905 of the bam file
2026-03-08 14:06:37,803 - WARNING - Not found cell and umi barcode in entry 906 of the bam file
2026-03-08 14:06:37,803 - WARNING - Not found cell and umi barcode in entry 907 of the bam file
2026-03-08 14:06:37,803 - WARNING - Not found cell and umi barcode in entry 908 of the bam file
2026-03-08 14:06:37,803 - WARNING - Not found cell and umi barcode in entry 909 of the bam file
2026-03-08 14:06:37,803 - WARNING - Not found cell and umi barcode in entry 910 of the bam file
2026-03-08 14:06:37,803 - WARNING - Not found cell and umi barcode in entry 911 of the bam file
2026-03-08 14:06:37,803 - WARNING - Not found cell and umi barcode in entry 912 of the bam file
2026-03-08 14:06:37,803 - WARNING - Not found cell and umi barcode in entry 913 of the bam file
2026-03-08 14:06:37,803 - WARNING - Not found cell and umi barcode in entry 914 of the bam file
2026-03-08 14:06:37,803 - WARNING - Not found cell and umi barcode in entry 915 of the bam file
2026-03-08 14:06:37,803 - WARNING - Not found cell and umi barcode in entry 916 of the bam file
2026-03-08 14:06:37,803 - WARNING - Not found cell and umi barcode in entry 917 of the bam file
2026-03-08 14:06:37,803 - WARNING - Not found cell and umi barcode in entry 918 of the bam file
2026-03-08 14:06:37,803 - WARNING - Not found cell and umi barcode in entry 919 of the bam file
2026-03-08 14:06:37,803 - WARNING - Not found cell and umi barcode in entry 920 of the bam file
2026-03-08 14:06:37,803 - WARNING - Not found cell and umi barcode in entry 921 of the bam file
2026-03-08 14:06:37,803 - WARNING - Not found cell and umi barcode in entry 922 of the bam file
2026-03-08 14:06:37,803 - WARNING - Not found cell and umi barcode in entry 923 of the bam file
2026-03-08 14:06:37,803 - WARNING - Not found cell and umi barcode in entry 924 of the bam file
2026-03-08 14:06:37,803 - WARNING - Not found cell and umi barcode in entry 925 of the bam file
2026-03-08 14:06:37,803 - WARNING - Not found cell and umi barcode in entry 926 of the bam file
2026-03-08 14:06:37,803 - WARNING - Not found cell and umi barcode in entry 927 of the bam file
2026-03-08 14:06:37,803 - WARNING - Not found cell and umi barcode in entry 928 of the bam file
2026-03-08 14:06:37,803 - WARNING - Not found cell and umi barcode in entry 929 of the bam file
2026-03-08 14:06:37,803 - WARNING - Not found cell and umi barcode in entry 930 of the bam file
2026-03-08 14:06:37,803 - WARNING - Not found cell and umi barcode in entry 931 of the bam file
2026-03-08 14:06:37,803 - WARNING - Not found cell and umi barcode in entry 932 of the bam file
2026-03-08 14:06:37,803 - WARNING - Not found cell and umi barcode in entry 933 of the bam file
2026-03-08 14:06:37,803 - WARNING - Not found cell and umi barcode in entry 934 of the bam file
2026-03-08 14:06:37,803 - WARNING - Not found cell and umi barcode in entry 935 of the bam file
2026-03-08 14:06:37,803 - WARNING - Not found cell and umi barcode in entry 936 of the bam file
2026-03-08 14:06:37,803 - WARNING - Not found cell and umi barcode in entry 937 of the bam file
2026-03-08 14:06:37,803 - WARNING - Not found cell and umi barcode in entry 938 of the bam file
2026-03-08 14:06:37,803 - WARNING - Not found cell and umi barcode in entry 939 of the bam file
2026-03-08 14:06:37,803 - WARNING - Not found cell and umi barcode in entry 940 of the bam file
2026-03-08 14:06:37,803 - WARNING - Not found cell and umi barcode in entry 941 of the bam file
2026-03-08 14:06:37,803 - WARNING - Not found cell and umi barcode in entry 942 of the bam file
2026-03-08 14:06:37,803 - WARNING - Not found cell and umi barcode in entry 943 of the bam file
2026-03-08 14:06:37,803 - WARNING - Not found cell and umi barcode in entry 944 of the bam file
2026-03-08 14:06:37,803 - WARNING - Not found cell and umi barcode in entry 945 of the bam file
2026-03-08 14:06:37,803 - WARNING - Not found cell and umi barcode in entry 946 of the bam file
2026-03-08 14:06:37,803 - WARNING - Not found cell and umi barcode in entry 947 of the bam file
2026-03-08 14:06:37,803 - WARNING - Not found cell and umi barcode in entry 948 of the bam file
2026-03-08 14:06:37,803 - WARNING - Not found cell and umi barcode in entry 949 of the bam file
2026-03-08 14:06:37,803 - WARNING - Not found cell and umi barcode in entry 950 of the bam file
2026-03-08 14:06:37,803 - WARNING - Not found cell and umi barcode in entry 951 of the bam file
2026-03-08 14:06:37,803 - WARNING - Not found cell and umi barcode in entry 952 of the bam file
2026-03-08 14:06:37,803 - WARNING - Not found cell and umi barcode in entry 953 of the bam file
2026-03-08 14:06:37,803 - WARNING - Not found cell and umi barcode in entry 954 of the bam file
2026-03-08 14:06:37,804 - WARNING - Not found cell and umi barcode in entry 955 of the bam file
2026-03-08 14:06:37,804 - WARNING - Not found cell and umi barcode in entry 956 of the bam file
2026-03-08 14:06:37,804 - WARNING - Not found cell and umi barcode in entry 957 of the bam file
2026-03-08 14:06:37,804 - WARNING - Not found cell and umi barcode in entry 958 of the bam file
2026-03-08 14:06:37,804 - WARNING - Not found cell and umi barcode in entry 959 of the bam file
2026-03-08 14:06:37,804 - WARNING - Not found cell and umi barcode in entry 960 of the bam file
2026-03-08 14:06:37,804 - WARNING - Not found cell and umi barcode in entry 961 of the bam file
2026-03-08 14:06:37,804 - WARNING - Not found cell and umi barcode in entry 962 of the bam file
2026-03-08 14:06:37,804 - WARNING - Not found cell and umi barcode in entry 963 of the bam file
2026-03-08 14:06:37,804 - WARNING - Not found cell and umi barcode in entry 964 of the bam file
2026-03-08 14:06:37,804 - WARNING - Not found cell and umi barcode in entry 965 of the bam file
2026-03-08 14:06:37,804 - WARNING - Not found cell and umi barcode in entry 966 of the bam file
2026-03-08 14:06:37,804 - WARNING - Not found cell and umi barcode in entry 967 of the bam file
2026-03-08 14:06:37,804 - WARNING - Not found cell and umi barcode in entry 968 of the bam file
2026-03-08 14:06:37,804 - WARNING - Not found cell and umi barcode in entry 969 of the bam file
2026-03-08 14:06:37,804 - WARNING - Not found cell and umi barcode in entry 970 of the bam file
2026-03-08 14:06:37,804 - WARNING - Not found cell and umi barcode in entry 971 of the bam file
2026-03-08 14:06:37,804 - WARNING - Not found cell and umi barcode in entry 972 of the bam file
2026-03-08 14:06:37,804 - WARNING - Not found cell and umi barcode in entry 973 of the bam file
2026-03-08 14:06:37,804 - WARNING - Not found cell and umi barcode in entry 974 of the bam file
2026-03-08 14:06:37,804 - WARNING - Not found cell and umi barcode in entry 975 of the bam file
2026-03-08 14:06:37,804 - WARNING - Not found cell and umi barcode in entry 976 of the bam file
2026-03-08 14:06:37,804 - WARNING - Not found cell and umi barcode in entry 977 of the bam file
2026-03-08 14:06:37,804 - WARNING - Not found cell and umi barcode in entry 978 of the bam file
2026-03-08 14:06:37,804 - WARNING - Not found cell and umi barcode in entry 979 of the bam file
2026-03-08 14:06:37,804 - WARNING - Not found cell and umi barcode in entry 980 of the bam file
2026-03-08 14:06:37,804 - WARNING - Not found cell and umi barcode in entry 981 of the bam file
2026-03-08 14:06:37,804 - WARNING - Not found cell and umi barcode in entry 982 of the bam file
2026-03-08 14:06:37,804 - WARNING - Not found cell and umi barcode in entry 983 of the bam file
2026-03-08 14:06:37,804 - WARNING - Not found cell and umi barcode in entry 984 of the bam file
2026-03-08 14:06:37,804 - WARNING - Not found cell and umi barcode in entry 985 of the bam file
2026-03-08 14:06:37,804 - WARNING - Not found cell and umi barcode in entry 986 of the bam file
2026-03-08 14:06:37,804 - WARNING - Not found cell and umi barcode in entry 987 of the bam file
2026-03-08 14:06:37,804 - WARNING - Not found cell and umi barcode in entry 988 of the bam file
2026-03-08 14:06:37,804 - WARNING - Not found cell and umi barcode in entry 989 of the bam file
2026-03-08 14:06:37,804 - WARNING - Not found cell and umi barcode in entry 990 of the bam file
2026-03-08 14:06:37,804 - WARNING - Not found cell and umi barcode in entry 991 of the bam file
2026-03-08 14:06:37,804 - WARNING - Not found cell and umi barcode in entry 992 of the bam file
2026-03-08 14:06:37,804 - WARNING - Not found cell and umi barcode in entry 993 of the bam file
2026-03-08 14:06:37,804 - WARNING - Not found cell and umi barcode in entry 994 of the bam file
2026-03-08 14:06:37,804 - WARNING - Not found cell and umi barcode in entry 995 of the bam file
2026-03-08 14:06:37,804 - WARNING - Not found cell and umi barcode in entry 996 of the bam file
2026-03-08 14:06:37,804 - WARNING - Not found cell and umi barcode in entry 997 of the bam file
2026-03-08 14:06:37,804 - WARNING - Not found cell and umi barcode in entry 998 of the bam file
2026-03-08 14:06:37,804 - WARNING - Not found cell and umi barcode in entry 999 of the bam file
2026-03-08 14:06:37,804 - WARNING - Not found cell and umi barcode in entry 1000 of the bam file
2026-03-08 14:06:37,804 - WARNING - Not found cell and umi barcode in entry 1001 of the bam file
2026-03-08 14:06:37,804 - WARNING - Not found cell and umi barcode in entry 1002 of the bam file
2026-03-08 14:06:37,804 - WARNING - Not found cell and umi barcode in entry 1003 of the bam file
2026-03-08 14:06:37,805 - WARNING - Not found cell and umi barcode in entry 1004 of the bam file
2026-03-08 14:06:37,805 - WARNING - Not found cell and umi barcode in entry 1005 of the bam file
2026-03-08 14:06:37,805 - WARNING - Not found cell and umi barcode in entry 1006 of the bam file
2026-03-08 14:06:37,805 - WARNING - Not found cell and umi barcode in entry 1007 of the bam file
2026-03-08 14:06:37,805 - WARNING - Not found cell and umi barcode in entry 1008 of the bam file
2026-03-08 14:06:37,805 - WARNING - Not found cell and umi barcode in entry 1009 of the bam file
2026-03-08 14:06:37,805 - WARNING - Not found cell and umi barcode in entry 1010 of the bam file
2026-03-08 14:06:37,805 - WARNING - Not found cell and umi barcode in entry 1011 of the bam file
2026-03-08 14:06:37,805 - WARNING - Not found cell and umi barcode in entry 1012 of the bam file
2026-03-08 14:06:37,805 - WARNING - Not found cell and umi barcode in entry 1013 of the bam file
2026-03-08 14:06:37,805 - WARNING - Not found cell and umi barcode in entry 1014 of the bam file
2026-03-08 14:06:37,805 - WARNING - Not found cell and umi barcode in entry 1015 of the bam file
2026-03-08 14:06:37,805 - WARNING - Not found cell and umi barcode in entry 1016 of the bam file
2026-03-08 14:06:37,805 - WARNING - Not found cell and umi barcode in entry 1017 of the bam file
2026-03-08 14:06:37,805 - WARNING - Not found cell and umi barcode in entry 1018 of the bam file
2026-03-08 14:06:37,805 - WARNING - Not found cell and umi barcode in entry 1019 of the bam file
2026-03-08 14:06:37,805 - WARNING - Not found cell and umi barcode in entry 1020 of the bam file
2026-03-08 14:06:37,805 - WARNING - Not found cell and umi barcode in entry 1021 of the bam file
2026-03-08 14:06:37,805 - WARNING - Not found cell and umi barcode in entry 1022 of the bam file
2026-03-08 14:06:37,805 - WARNING - Not found cell and umi barcode in entry 1023 of the bam file
2026-03-08 14:06:37,805 - WARNING - Not found cell and umi barcode in entry 1024 of the bam file
2026-03-08 14:06:37,805 - WARNING - Not found cell and umi barcode in entry 1025 of the bam file
2026-03-08 14:06:37,805 - WARNING - Not found cell and umi barcode in entry 1026 of the bam file
2026-03-08 14:06:37,805 - WARNING - Not found cell and umi barcode in entry 1027 of the bam file
2026-03-08 14:06:37,805 - WARNING - Not found cell and umi barcode in entry 1028 of the bam file
2026-03-08 14:06:37,805 - WARNING - Not found cell and umi barcode in entry 1029 of the bam file
2026-03-08 14:06:37,805 - WARNING - Not found cell and umi barcode in entry 1030 of the bam file
2026-03-08 14:06:37,805 - WARNING - Not found cell and umi barcode in entry 1031 of the bam file
2026-03-08 14:06:37,805 - WARNING - Not found cell and umi barcode in entry 1032 of the bam file
2026-03-08 14:06:37,805 - WARNING - Not found cell and umi barcode in entry 1033 of the bam file
2026-03-08 14:06:37,805 - WARNING - Not found cell and umi barcode in entry 1034 of the bam file
2026-03-08 14:06:37,805 - WARNING - Not found cell and umi barcode in entry 1035 of the bam file
2026-03-08 14:06:37,805 - WARNING - Not found cell and umi barcode in entry 1036 of the bam file
2026-03-08 14:06:37,805 - WARNING - Not found cell and umi barcode in entry 1037 of the bam file
2026-03-08 14:06:37,805 - WARNING - Not found cell and umi barcode in entry 1038 of the bam file
2026-03-08 14:06:37,805 - WARNING - Not found cell and umi barcode in entry 1039 of the bam file
2026-03-08 14:06:37,805 - WARNING - Not found cell and umi barcode in entry 1040 of the bam file
2026-03-08 14:06:37,805 - WARNING - Not found cell and umi barcode in entry 1041 of the bam file
2026-03-08 14:06:37,805 - WARNING - Not found cell and umi barcode in entry 1042 of the bam file
2026-03-08 14:06:37,805 - WARNING - Not found cell and umi barcode in entry 1043 of the bam file
2026-03-08 14:06:37,805 - WARNING - Not found cell and umi barcode in entry 1044 of the bam file
2026-03-08 14:06:37,805 - WARNING - Not found cell and umi barcode in entry 1045 of the bam file
2026-03-08 14:06:37,805 - WARNING - Not found cell and umi barcode in entry 1046 of the bam file
2026-03-08 14:06:37,805 - WARNING - Not found cell and umi barcode in entry 1047 of the bam file
2026-03-08 14:06:37,805 - WARNING - Not found cell and umi barcode in entry 1048 of the bam file
2026-03-08 14:06:37,805 - WARNING - Not found cell and umi barcode in entry 1049 of the bam file
2026-03-08 14:06:37,805 - WARNING - Not found cell and umi barcode in entry 1050 of the bam file
2026-03-08 14:06:37,805 - WARNING - Not found cell and umi barcode in entry 1051 of the bam file
2026-03-08 14:06:37,805 - WARNING - Not found cell and umi barcode in entry 1052 of the bam file
2026-03-08 14:06:37,805 - WARNING - Not found cell and umi barcode in entry 1053 of the bam file
2026-03-08 14:06:37,806 - WARNING - Not found cell and umi barcode in entry 1054 of the bam file
2026-03-08 14:06:37,806 - WARNING - Not found cell and umi barcode in entry 1055 of the bam file
2026-03-08 14:06:37,806 - WARNING - Not found cell and umi barcode in entry 1056 of the bam file
2026-03-08 14:06:37,806 - WARNING - Not found cell and umi barcode in entry 1057 of the bam file
2026-03-08 14:06:37,806 - WARNING - Not found cell and umi barcode in entry 1058 of the bam file
2026-03-08 14:06:37,806 - WARNING - Not found cell and umi barcode in entry 1059 of the bam file
2026-03-08 14:06:37,806 - WARNING - Not found cell and umi barcode in entry 1060 of the bam file
2026-03-08 14:06:37,806 - WARNING - Not found cell and umi barcode in entry 1061 of the bam file
2026-03-08 14:06:37,806 - WARNING - Not found cell and umi barcode in entry 1062 of the bam file
2026-03-08 14:06:37,806 - WARNING - Not found cell and umi barcode in entry 1063 of the bam file
2026-03-08 14:06:37,806 - WARNING - Not found cell and umi barcode in entry 1064 of the bam file
2026-03-08 14:06:37,806 - WARNING - Not found cell and umi barcode in entry 1065 of the bam file
2026-03-08 14:06:37,806 - WARNING - Not found cell and umi barcode in entry 1066 of the bam file
2026-03-08 14:06:37,806 - WARNING - Not found cell and umi barcode in entry 1067 of the bam file
2026-03-08 14:06:37,806 - WARNING - Not found cell and umi barcode in entry 1068 of the bam file
2026-03-08 14:06:37,806 - WARNING - Not found cell and umi barcode in entry 1069 of the bam file
2026-03-08 14:06:37,806 - WARNING - Not found cell and umi barcode in entry 1070 of the bam file
2026-03-08 14:06:37,806 - WARNING - Not found cell and umi barcode in entry 1071 of the bam file
2026-03-08 14:06:37,806 - WARNING - Not found cell and umi barcode in entry 1072 of the bam file
2026-03-08 14:06:37,806 - WARNING - Not found cell and umi barcode in entry 1073 of the bam file
2026-03-08 14:06:37,806 - WARNING - Not found cell and umi barcode in entry 1074 of the bam file
2026-03-08 14:06:37,806 - WARNING - Not found cell and umi barcode in entry 1075 of the bam file
2026-03-08 14:06:37,806 - WARNING - Not found cell and umi barcode in entry 1076 of the bam file
2026-03-08 14:06:37,806 - WARNING - Not found cell and umi barcode in entry 1077 of the bam file
2026-03-08 14:06:37,806 - WARNING - Not found cell and umi barcode in entry 1078 of the bam file
2026-03-08 14:06:37,806 - WARNING - Not found cell and umi barcode in entry 1079 of the bam file
2026-03-08 14:06:37,806 - WARNING - Not found cell and umi barcode in entry 1080 of the bam file
2026-03-08 14:06:37,806 - WARNING - Not found cell and umi barcode in entry 1081 of the bam file
2026-03-08 14:06:37,806 - WARNING - Not found cell and umi barcode in entry 1082 of the bam file
2026-03-08 14:06:37,806 - WARNING - Not found cell and umi barcode in entry 1083 of the bam file
2026-03-08 14:06:37,806 - WARNING - Not found cell and umi barcode in entry 1084 of the bam file
2026-03-08 14:06:37,806 - WARNING - Not found cell and umi barcode in entry 1085 of the bam file
2026-03-08 14:06:37,806 - WARNING - Not found cell and umi barcode in entry 1086 of the bam file
2026-03-08 14:06:37,806 - WARNING - Not found cell and umi barcode in entry 1087 of the bam file
2026-03-08 14:06:37,806 - WARNING - Not found cell and umi barcode in entry 1088 of the bam file
2026-03-08 14:06:37,806 - WARNING - Not found cell and umi barcode in entry 1089 of the bam file
2026-03-08 14:06:37,806 - WARNING - Not found cell and umi barcode in entry 1090 of the bam file
2026-03-08 14:06:37,806 - WARNING - Not found cell and umi barcode in entry 1091 of the bam file
2026-03-08 14:06:37,806 - WARNING - Not found cell and umi barcode in entry 1092 of the bam file
2026-03-08 14:06:37,806 - WARNING - Not found cell and umi barcode in entry 1093 of the bam file
2026-03-08 14:06:37,806 - WARNING - Not found cell and umi barcode in entry 1094 of the bam file
2026-03-08 14:06:37,806 - WARNING - Not found cell and umi barcode in entry 1095 of the bam file
2026-03-08 14:06:37,806 - WARNING - Not found cell and umi barcode in entry 1096 of the bam file
2026-03-08 14:06:37,806 - WARNING - Not found cell and umi barcode in entry 1097 of the bam file
2026-03-08 14:06:37,806 - WARNING - Not found cell and umi barcode in entry 1098 of the bam file
2026-03-08 14:06:37,806 - WARNING - Not found cell and umi barcode in entry 1099 of the bam file
2026-03-08 14:06:37,806 - WARNING - Not found cell and umi barcode in entry 1100 of the bam file
2026-03-08 14:06:37,807 - WARNING - Not found cell and umi barcode in entry 1101 of the bam file
2026-03-08 14:06:37,807 - WARNING - Not found cell and umi barcode in entry 1102 of the bam file
2026-03-08 14:06:37,807 - WARNING - Not found cell and umi barcode in entry 1103 of the bam file
2026-03-08 14:06:37,807 - WARNING - Not found cell and umi barcode in entry 1104 of the bam file
2026-03-08 14:06:37,807 - WARNING - Not found cell and umi barcode in entry 1105 of the bam file
2026-03-08 14:06:37,807 - WARNING - Not found cell and umi barcode in entry 1106 of the bam file
2026-03-08 14:06:37,807 - WARNING - Not found cell and umi barcode in entry 1107 of the bam file
2026-03-08 14:06:37,807 - WARNING - Not found cell and umi barcode in entry 1108 of the bam file
2026-03-08 14:06:37,807 - WARNING - Not found cell and umi barcode in entry 1109 of the bam file
2026-03-08 14:06:37,807 - WARNING - Not found cell and umi barcode in entry 1110 of the bam file
2026-03-08 14:06:37,807 - WARNING - Not found cell and umi barcode in entry 1111 of the bam file
2026-03-08 14:06:37,807 - WARNING - Not found cell and umi barcode in entry 1112 of the bam file
2026-03-08 14:06:37,807 - WARNING - Not found cell and umi barcode in entry 1113 of the bam file
2026-03-08 14:06:37,807 - WARNING - Not found cell and umi barcode in entry 1114 of the bam file
2026-03-08 14:06:37,807 - WARNING - Not found cell and umi barcode in entry 1115 of the bam file
2026-03-08 14:06:37,807 - WARNING - Not found cell and umi barcode in entry 1116 of the bam file
2026-03-08 14:06:37,807 - WARNING - Not found cell and umi barcode in entry 1117 of the bam file
2026-03-08 14:06:37,807 - WARNING - Not found cell and umi barcode in entry 1118 of the bam file
2026-03-08 14:06:37,807 - WARNING - Not found cell and umi barcode in entry 1119 of the bam file
2026-03-08 14:06:37,807 - WARNING - Not found cell and umi barcode in entry 1120 of the bam file
2026-03-08 14:06:37,807 - WARNING - Not found cell and umi barcode in entry 1121 of the bam file
2026-03-08 14:06:37,807 - WARNING - Not found cell and umi barcode in entry 1122 of the bam file
2026-03-08 14:06:37,807 - WARNING - Not found cell and umi barcode in entry 1123 of the bam file
2026-03-08 14:06:37,807 - WARNING - Not found cell and umi barcode in entry 1124 of the bam file
2026-03-08 14:06:37,807 - WARNING - Not found cell and umi barcode in entry 1125 of the bam file
2026-03-08 14:06:37,807 - WARNING - Not found cell and umi barcode in entry 1126 of the bam file
2026-03-08 14:06:37,807 - WARNING - Not found cell and umi barcode in entry 1127 of the bam file
2026-03-08 14:06:37,807 - WARNING - Not found cell and umi barcode in entry 1128 of the bam file
2026-03-08 14:06:37,807 - WARNING - Not found cell and umi barcode in entry 1129 of the bam file
2026-03-08 14:06:37,807 - WARNING - Not found cell and umi barcode in entry 1130 of the bam file
2026-03-08 14:06:37,807 - WARNING - Not found cell and umi barcode in entry 1131 of the bam file
2026-03-08 14:06:37,807 - WARNING - Not found cell and umi barcode in entry 1132 of the bam file
2026-03-08 14:06:37,807 - WARNING - Not found cell and umi barcode in entry 1133 of the bam file
2026-03-08 14:06:37,807 - WARNING - Not found cell and umi barcode in entry 1134 of the bam file
2026-03-08 14:06:37,807 - WARNING - Not found cell and umi barcode in entry 1135 of the bam file
2026-03-08 14:06:37,807 - WARNING - Not found cell and umi barcode in entry 1136 of the bam file
2026-03-08 14:06:37,807 - WARNING - Not found cell and umi barcode in entry 1137 of the bam file
2026-03-08 14:06:37,807 - WARNING - Not found cell and umi barcode in entry 1138 of the bam file
2026-03-08 14:06:37,807 - WARNING - Not found cell and umi barcode in entry 1139 of the bam file
2026-03-08 14:06:37,807 - WARNING - Not found cell and umi barcode in entry 1140 of the bam file
2026-03-08 14:06:37,807 - WARNING - Not found cell and umi barcode in entry 1141 of the bam file
2026-03-08 14:06:37,807 - WARNING - Not found cell and umi barcode in entry 1142 of the bam file
2026-03-08 14:06:37,807 - WARNING - Not found cell and umi barcode in entry 1143 of the bam file
2026-03-08 14:06:37,807 - WARNING - Not found cell and umi barcode in entry 1144 of the bam file
2026-03-08 14:06:37,807 - WARNING - Not found cell and umi barcode in entry 1145 of the bam file
2026-03-08 14:06:37,807 - WARNING - Not found cell and umi barcode in entry 1146 of the bam file
2026-03-08 14:06:37,807 - WARNING - Not found cell and umi barcode in entry 1147 of the bam file
2026-03-08 14:06:37,807 - WARNING - Not found cell and umi barcode in entry 1148 of the bam file
2026-03-08 14:06:37,807 - WARNING - Not found cell and umi barcode in entry 1149 of the bam file
2026-03-08 14:06:37,807 - WARNING - Not found cell and umi barcode in entry 1150 of the bam file
2026-03-08 14:06:37,807 - WARNING - Not found cell and umi barcode in entry 1151 of the bam file
2026-03-08 14:06:37,808 - WARNING - Not found cell and umi barcode in entry 1152 of the bam file
2026-03-08 14:06:37,808 - WARNING - Not found cell and umi barcode in entry 1153 of the bam file
2026-03-08 14:06:37,808 - WARNING - Not found cell and umi barcode in entry 1154 of the bam file
2026-03-08 14:06:37,808 - WARNING - Not found cell and umi barcode in entry 1155 of the bam file
2026-03-08 14:06:37,808 - WARNING - Not found cell and umi barcode in entry 1156 of the bam file
2026-03-08 14:06:37,808 - WARNING - Not found cell and umi barcode in entry 1157 of the bam file
2026-03-08 14:06:37,808 - WARNING - Not found cell and umi barcode in entry 1158 of the bam file
2026-03-08 14:06:37,808 - WARNING - Not found cell and umi barcode in entry 1159 of the bam file
2026-03-08 14:06:37,808 - WARNING - Not found cell and umi barcode in entry 1160 of the bam file
2026-03-08 14:06:37,808 - WARNING - Not found cell and umi barcode in entry 1161 of the bam file
2026-03-08 14:06:37,808 - WARNING - Not found cell and umi barcode in entry 1162 of the bam file
2026-03-08 14:06:37,808 - WARNING - Not found cell and umi barcode in entry 1163 of the bam file
2026-03-08 14:06:37,808 - WARNING - Not found cell and umi barcode in entry 1164 of the bam file
2026-03-08 14:06:37,808 - WARNING - Not found cell and umi barcode in entry 1165 of the bam file
2026-03-08 14:06:37,808 - WARNING - Not found cell and umi barcode in entry 1166 of the bam file
2026-03-08 14:06:37,808 - WARNING - Not found cell and umi barcode in entry 1167 of the bam file
2026-03-08 14:06:37,808 - WARNING - Not found cell and umi barcode in entry 1168 of the bam file
2026-03-08 14:06:37,808 - WARNING - Not found cell and umi barcode in entry 1169 of the bam file
2026-03-08 14:06:37,808 - WARNING - Not found cell and umi barcode in entry 1170 of the bam file
2026-03-08 14:06:37,808 - WARNING - Not found cell and umi barcode in entry 1171 of the bam file
2026-03-08 14:06:37,808 - WARNING - Not found cell and umi barcode in entry 1172 of the bam file
2026-03-08 14:06:37,808 - WARNING - Not found cell and umi barcode in entry 1173 of the bam file
2026-03-08 14:06:37,808 - WARNING - Not found cell and umi barcode in entry 1174 of the bam file
2026-03-08 14:06:37,808 - WARNING - Not found cell and umi barcode in entry 1175 of the bam file
2026-03-08 14:06:37,808 - WARNING - Not found cell and umi barcode in entry 1176 of the bam file
2026-03-08 14:06:37,808 - WARNING - Not found cell and umi barcode in entry 1177 of the bam file
2026-03-08 14:06:37,808 - WARNING - Not found cell and umi barcode in entry 1178 of the bam file
2026-03-08 14:06:37,808 - WARNING - Not found cell and umi barcode in entry 1179 of the bam file
2026-03-08 14:06:37,808 - WARNING - Not found cell and umi barcode in entry 1180 of the bam file
2026-03-08 14:06:37,808 - WARNING - Not found cell and umi barcode in entry 1181 of the bam file
2026-03-08 14:06:37,808 - WARNING - Not found cell and umi barcode in entry 1182 of the bam file
2026-03-08 14:06:37,808 - WARNING - Not found cell and umi barcode in entry 1183 of the bam file
2026-03-08 14:06:37,808 - WARNING - Not found cell and umi barcode in entry 1184 of the bam file
2026-03-08 14:06:37,808 - WARNING - Not found cell and umi barcode in entry 1185 of the bam file
2026-03-08 14:06:37,808 - WARNING - Not found cell and umi barcode in entry 1186 of the bam file
2026-03-08 14:06:37,808 - WARNING - Not found cell and umi barcode in entry 1187 of the bam file
2026-03-08 14:06:37,808 - WARNING - Not found cell and umi barcode in entry 1188 of the bam file
2026-03-08 14:06:37,808 - WARNING - Not found cell and umi barcode in entry 1189 of the bam file
2026-03-08 14:06:37,808 - WARNING - Not found cell and umi barcode in entry 1190 of the bam file
2026-03-08 14:06:37,808 - WARNING - Not found cell and umi barcode in entry 1191 of the bam file
2026-03-08 14:06:37,808 - WARNING - Not found cell and umi barcode in entry 1192 of the bam file
2026-03-08 14:06:37,808 - WARNING - Not found cell and umi barcode in entry 1193 of the bam file
2026-03-08 14:06:37,808 - WARNING - Not found cell and umi barcode in entry 1194 of the bam file
2026-03-08 14:06:37,808 - WARNING - Not found cell and umi barcode in entry 1195 of the bam file
2026-03-08 14:06:37,808 - WARNING - Not found cell and umi barcode in entry 1196 of the bam file
2026-03-08 14:06:37,808 - WARNING - Not found cell and umi barcode in entry 1197 of the bam file
2026-03-08 14:06:37,808 - WARNING - Not found cell and umi barcode in entry 1198 of the bam file
2026-03-08 14:06:37,808 - WARNING - Not found cell and umi barcode in entry 1199 of the bam file
2026-03-08 14:06:37,808 - WARNING - Not found cell and umi barcode in entry 1200 of the bam file
2026-03-08 14:06:37,808 - WARNING - Not found cell and umi barcode in entry 1201 of the bam file
2026-03-08 14:06:37,808 - WARNING - Not found cell and umi barcode in entry 1202 of the bam file
2026-03-08 14:06:37,809 - WARNING - Not found cell and umi barcode in entry 1203 of the bam file
2026-03-08 14:06:37,809 - WARNING - Not found cell and umi barcode in entry 1204 of the bam file
2026-03-08 14:06:37,809 - WARNING - Not found cell and umi barcode in entry 1205 of the bam file
2026-03-08 14:06:37,809 - WARNING - Not found cell and umi barcode in entry 1206 of the bam file
2026-03-08 14:06:37,809 - WARNING - Not found cell and umi barcode in entry 1207 of the bam file
2026-03-08 14:06:37,809 - WARNING - Not found cell and umi barcode in entry 1208 of the bam file
2026-03-08 14:06:37,809 - WARNING - Not found cell and umi barcode in entry 1209 of the bam file
2026-03-08 14:06:37,809 - WARNING - Not found cell and umi barcode in entry 1210 of the bam file
2026-03-08 14:06:37,809 - WARNING - Not found cell and umi barcode in entry 1211 of the bam file
2026-03-08 14:06:37,809 - WARNING - Not found cell and umi barcode in entry 1212 of the bam file
2026-03-08 14:06:37,809 - WARNING - Not found cell and umi barcode in entry 1213 of the bam file
2026-03-08 14:06:37,809 - WARNING - Not found cell and umi barcode in entry 1214 of the bam file
2026-03-08 14:06:37,809 - WARNING - Not found cell and umi barcode in entry 1215 of the bam file
2026-03-08 14:06:37,809 - WARNING - Not found cell and umi barcode in entry 1216 of the bam file
2026-03-08 14:06:37,809 - WARNING - Not found cell and umi barcode in entry 1217 of the bam file
2026-03-08 14:06:37,809 - WARNING - Not found cell and umi barcode in entry 1218 of the bam file
2026-03-08 14:06:37,809 - WARNING - Not found cell and umi barcode in entry 1219 of the bam file
2026-03-08 14:06:37,809 - WARNING - Not found cell and umi barcode in entry 1220 of the bam file
2026-03-08 14:06:37,809 - WARNING - Not found cell and umi barcode in entry 1221 of the bam file
2026-03-08 14:06:37,809 - WARNING - Not found cell and umi barcode in entry 1222 of the bam file
2026-03-08 14:06:37,809 - WARNING - Not found cell and umi barcode in entry 1223 of the bam file
2026-03-08 14:06:37,809 - WARNING - Not found cell and umi barcode in entry 1224 of the bam file
2026-03-08 14:06:37,809 - WARNING - Not found cell and umi barcode in entry 1225 of the bam file
2026-03-08 14:06:37,809 - WARNING - Not found cell and umi barcode in entry 1226 of the bam file
2026-03-08 14:06:37,809 - WARNING - Not found cell and umi barcode in entry 1227 of the bam file
2026-03-08 14:06:37,809 - WARNING - Not found cell and umi barcode in entry 1228 of the bam file
2026-03-08 14:06:37,809 - WARNING - Not found cell and umi barcode in entry 1229 of the bam file
2026-03-08 14:06:37,809 - WARNING - Not found cell and umi barcode in entry 1230 of the bam file
2026-03-08 14:06:37,809 - WARNING - Not found cell and umi barcode in entry 1231 of the bam file
2026-03-08 14:06:37,809 - WARNING - Not found cell and umi barcode in entry 1232 of the bam file
2026-03-08 14:06:37,809 - WARNING - Not found cell and umi barcode in entry 1233 of the bam file
2026-03-08 14:06:37,809 - WARNING - Not found cell and umi barcode in entry 1234 of the bam file
2026-03-08 14:06:37,809 - WARNING - Not found cell and umi barcode in entry 1235 of the bam file
2026-03-08 14:06:37,809 - WARNING - Not found cell and umi barcode in entry 1236 of the bam file
2026-03-08 14:06:37,809 - WARNING - Not found cell and umi barcode in entry 1237 of the bam file
2026-03-08 14:06:37,809 - WARNING - Not found cell and umi barcode in entry 1238 of the bam file
2026-03-08 14:06:37,809 - WARNING - Not found cell and umi barcode in entry 1239 of the bam file
2026-03-08 14:06:37,809 - WARNING - Not found cell and umi barcode in entry 1240 of the bam file
2026-03-08 14:06:37,809 - WARNING - Not found cell and umi barcode in entry 1241 of the bam file
2026-03-08 14:06:37,809 - WARNING - Not found cell and umi barcode in entry 1242 of the bam file
2026-03-08 14:06:37,809 - WARNING - Not found cell and umi barcode in entry 1243 of the bam file
2026-03-08 14:06:37,809 - WARNING - Not found cell and umi barcode in entry 1244 of the bam file
2026-03-08 14:06:37,809 - WARNING - Not found cell and umi barcode in entry 1245 of the bam file
2026-03-08 14:06:37,809 - WARNING - Not found cell and umi barcode in entry 1246 of the bam file
2026-03-08 14:06:37,809 - WARNING - Not found cell and umi barcode in entry 1247 of the bam file
2026-03-08 14:06:37,809 - WARNING - Not found cell and umi barcode in entry 1248 of the bam file
2026-03-08 14:06:37,810 - WARNING - Not found cell and umi barcode in entry 1249 of the bam file
2026-03-08 14:06:37,810 - WARNING - Not found cell and umi barcode in entry 1250 of the bam file
2026-03-08 14:06:37,810 - WARNING - Not found cell and umi barcode in entry 1251 of the bam file
2026-03-08 14:06:37,810 - WARNING - Not found cell and umi barcode in entry 1252 of the bam file
2026-03-08 14:06:37,810 - WARNING - Not found cell and umi barcode in entry 1253 of the bam file
2026-03-08 14:06:37,810 - WARNING - Not found cell and umi barcode in entry 1254 of the bam file
2026-03-08 14:06:37,810 - WARNING - Not found cell and umi barcode in entry 1255 of the bam file
2026-03-08 14:06:37,810 - WARNING - Not found cell and umi barcode in entry 1256 of the bam file
2026-03-08 14:06:37,810 - WARNING - Not found cell and umi barcode in entry 1257 of the bam file
2026-03-08 14:06:37,810 - WARNING - Not found cell and umi barcode in entry 1258 of the bam file
2026-03-08 14:06:37,810 - WARNING - Not found cell and umi barcode in entry 1259 of the bam file
2026-03-08 14:06:37,810 - WARNING - Not found cell and umi barcode in entry 1260 of the bam file
2026-03-08 14:06:37,810 - WARNING - Not found cell and umi barcode in entry 1261 of the bam file
2026-03-08 14:06:37,810 - WARNING - Not found cell and umi barcode in entry 1262 of the bam file
2026-03-08 14:06:37,810 - WARNING - Not found cell and umi barcode in entry 1263 of the bam file
2026-03-08 14:06:37,810 - WARNING - Not found cell and umi barcode in entry 1264 of the bam file
2026-03-08 14:06:37,810 - WARNING - Not found cell and umi barcode in entry 1265 of the bam file
2026-03-08 14:06:37,810 - WARNING - Not found cell and umi barcode in entry 1266 of the bam file
2026-03-08 14:06:37,810 - WARNING - Not found cell and umi barcode in entry 1267 of the bam file
2026-03-08 14:06:37,810 - WARNING - Not found cell and umi barcode in entry 1268 of the bam file
2026-03-08 14:06:37,810 - WARNING - Not found cell and umi barcode in entry 1269 of the bam file
2026-03-08 14:06:37,810 - WARNING - Not found cell and umi barcode in entry 1270 of the bam file
2026-03-08 14:06:37,810 - WARNING - Not found cell and umi barcode in entry 1271 of the bam file
2026-03-08 14:06:37,810 - WARNING - Not found cell and umi barcode in entry 1272 of the bam file
2026-03-08 14:06:37,810 - WARNING - Not found cell and umi barcode in entry 1273 of the bam file
2026-03-08 14:06:37,810 - WARNING - Not found cell and umi barcode in entry 1274 of the bam file
2026-03-08 14:06:37,810 - WARNING - Not found cell and umi barcode in entry 1275 of the bam file
2026-03-08 14:06:37,810 - WARNING - Not found cell and umi barcode in entry 1276 of the bam file
2026-03-08 14:06:37,810 - WARNING - Not found cell and umi barcode in entry 1277 of the bam file
2026-03-08 14:06:37,810 - WARNING - Not found cell and umi barcode in entry 1278 of the bam file
2026-03-08 14:06:37,810 - WARNING - Not found cell and umi barcode in entry 1279 of the bam file
2026-03-08 14:06:37,810 - WARNING - Not found cell and umi barcode in entry 1280 of the bam file
2026-03-08 14:06:37,810 - WARNING - Not found cell and umi barcode in entry 1281 of the bam file
2026-03-08 14:06:37,810 - WARNING - Not found cell and umi barcode in entry 1282 of the bam file
2026-03-08 14:06:37,810 - WARNING - Not found cell and umi barcode in entry 1283 of the bam file
2026-03-08 14:06:37,810 - WARNING - Not found cell and umi barcode in entry 1284 of the bam file
2026-03-08 14:06:37,810 - WARNING - Not found cell and umi barcode in entry 1285 of the bam file
2026-03-08 14:06:37,810 - WARNING - Not found cell and umi barcode in entry 1286 of the bam file
2026-03-08 14:06:37,810 - WARNING - Not found cell and umi barcode in entry 1287 of the bam file
2026-03-08 14:06:37,810 - WARNING - Not found cell and umi barcode in entry 1288 of the bam file
2026-03-08 14:06:37,810 - WARNING - Not found cell and umi barcode in entry 1289 of the bam file
2026-03-08 14:06:37,810 - WARNING - Not found cell and umi barcode in entry 1290 of the bam file
2026-03-08 14:06:37,810 - WARNING - Not found cell and umi barcode in entry 1291 of the bam file
2026-03-08 14:06:37,810 - WARNING - Not found cell and umi barcode in entry 1292 of the bam file
2026-03-08 14:06:37,810 - WARNING - Not found cell and umi barcode in entry 1293 of the bam file
2026-03-08 14:06:37,810 - WARNING - Not found cell and umi barcode in entry 1294 of the bam file
2026-03-08 14:06:37,810 - WARNING - Not found cell and umi barcode in entry 1295 of the bam file
2026-03-08 14:06:37,810 - WARNING - Not found cell and umi barcode in entry 1296 of the bam file
2026-03-08 14:06:37,811 - WARNING - Not found cell and umi barcode in entry 1297 of the bam file
2026-03-08 14:06:37,811 - WARNING - Not found cell and umi barcode in entry 1298 of the bam file
2026-03-08 14:06:37,811 - WARNING - Not found cell and umi barcode in entry 1299 of the bam file
2026-03-08 14:06:37,811 - WARNING - Not found cell and umi barcode in entry 1300 of the bam file
2026-03-08 14:06:37,811 - WARNING - Not found cell and umi barcode in entry 1301 of the bam file
2026-03-08 14:06:37,811 - WARNING - Not found cell and umi barcode in entry 1302 of the bam file
2026-03-08 14:06:37,811 - WARNING - Not found cell and umi barcode in entry 1303 of the bam file
2026-03-08 14:06:37,811 - WARNING - Not found cell and umi barcode in entry 1304 of the bam file
2026-03-08 14:06:37,811 - WARNING - Not found cell and umi barcode in entry 1305 of the bam file
2026-03-08 14:06:37,811 - WARNING - Not found cell and umi barcode in entry 1306 of the bam file
2026-03-08 14:06:37,811 - WARNING - Not found cell and umi barcode in entry 1307 of the bam file
2026-03-08 14:06:37,811 - WARNING - Not found cell and umi barcode in entry 1308 of the bam file
2026-03-08 14:06:37,811 - WARNING - Not found cell and umi barcode in entry 1309 of the bam file
2026-03-08 14:06:37,811 - WARNING - Not found cell and umi barcode in entry 1310 of the bam file
2026-03-08 14:06:37,811 - WARNING - Not found cell and umi barcode in entry 1311 of the bam file
2026-03-08 14:06:37,811 - WARNING - Not found cell and umi barcode in entry 1312 of the bam file
2026-03-08 14:06:37,811 - WARNING - Not found cell and umi barcode in entry 1313 of the bam file
2026-03-08 14:06:37,811 - WARNING - Not found cell and umi barcode in entry 1314 of the bam file
2026-03-08 14:06:37,811 - WARNING - Not found cell and umi barcode in entry 1315 of the bam file
2026-03-08 14:06:37,811 - WARNING - Not found cell and umi barcode in entry 1316 of the bam file
2026-03-08 14:06:37,811 - WARNING - Not found cell and umi barcode in entry 1317 of the bam file
2026-03-08 14:06:37,811 - WARNING - Not found cell and umi barcode in entry 1318 of the bam file
2026-03-08 14:06:37,811 - WARNING - Not found cell and umi barcode in entry 1319 of the bam file
2026-03-08 14:06:37,811 - WARNING - Not found cell and umi barcode in entry 1320 of the bam file
2026-03-08 14:06:37,811 - WARNING - Not found cell and umi barcode in entry 1321 of the bam file
2026-03-08 14:06:37,811 - WARNING - Not found cell and umi barcode in entry 1322 of the bam file
2026-03-08 14:06:37,811 - WARNING - Not found cell and umi barcode in entry 1323 of the bam file
2026-03-08 14:06:37,811 - WARNING - Not found cell and umi barcode in entry 1324 of the bam file
2026-03-08 14:06:37,811 - WARNING - Not found cell and umi barcode in entry 1325 of the bam file
2026-03-08 14:06:37,811 - WARNING - Not found cell and umi barcode in entry 1326 of the bam file
2026-03-08 14:06:37,811 - WARNING - Not found cell and umi barcode in entry 1327 of the bam file
2026-03-08 14:06:37,811 - WARNING - Not found cell and umi barcode in entry 1328 of the bam file
2026-03-08 14:06:37,811 - WARNING - Not found cell and umi barcode in entry 1329 of the bam file
2026-03-08 14:06:37,811 - WARNING - Not found cell and umi barcode in entry 1330 of the bam file
2026-03-08 14:06:37,811 - WARNING - Not found cell and umi barcode in entry 1331 of the bam file
2026-03-08 14:06:37,811 - WARNING - Not found cell and umi barcode in entry 1332 of the bam file
2026-03-08 14:06:37,811 - WARNING - Not found cell and umi barcode in entry 1333 of the bam file
2026-03-08 14:06:37,811 - WARNING - Not found cell and umi barcode in entry 1334 of the bam file
2026-03-08 14:06:37,811 - WARNING - Not found cell and umi barcode in entry 1335 of the bam file
2026-03-08 14:06:37,811 - WARNING - Not found cell and umi barcode in entry 1336 of the bam file
2026-03-08 14:06:37,811 - WARNING - Not found cell and umi barcode in entry 1337 of the bam file
2026-03-08 14:06:37,811 - WARNING - Not found cell and umi barcode in entry 1338 of the bam file
2026-03-08 14:06:37,811 - WARNING - Not found cell and umi barcode in entry 1339 of the bam file
2026-03-08 14:06:37,811 - WARNING - Not found cell and umi barcode in entry 1340 of the bam file
2026-03-08 14:06:37,811 - WARNING - Not found cell and umi barcode in entry 1341 of the bam file
2026-03-08 14:06:37,811 - WARNING - Not found cell and umi barcode in entry 1342 of the bam file
2026-03-08 14:06:37,811 - WARNING - Not found cell and umi barcode in entry 1343 of the bam file
2026-03-08 14:06:37,811 - WARNING - Not found cell and umi barcode in entry 1344 of the bam file
2026-03-08 14:06:37,811 - WARNING - Not found cell and umi barcode in entry 1345 of the bam file
2026-03-08 14:06:37,811 - WARNING - Not found cell and umi barcode in entry 1346 of the bam file
2026-03-08 14:06:37,811 - WARNING - Not found cell and umi barcode in entry 1347 of the bam file
2026-03-08 14:06:37,812 - WARNING - Not found cell and umi barcode in entry 1348 of the bam file
2026-03-08 14:06:37,812 - WARNING - Not found cell and umi barcode in entry 1349 of the bam file
2026-03-08 14:06:37,812 - WARNING - Not found cell and umi barcode in entry 1350 of the bam file
2026-03-08 14:06:37,812 - WARNING - Not found cell and umi barcode in entry 1351 of the bam file
2026-03-08 14:06:37,812 - WARNING - Not found cell and umi barcode in entry 1352 of the bam file
2026-03-08 14:06:37,812 - WARNING - Not found cell and umi barcode in entry 1353 of the bam file
2026-03-08 14:06:37,812 - WARNING - Not found cell and umi barcode in entry 1354 of the bam file
2026-03-08 14:06:37,812 - WARNING - Not found cell and umi barcode in entry 1355 of the bam file
2026-03-08 14:06:37,812 - WARNING - Not found cell and umi barcode in entry 1356 of the bam file
2026-03-08 14:06:37,812 - WARNING - Not found cell and umi barcode in entry 1357 of the bam file
2026-03-08 14:06:37,812 - WARNING - Not found cell and umi barcode in entry 1358 of the bam file
2026-03-08 14:06:37,812 - WARNING - Not found cell and umi barcode in entry 1359 of the bam file
2026-03-08 14:06:37,812 - WARNING - Not found cell and umi barcode in entry 1360 of the bam file
2026-03-08 14:06:37,812 - WARNING - Not found cell and umi barcode in entry 1361 of the bam file
2026-03-08 14:06:37,812 - WARNING - Not found cell and umi barcode in entry 1362 of the bam file
2026-03-08 14:06:37,812 - WARNING - Not found cell and umi barcode in entry 1363 of the bam file
2026-03-08 14:06:37,812 - WARNING - Not found cell and umi barcode in entry 1364 of the bam file
2026-03-08 14:06:37,812 - WARNING - Not found cell and umi barcode in entry 1365 of the bam file
2026-03-08 14:06:37,812 - WARNING - Not found cell and umi barcode in entry 1366 of the bam file
2026-03-08 14:06:37,812 - WARNING - Not found cell and umi barcode in entry 1367 of the bam file
2026-03-08 14:06:37,812 - WARNING - Not found cell and umi barcode in entry 1368 of the bam file
2026-03-08 14:06:37,812 - WARNING - Not found cell and umi barcode in entry 1369 of the bam file
2026-03-08 14:06:37,812 - WARNING - Not found cell and umi barcode in entry 1370 of the bam file
2026-03-08 14:06:37,812 - WARNING - Not found cell and umi barcode in entry 1371 of the bam file
2026-03-08 14:06:37,812 - WARNING - Not found cell and umi barcode in entry 1372 of the bam file
2026-03-08 14:06:37,812 - WARNING - Not found cell and umi barcode in entry 1373 of the bam file
2026-03-08 14:06:37,812 - WARNING - Not found cell and umi barcode in entry 1374 of the bam file
2026-03-08 14:06:37,812 - WARNING - Not found cell and umi barcode in entry 1375 of the bam file
2026-03-08 14:06:37,812 - WARNING - Not found cell and umi barcode in entry 1376 of the bam file
2026-03-08 14:06:37,812 - WARNING - Not found cell and umi barcode in entry 1377 of the bam file
2026-03-08 14:06:37,812 - WARNING - Not found cell and umi barcode in entry 1378 of the bam file
2026-03-08 14:06:37,812 - WARNING - Not found cell and umi barcode in entry 1379 of the bam file
2026-03-08 14:06:37,812 - WARNING - Not found cell and umi barcode in entry 1380 of the bam file
2026-03-08 14:06:37,812 - WARNING - Not found cell and umi barcode in entry 1381 of the bam file
2026-03-08 14:06:37,812 - WARNING - Not found cell and umi barcode in entry 1382 of the bam file
2026-03-08 14:06:37,812 - WARNING - Not found cell and umi barcode in entry 1383 of the bam file
2026-03-08 14:06:37,812 - WARNING - Not found cell and umi barcode in entry 1384 of the bam file
2026-03-08 14:06:37,812 - WARNING - Not found cell and umi barcode in entry 1385 of the bam file
2026-03-08 14:06:37,812 - WARNING - Not found cell and umi barcode in entry 1386 of the bam file
2026-03-08 14:06:37,812 - WARNING - Not found cell and umi barcode in entry 1387 of the bam file
2026-03-08 14:06:37,812 - WARNING - Not found cell and umi barcode in entry 1388 of the bam file
2026-03-08 14:06:37,812 - WARNING - Not found cell and umi barcode in entry 1389 of the bam file
2026-03-08 14:06:37,812 - WARNING - Not found cell and umi barcode in entry 1390 of the bam file
2026-03-08 14:06:37,812 - WARNING - Not found cell and umi barcode in entry 1391 of the bam file
2026-03-08 14:06:37,812 - WARNING - Not found cell and umi barcode in entry 1392 of the bam file
2026-03-08 14:06:37,812 - WARNING - Not found cell and umi barcode in entry 1393 of the bam file
2026-03-08 14:06:37,812 - WARNING - Not found cell and umi barcode in entry 1394 of the bam file
2026-03-08 14:06:37,812 - WARNING - Not found cell and umi barcode in entry 1395 of the bam file
2026-03-08 14:06:37,812 - WARNING - Not found cell and umi barcode in entry 1396 of the bam file
2026-03-08 14:06:37,812 - WARNING - Not found cell and umi barcode in entry 1397 of the bam file
2026-03-08 14:06:37,813 - WARNING - Not found cell and umi barcode in entry 1398 of the bam file
2026-03-08 14:06:37,813 - WARNING - Not found cell and umi barcode in entry 1399 of the bam file
2026-03-08 14:06:37,813 - WARNING - Not found cell and umi barcode in entry 1400 of the bam file
2026-03-08 14:06:37,813 - WARNING - Not found cell and umi barcode in entry 1401 of the bam file
2026-03-08 14:06:37,813 - WARNING - Not found cell and umi barcode in entry 1402 of the bam file
2026-03-08 14:06:37,813 - WARNING - Not found cell and umi barcode in entry 1403 of the bam file
2026-03-08 14:06:37,813 - WARNING - Not found cell and umi barcode in entry 1404 of the bam file
2026-03-08 14:06:37,813 - WARNING - Not found cell and umi barcode in entry 1405 of the bam file
2026-03-08 14:06:37,813 - WARNING - Not found cell and umi barcode in entry 1406 of the bam file
2026-03-08 14:06:37,813 - WARNING - Not found cell and umi barcode in entry 1407 of the bam file
2026-03-08 14:06:37,813 - WARNING - Not found cell and umi barcode in entry 1408 of the bam file
2026-03-08 14:06:37,813 - WARNING - Not found cell and umi barcode in entry 1409 of the bam file
2026-03-08 14:06:37,813 - WARNING - Not found cell and umi barcode in entry 1410 of the bam file
2026-03-08 14:06:37,813 - WARNING - Not found cell and umi barcode in entry 1411 of the bam file
2026-03-08 14:06:37,813 - WARNING - Not found cell and umi barcode in entry 1412 of the bam file
2026-03-08 14:06:37,813 - WARNING - Not found cell and umi barcode in entry 1413 of the bam file
2026-03-08 14:06:37,813 - WARNING - Not found cell and umi barcode in entry 1414 of the bam file
2026-03-08 14:06:37,813 - WARNING - Not found cell and umi barcode in entry 1415 of the bam file
2026-03-08 14:06:37,813 - WARNING - Not found cell and umi barcode in entry 1416 of the bam file
2026-03-08 14:06:37,813 - WARNING - Not found cell and umi barcode in entry 1417 of the bam file
2026-03-08 14:06:37,813 - WARNING - Not found cell and umi barcode in entry 1418 of the bam file
2026-03-08 14:06:37,813 - WARNING - Not found cell and umi barcode in entry 1419 of the bam file
2026-03-08 14:06:37,813 - WARNING - Not found cell and umi barcode in entry 1420 of the bam file
2026-03-08 14:06:37,813 - WARNING - Not found cell and umi barcode in entry 1421 of the bam file
2026-03-08 14:06:37,813 - WARNING - Not found cell and umi barcode in entry 1422 of the bam file
2026-03-08 14:06:37,813 - WARNING - Not found cell and umi barcode in entry 1423 of the bam file
2026-03-08 14:06:37,813 - WARNING - Not found cell and umi barcode in entry 1424 of the bam file
2026-03-08 14:06:37,813 - WARNING - Not found cell and umi barcode in entry 1425 of the bam file
2026-03-08 14:06:37,813 - WARNING - Not found cell and umi barcode in entry 1426 of the bam file
2026-03-08 14:06:37,813 - WARNING - Not found cell and umi barcode in entry 1427 of the bam file
2026-03-08 14:06:37,813 - WARNING - Not found cell and umi barcode in entry 1428 of the bam file
2026-03-08 14:06:37,813 - WARNING - Not found cell and umi barcode in entry 1429 of the bam file
2026-03-08 14:06:37,813 - WARNING - Not found cell and umi barcode in entry 1430 of the bam file
2026-03-08 14:06:37,813 - WARNING - Not found cell and umi barcode in entry 1431 of the bam file
2026-03-08 14:06:37,813 - WARNING - Not found cell and umi barcode in entry 1432 of the bam file
2026-03-08 14:06:37,813 - WARNING - Not found cell and umi barcode in entry 1433 of the bam file
2026-03-08 14:06:37,813 - WARNING - Not found cell and umi barcode in entry 1434 of the bam file
2026-03-08 14:06:37,813 - WARNING - Not found cell and umi barcode in entry 1435 of the bam file
2026-03-08 14:06:37,813 - WARNING - Not found cell and umi barcode in entry 1436 of the bam file
2026-03-08 14:06:37,813 - WARNING - Not found cell and umi barcode in entry 1437 of the bam file
2026-03-08 14:06:37,813 - WARNING - Not found cell and umi barcode in entry 1438 of the bam file
2026-03-08 14:06:37,813 - WARNING - Not found cell and umi barcode in entry 1439 of the bam file
2026-03-08 14:06:37,813 - WARNING - Not found cell and umi barcode in entry 1440 of the bam file
2026-03-08 14:06:37,813 - WARNING - Not found cell and umi barcode in entry 1441 of the bam file
2026-03-08 14:06:37,813 - WARNING - Not found cell and umi barcode in entry 1442 of the bam file
2026-03-08 14:06:37,813 - WARNING - Not found cell and umi barcode in entry 1443 of the bam file
2026-03-08 14:06:37,814 - WARNING - Not found cell and umi barcode in entry 1444 of the bam file
2026-03-08 14:06:37,814 - WARNING - Not found cell and umi barcode in entry 1445 of the bam file
2026-03-08 14:06:37,814 - WARNING - Not found cell and umi barcode in entry 1446 of the bam file
2026-03-08 14:06:37,814 - WARNING - Not found cell and umi barcode in entry 1447 of the bam file
2026-03-08 14:06:37,814 - WARNING - Not found cell and umi barcode in entry 1448 of the bam file
2026-03-08 14:06:37,814 - WARNING - Not found cell and umi barcode in entry 1449 of the bam file
2026-03-08 14:06:37,814 - WARNING - Not found cell and umi barcode in entry 1450 of the bam file
2026-03-08 14:06:37,814 - WARNING - Not found cell and umi barcode in entry 1451 of the bam file
2026-03-08 14:06:37,814 - WARNING - Not found cell and umi barcode in entry 1452 of the bam file
2026-03-08 14:06:37,814 - WARNING - Not found cell and umi barcode in entry 1453 of the bam file
2026-03-08 14:06:37,814 - WARNING - Not found cell and umi barcode in entry 1454 of the bam file
2026-03-08 14:06:37,814 - WARNING - Not found cell and umi barcode in entry 1455 of the bam file
2026-03-08 14:06:37,814 - WARNING - Not found cell and umi barcode in entry 1456 of the bam file
2026-03-08 14:06:37,814 - WARNING - Not found cell and umi barcode in entry 1457 of the bam file
2026-03-08 14:06:37,814 - WARNING - Not found cell and umi barcode in entry 1458 of the bam file
2026-03-08 14:06:37,814 - WARNING - Not found cell and umi barcode in entry 1459 of the bam file
2026-03-08 14:06:37,814 - WARNING - Not found cell and umi barcode in entry 1460 of the bam file
2026-03-08 14:06:37,814 - WARNING - Not found cell and umi barcode in entry 1461 of the bam file
2026-03-08 14:06:37,814 - WARNING - Not found cell and umi barcode in entry 1462 of the bam file
2026-03-08 14:06:37,814 - WARNING - Not found cell and umi barcode in entry 1463 of the bam file
2026-03-08 14:06:37,814 - WARNING - Not found cell and umi barcode in entry 1464 of the bam file
2026-03-08 14:06:37,814 - WARNING - Not found cell and umi barcode in entry 1465 of the bam file
2026-03-08 14:06:37,814 - WARNING - Not found cell and umi barcode in entry 1466 of the bam file
2026-03-08 14:06:37,814 - WARNING - Not found cell and umi barcode in entry 1467 of the bam file
2026-03-08 14:06:37,814 - WARNING - Not found cell and umi barcode in entry 1468 of the bam file
2026-03-08 14:06:37,814 - WARNING - Not found cell and umi barcode in entry 1469 of the bam file
2026-03-08 14:06:37,814 - WARNING - Not found cell and umi barcode in entry 1470 of the bam file
2026-03-08 14:06:37,814 - WARNING - Not found cell and umi barcode in entry 1471 of the bam file
2026-03-08 14:06:37,814 - WARNING - Not found cell and umi barcode in entry 1472 of the bam file
2026-03-08 14:06:37,814 - WARNING - Not found cell and umi barcode in entry 1473 of the bam file
2026-03-08 14:06:37,814 - WARNING - Not found cell and umi barcode in entry 1474 of the bam file
2026-03-08 14:06:37,814 - WARNING - Not found cell and umi barcode in entry 1475 of the bam file
2026-03-08 14:06:37,814 - WARNING - Not found cell and umi barcode in entry 1476 of the bam file
2026-03-08 14:06:37,814 - WARNING - Not found cell and umi barcode in entry 1477 of the bam file
2026-03-08 14:06:37,814 - WARNING - Not found cell and umi barcode in entry 1478 of the bam file
2026-03-08 14:06:37,814 - WARNING - Not found cell and umi barcode in entry 1479 of the bam file
2026-03-08 14:06:37,814 - WARNING - Not found cell and umi barcode in entry 1480 of the bam file
2026-03-08 14:06:37,814 - WARNING - Not found cell and umi barcode in entry 1481 of the bam file
2026-03-08 14:06:37,814 - WARNING - Not found cell and umi barcode in entry 1482 of the bam file
2026-03-08 14:06:37,814 - WARNING - Not found cell and umi barcode in entry 1483 of the bam file
2026-03-08 14:06:37,814 - WARNING - Not found cell and umi barcode in entry 1484 of the bam file
2026-03-08 14:06:37,814 - WARNING - Not found cell and umi barcode in entry 1485 of the bam file
2026-03-08 14:06:37,814 - WARNING - Not found cell and umi barcode in entry 1486 of the bam file
2026-03-08 14:06:37,814 - WARNING - Not found cell and umi barcode in entry 1487 of the bam file
2026-03-08 14:06:37,814 - WARNING - Not found cell and umi barcode in entry 1488 of the bam file
2026-03-08 14:06:37,814 - WARNING - Not found cell and umi barcode in entry 1489 of the bam file
2026-03-08 14:06:37,814 - WARNING - Not found cell and umi barcode in entry 1490 of the bam file
2026-03-08 14:06:37,814 - WARNING - Not found cell and umi barcode in entry 1491 of the bam file
2026-03-08 14:06:37,814 - WARNING - Not found cell and umi barcode in entry 1492 of the bam file
2026-03-08 14:06:37,814 - WARNING - Not found cell and umi barcode in entry 1493 of the bam file
2026-03-08 14:06:37,815 - WARNING - Not found cell and umi barcode in entry 1494 of the bam file
2026-03-08 14:06:37,815 - WARNING - Not found cell and umi barcode in entry 1495 of the bam file
2026-03-08 14:06:37,815 - WARNING - Not found cell and umi barcode in entry 1496 of the bam file
2026-03-08 14:06:37,815 - WARNING - Not found cell and umi barcode in entry 1497 of the bam file
2026-03-08 14:06:37,815 - WARNING - Not found cell and umi barcode in entry 1498 of the bam file
2026-03-08 14:06:37,815 - WARNING - Not found cell and umi barcode in entry 1499 of the bam file
2026-03-08 14:06:37,815 - WARNING - Not found cell and umi barcode in entry 1500 of the bam file
2026-03-08 14:06:37,815 - WARNING - Not found cell and umi barcode in entry 1501 of the bam file
2026-03-08 14:06:37,815 - WARNING - Not found cell and umi barcode in entry 1502 of the bam file
2026-03-08 14:06:37,815 - WARNING - Not found cell and umi barcode in entry 1503 of the bam file
2026-03-08 14:06:37,815 - WARNING - Not found cell and umi barcode in entry 1504 of the bam file
2026-03-08 14:06:37,815 - WARNING - Not found cell and umi barcode in entry 1505 of the bam file
2026-03-08 14:06:37,815 - WARNING - Not found cell and umi barcode in entry 1506 of the bam file
2026-03-08 14:06:37,815 - WARNING - Not found cell and umi barcode in entry 1507 of the bam file
2026-03-08 14:06:37,815 - WARNING - Not found cell and umi barcode in entry 1508 of the bam file
2026-03-08 14:06:37,815 - WARNING - Not found cell and umi barcode in entry 1509 of the bam file
2026-03-08 14:06:37,815 - WARNING - Not found cell and umi barcode in entry 1510 of the bam file
2026-03-08 14:06:37,815 - WARNING - Not found cell and umi barcode in entry 1511 of the bam file
2026-03-08 14:06:37,815 - WARNING - Not found cell and umi barcode in entry 1512 of the bam file
2026-03-08 14:06:37,815 - WARNING - Not found cell and umi barcode in entry 1513 of the bam file
2026-03-08 14:06:37,815 - WARNING - Not found cell and umi barcode in entry 1514 of the bam file
2026-03-08 14:06:37,815 - WARNING - Not found cell and umi barcode in entry 1515 of the bam file
2026-03-08 14:06:37,815 - WARNING - Not found cell and umi barcode in entry 1516 of the bam file
2026-03-08 14:06:37,815 - WARNING - Not found cell and umi barcode in entry 1517 of the bam file
2026-03-08 14:06:37,815 - WARNING - Not found cell and umi barcode in entry 1518 of the bam file
2026-03-08 14:06:37,815 - WARNING - Not found cell and umi barcode in entry 1519 of the bam file
2026-03-08 14:06:37,815 - WARNING - Not found cell and umi barcode in entry 1520 of the bam file
2026-03-08 14:06:37,815 - WARNING - Not found cell and umi barcode in entry 1521 of the bam file
2026-03-08 14:06:37,815 - WARNING - Not found cell and umi barcode in entry 1522 of the bam file
2026-03-08 14:06:37,815 - WARNING - Not found cell and umi barcode in entry 1523 of the bam file
2026-03-08 14:06:37,815 - WARNING - Not found cell and umi barcode in entry 1524 of the bam file
2026-03-08 14:06:37,815 - WARNING - Not found cell and umi barcode in entry 1525 of the bam file
2026-03-08 14:06:37,815 - WARNING - Not found cell and umi barcode in entry 1526 of the bam file
2026-03-08 14:06:37,815 - WARNING - Not found cell and umi barcode in entry 1527 of the bam file
2026-03-08 14:06:37,815 - WARNING - Not found cell and umi barcode in entry 1528 of the bam file
2026-03-08 14:06:37,815 - WARNING - Not found cell and umi barcode in entry 1529 of the bam file
2026-03-08 14:06:37,815 - WARNING - Not found cell and umi barcode in entry 1530 of the bam file
2026-03-08 14:06:37,815 - WARNING - Not found cell and umi barcode in entry 1531 of the bam file
2026-03-08 14:06:37,815 - WARNING - Not found cell and umi barcode in entry 1532 of the bam file
2026-03-08 14:06:37,815 - WARNING - Not found cell and umi barcode in entry 1533 of the bam file
2026-03-08 14:06:37,815 - WARNING - Not found cell and umi barcode in entry 1534 of the bam file
2026-03-08 14:06:37,815 - WARNING - Not found cell and umi barcode in entry 1535 of the bam file
2026-03-08 14:06:37,815 - WARNING - Not found cell and umi barcode in entry 1536 of the bam file
2026-03-08 14:06:37,815 - WARNING - Not found cell and umi barcode in entry 1537 of the bam file
2026-03-08 14:06:37,815 - WARNING - Not found cell and umi barcode in entry 1538 of the bam file
2026-03-08 14:06:37,815 - WARNING - Not found cell and umi barcode in entry 1539 of the bam file
2026-03-08 14:06:37,815 - WARNING - Not found cell and umi barcode in entry 1540 of the bam file
2026-03-08 14:06:37,815 - WARNING - Not found cell and umi barcode in entry 1541 of the bam file
2026-03-08 14:06:37,815 - WARNING - Not found cell and umi barcode in entry 1542 of the bam file
2026-03-08 14:06:37,815 - WARNING - Not found cell and umi barcode in entry 1543 of the bam file
2026-03-08 14:06:37,815 - WARNING - Not found cell and umi barcode in entry 1544 of the bam file
2026-03-08 14:06:37,816 - WARNING - Not found cell and umi barcode in entry 1545 of the bam file
2026-03-08 14:06:37,816 - WARNING - Not found cell and umi barcode in entry 1546 of the bam file
2026-03-08 14:06:37,816 - WARNING - Not found cell and umi barcode in entry 1547 of the bam file
2026-03-08 14:06:37,816 - WARNING - Not found cell and umi barcode in entry 1548 of the bam file
2026-03-08 14:06:37,816 - WARNING - Not found cell and umi barcode in entry 1549 of the bam file
2026-03-08 14:06:37,816 - WARNING - Not found cell and umi barcode in entry 1550 of the bam file
2026-03-08 14:06:37,816 - WARNING - Not found cell and umi barcode in entry 1551 of the bam file
2026-03-08 14:06:37,816 - WARNING - Not found cell and umi barcode in entry 1552 of the bam file
2026-03-08 14:06:37,816 - WARNING - Not found cell and umi barcode in entry 1553 of the bam file
2026-03-08 14:06:37,816 - WARNING - Not found cell and umi barcode in entry 1554 of the bam file
2026-03-08 14:06:37,816 - WARNING - Not found cell and umi barcode in entry 1555 of the bam file
2026-03-08 14:06:37,816 - WARNING - Not found cell and umi barcode in entry 1556 of the bam file
2026-03-08 14:06:37,816 - WARNING - Not found cell and umi barcode in entry 1557 of the bam file
2026-03-08 14:06:37,816 - WARNING - Not found cell and umi barcode in entry 1558 of the bam file
2026-03-08 14:06:37,816 - WARNING - Not found cell and umi barcode in entry 1559 of the bam file
2026-03-08 14:06:37,816 - WARNING - Not found cell and umi barcode in entry 1560 of the bam file
2026-03-08 14:06:37,816 - WARNING - Not found cell and umi barcode in entry 1561 of the bam file
2026-03-08 14:06:37,816 - WARNING - Not found cell and umi barcode in entry 1562 of the bam file
2026-03-08 14:06:37,816 - WARNING - Not found cell and umi barcode in entry 1563 of the bam file
2026-03-08 14:06:37,816 - WARNING - Not found cell and umi barcode in entry 1564 of the bam file
2026-03-08 14:06:37,816 - WARNING - Not found cell and umi barcode in entry 1565 of the bam file
2026-03-08 14:06:37,816 - WARNING - Not found cell and umi barcode in entry 1566 of the bam file
2026-03-08 14:06:37,816 - WARNING - Not found cell and umi barcode in entry 1567 of the bam file
2026-03-08 14:06:37,816 - WARNING - Not found cell and umi barcode in entry 1568 of the bam file
2026-03-08 14:06:37,816 - WARNING - Not found cell and umi barcode in entry 1569 of the bam file
2026-03-08 14:06:37,816 - WARNING - Not found cell and umi barcode in entry 1570 of the bam file
2026-03-08 14:06:37,816 - WARNING - Not found cell and umi barcode in entry 1571 of the bam file
2026-03-08 14:06:37,816 - WARNING - Not found cell and umi barcode in entry 1572 of the bam file
2026-03-08 14:06:37,816 - WARNING - Not found cell and umi barcode in entry 1573 of the bam file
2026-03-08 14:06:37,816 - WARNING - Not found cell and umi barcode in entry 1574 of the bam file
2026-03-08 14:06:37,816 - WARNING - Not found cell and umi barcode in entry 1575 of the bam file
2026-03-08 14:06:37,816 - WARNING - Not found cell and umi barcode in entry 1576 of the bam file
2026-03-08 14:06:37,816 - WARNING - Not found cell and umi barcode in entry 1577 of the bam file
2026-03-08 14:06:37,816 - WARNING - Not found cell and umi barcode in entry 1578 of the bam file
2026-03-08 14:06:37,816 - WARNING - Not found cell and umi barcode in entry 1579 of the bam file
2026-03-08 14:06:37,816 - WARNING - Not found cell and umi barcode in entry 1580 of the bam file
2026-03-08 14:06:37,816 - WARNING - Not found cell and umi barcode in entry 1581 of the bam file
2026-03-08 14:06:37,816 - WARNING - Not found cell and umi barcode in entry 1582 of the bam file
2026-03-08 14:06:37,816 - WARNING - Not found cell and umi barcode in entry 1583 of the bam file
2026-03-08 14:06:37,816 - WARNING - Not found cell and umi barcode in entry 1584 of the bam file
2026-03-08 14:06:37,816 - WARNING - Not found cell and umi barcode in entry 1585 of the bam file
2026-03-08 14:06:37,816 - WARNING - Not found cell and umi barcode in entry 1586 of the bam file
2026-03-08 14:06:37,816 - WARNING - Not found cell and umi barcode in entry 1587 of the bam file
2026-03-08 14:06:37,816 - WARNING - Not found cell and umi barcode in entry 1588 of the bam file
2026-03-08 14:06:37,816 - WARNING - Not found cell and umi barcode in entry 1589 of the bam file
2026-03-08 14:06:37,817 - WARNING - Not found cell and umi barcode in entry 1590 of the bam file
2026-03-08 14:06:37,817 - WARNING - Not found cell and umi barcode in entry 1591 of the bam file
2026-03-08 14:06:37,817 - WARNING - Not found cell and umi barcode in entry 1592 of the bam file
2026-03-08 14:06:37,817 - WARNING - Not found cell and umi barcode in entry 1593 of the bam file
2026-03-08 14:06:37,817 - WARNING - Not found cell and umi barcode in entry 1594 of the bam file
2026-03-08 14:06:37,817 - WARNING - Not found cell and umi barcode in entry 1595 of the bam file
2026-03-08 14:06:37,817 - WARNING - Not found cell and umi barcode in entry 1596 of the bam file
2026-03-08 14:06:37,817 - WARNING - Not found cell and umi barcode in entry 1597 of the bam file
2026-03-08 14:06:37,817 - WARNING - Not found cell and umi barcode in entry 1598 of the bam file
2026-03-08 14:06:37,817 - WARNING - Not found cell and umi barcode in entry 1599 of the bam file
2026-03-08 14:06:37,817 - WARNING - Not found cell and umi barcode in entry 1600 of the bam file
2026-03-08 14:06:37,817 - WARNING - Not found cell and umi barcode in entry 1601 of the bam file
2026-03-08 14:06:37,817 - WARNING - Not found cell and umi barcode in entry 1602 of the bam file
2026-03-08 14:06:37,817 - WARNING - Not found cell and umi barcode in entry 1603 of the bam file
2026-03-08 14:06:37,817 - WARNING - Not found cell and umi barcode in entry 1604 of the bam file
2026-03-08 14:06:37,817 - WARNING - Not found cell and umi barcode in entry 1605 of the bam file
2026-03-08 14:06:37,817 - WARNING - Not found cell and umi barcode in entry 1606 of the bam file
2026-03-08 14:06:37,817 - WARNING - Not found cell and umi barcode in entry 1607 of the bam file
2026-03-08 14:06:37,817 - WARNING - Not found cell and umi barcode in entry 1608 of the bam file
2026-03-08 14:06:37,817 - WARNING - Not found cell and umi barcode in entry 1609 of the bam file
2026-03-08 14:06:37,817 - WARNING - Not found cell and umi barcode in entry 1610 of the bam file
2026-03-08 14:06:37,817 - WARNING - Not found cell and umi barcode in entry 1611 of the bam file
2026-03-08 14:06:37,817 - WARNING - Not found cell and umi barcode in entry 1612 of the bam file
2026-03-08 14:06:37,817 - WARNING - Not found cell and umi barcode in entry 1613 of the bam file
2026-03-08 14:06:37,817 - WARNING - Not found cell and umi barcode in entry 1614 of the bam file
2026-03-08 14:06:37,817 - WARNING - Not found cell and umi barcode in entry 1615 of the bam file
2026-03-08 14:06:37,817 - WARNING - Not found cell and umi barcode in entry 1616 of the bam file
2026-03-08 14:06:37,817 - WARNING - Not found cell and umi barcode in entry 1617 of the bam file
2026-03-08 14:06:37,817 - WARNING - Not found cell and umi barcode in entry 1618 of the bam file
2026-03-08 14:06:37,817 - WARNING - Not found cell and umi barcode in entry 1619 of the bam file
2026-03-08 14:06:37,817 - WARNING - Not found cell and umi barcode in entry 1620 of the bam file
2026-03-08 14:06:37,817 - WARNING - Not found cell and umi barcode in entry 1621 of the bam file
2026-03-08 14:06:37,817 - WARNING - Not found cell and umi barcode in entry 1622 of the bam file
2026-03-08 14:06:37,817 - WARNING - Not found cell and umi barcode in entry 1623 of the bam file
2026-03-08 14:06:37,817 - WARNING - Not found cell and umi barcode in entry 1624 of the bam file
2026-03-08 14:06:37,817 - WARNING - Not found cell and umi barcode in entry 1625 of the bam file
2026-03-08 14:06:37,817 - WARNING - Not found cell and umi barcode in entry 1626 of the bam file
2026-03-08 14:06:37,817 - WARNING - Not found cell and umi barcode in entry 1627 of the bam file
2026-03-08 14:06:37,817 - WARNING - Not found cell and umi barcode in entry 1628 of the bam file
2026-03-08 14:06:37,817 - WARNING - Not found cell and umi barcode in entry 1629 of the bam file
2026-03-08 14:06:37,817 - WARNING - Not found cell and umi barcode in entry 1630 of the bam file
2026-03-08 14:06:37,817 - WARNING - Not found cell and umi barcode in entry 1631 of the bam file
2026-03-08 14:06:37,817 - WARNING - Not found cell and umi barcode in entry 1632 of the bam file
2026-03-08 14:06:37,817 - WARNING - Not found cell and umi barcode in entry 1633 of the bam file
2026-03-08 14:06:37,817 - WARNING - Not found cell and umi barcode in entry 1634 of the bam file
2026-03-08 14:06:37,817 - WARNING - Not found cell and umi barcode in entry 1635 of the bam file
2026-03-08 14:06:37,817 - WARNING - Not found cell and umi barcode in entry 1636 of the bam file
2026-03-08 14:06:37,817 - WARNING - Not found cell and umi barcode in entry 1637 of the bam file
2026-03-08 14:06:37,817 - WARNING - Not found cell and umi barcode in entry 1638 of the bam file
2026-03-08 14:06:37,817 - WARNING - Not found cell and umi barcode in entry 1639 of the bam file
2026-03-08 14:06:37,817 - WARNING - Not found cell and umi barcode in entry 1640 of the bam file
2026-03-08 14:06:37,818 - WARNING - Not found cell and umi barcode in entry 1641 of the bam file
2026-03-08 14:06:37,818 - WARNING - Not found cell and umi barcode in entry 1642 of the bam file
2026-03-08 14:06:37,818 - WARNING - Not found cell and umi barcode in entry 1643 of the bam file
2026-03-08 14:06:37,818 - WARNING - Not found cell and umi barcode in entry 1644 of the bam file
2026-03-08 14:06:37,818 - WARNING - Not found cell and umi barcode in entry 1645 of the bam file
2026-03-08 14:06:37,818 - WARNING - Not found cell and umi barcode in entry 1646 of the bam file
2026-03-08 14:06:37,818 - WARNING - Not found cell and umi barcode in entry 1647 of the bam file
2026-03-08 14:06:37,818 - WARNING - Not found cell and umi barcode in entry 1648 of the bam file
2026-03-08 14:06:37,818 - WARNING - Not found cell and umi barcode in entry 1649 of the bam file
2026-03-08 14:06:37,818 - WARNING - Not found cell and umi barcode in entry 1650 of the bam file
2026-03-08 14:06:37,818 - WARNING - Not found cell and umi barcode in entry 1651 of the bam file
2026-03-08 14:06:37,818 - WARNING - Not found cell and umi barcode in entry 1652 of the bam file
2026-03-08 14:06:37,818 - WARNING - Not found cell and umi barcode in entry 1653 of the bam file
2026-03-08 14:06:37,818 - WARNING - Not found cell and umi barcode in entry 1654 of the bam file
2026-03-08 14:06:37,818 - WARNING - Not found cell and umi barcode in entry 1655 of the bam file
2026-03-08 14:06:37,818 - WARNING - Not found cell and umi barcode in entry 1656 of the bam file
2026-03-08 14:06:37,818 - WARNING - Not found cell and umi barcode in entry 1657 of the bam file
2026-03-08 14:06:37,818 - WARNING - Not found cell and umi barcode in entry 1658 of the bam file
2026-03-08 14:06:37,818 - WARNING - Not found cell and umi barcode in entry 1659 of the bam file
2026-03-08 14:06:37,818 - WARNING - Not found cell and umi barcode in entry 1660 of the bam file
2026-03-08 14:06:37,818 - WARNING - Not found cell and umi barcode in entry 1661 of the bam file
2026-03-08 14:06:37,818 - WARNING - Not found cell and umi barcode in entry 1662 of the bam file
2026-03-08 14:06:37,818 - WARNING - Not found cell and umi barcode in entry 1663 of the bam file
2026-03-08 14:06:37,818 - WARNING - Not found cell and umi barcode in entry 1664 of the bam file
2026-03-08 14:06:37,818 - WARNING - Not found cell and umi barcode in entry 1665 of the bam file
2026-03-08 14:06:37,818 - WARNING - Not found cell and umi barcode in entry 1666 of the bam file
2026-03-08 14:06:37,818 - WARNING - Not found cell and umi barcode in entry 1667 of the bam file
2026-03-08 14:06:37,818 - WARNING - Not found cell and umi barcode in entry 1668 of the bam file
2026-03-08 14:06:37,818 - WARNING - Not found cell and umi barcode in entry 1669 of the bam file
2026-03-08 14:06:37,818 - WARNING - Not found cell and umi barcode in entry 1670 of the bam file
2026-03-08 14:06:37,818 - WARNING - Not found cell and umi barcode in entry 1671 of the bam file
2026-03-08 14:06:37,818 - WARNING - Not found cell and umi barcode in entry 1672 of the bam file
2026-03-08 14:06:37,818 - WARNING - Not found cell and umi barcode in entry 1673 of the bam file
2026-03-08 14:06:37,818 - WARNING - Not found cell and umi barcode in entry 1674 of the bam file
2026-03-08 14:06:37,818 - WARNING - Not found cell and umi barcode in entry 1675 of the bam file
2026-03-08 14:06:37,818 - WARNING - Not found cell and umi barcode in entry 1676 of the bam file
2026-03-08 14:06:37,818 - WARNING - Not found cell and umi barcode in entry 1677 of the bam file
2026-03-08 14:06:37,818 - WARNING - Not found cell and umi barcode in entry 1678 of the bam file
2026-03-08 14:06:37,818 - WARNING - Not found cell and umi barcode in entry 1679 of the bam file
2026-03-08 14:06:37,818 - WARNING - Not found cell and umi barcode in entry 1680 of the bam file
2026-03-08 14:06:37,818 - WARNING - Not found cell and umi barcode in entry 1681 of the bam file
2026-03-08 14:06:37,818 - WARNING - Not found cell and umi barcode in entry 1682 of the bam file
2026-03-08 14:06:37,818 - WARNING - Not found cell and umi barcode in entry 1683 of the bam file
2026-03-08 14:06:37,818 - WARNING - Not found cell and umi barcode in entry 1684 of the bam file
2026-03-08 14:06:37,818 - WARNING - Not found cell and umi barcode in entry 1685 of the bam file
2026-03-08 14:06:37,818 - WARNING - Not found cell and umi barcode in entry 1686 of the bam file
2026-03-08 14:06:37,818 - WARNING - Not found cell and umi barcode in entry 1687 of the bam file
2026-03-08 14:06:37,818 - WARNING - Not found cell and umi barcode in entry 1688 of the bam file
2026-03-08 14:06:37,818 - WARNING - Not found cell and umi barcode in entry 1689 of the bam file
2026-03-08 14:06:37,818 - WARNING - Not found cell and umi barcode in entry 1690 of the bam file
2026-03-08 14:06:37,819 - WARNING - Not found cell and umi barcode in entry 1691 of the bam file
2026-03-08 14:06:37,819 - WARNING - Not found cell and umi barcode in entry 1692 of the bam file
2026-03-08 14:06:37,819 - WARNING - Not found cell and umi barcode in entry 1693 of the bam file
2026-03-08 14:06:37,819 - WARNING - Not found cell and umi barcode in entry 1694 of the bam file
2026-03-08 14:06:37,819 - WARNING - Not found cell and umi barcode in entry 1695 of the bam file
2026-03-08 14:06:37,819 - WARNING - Not found cell and umi barcode in entry 1696 of the bam file
2026-03-08 14:06:37,819 - WARNING - Not found cell and umi barcode in entry 1697 of the bam file
2026-03-08 14:06:37,819 - WARNING - Not found cell and umi barcode in entry 1698 of the bam file
2026-03-08 14:06:37,819 - WARNING - Not found cell and umi barcode in entry 1699 of the bam file
2026-03-08 14:06:37,819 - WARNING - Not found cell and umi barcode in entry 1700 of the bam file
2026-03-08 14:06:37,819 - WARNING - Not found cell and umi barcode in entry 1701 of the bam file
2026-03-08 14:06:37,819 - WARNING - Not found cell and umi barcode in entry 1702 of the bam file
2026-03-08 14:06:37,819 - WARNING - Not found cell and umi barcode in entry 1703 of the bam file
2026-03-08 14:06:37,819 - WARNING - Not found cell and umi barcode in entry 1704 of the bam file
2026-03-08 14:06:37,819 - WARNING - Not found cell and umi barcode in entry 1705 of the bam file
2026-03-08 14:06:37,819 - WARNING - Not found cell and umi barcode in entry 1706 of the bam file
2026-03-08 14:06:37,819 - WARNING - Not found cell and umi barcode in entry 1707 of the bam file
2026-03-08 14:06:37,819 - WARNING - Not found cell and umi barcode in entry 1708 of the bam file
2026-03-08 14:06:37,819 - WARNING - Not found cell and umi barcode in entry 1709 of the bam file
2026-03-08 14:06:37,819 - WARNING - Not found cell and umi barcode in entry 1710 of the bam file
2026-03-08 14:06:37,819 - WARNING - Not found cell and umi barcode in entry 1711 of the bam file
2026-03-08 14:06:37,819 - WARNING - Not found cell and umi barcode in entry 1712 of the bam file
2026-03-08 14:06:37,819 - WARNING - Not found cell and umi barcode in entry 1713 of the bam file
2026-03-08 14:06:37,819 - WARNING - Not found cell and umi barcode in entry 1714 of the bam file
2026-03-08 14:06:37,819 - WARNING - Not found cell and umi barcode in entry 1715 of the bam file
2026-03-08 14:06:37,819 - WARNING - Not found cell and umi barcode in entry 1716 of the bam file
2026-03-08 14:06:37,819 - WARNING - Not found cell and umi barcode in entry 1717 of the bam file
2026-03-08 14:06:37,819 - WARNING - Not found cell and umi barcode in entry 1718 of the bam file
2026-03-08 14:06:37,819 - WARNING - Not found cell and umi barcode in entry 1719 of the bam file
2026-03-08 14:06:37,819 - WARNING - Not found cell and umi barcode in entry 1720 of the bam file
2026-03-08 14:06:37,819 - WARNING - Not found cell and umi barcode in entry 1721 of the bam file
2026-03-08 14:06:37,819 - WARNING - Not found cell and umi barcode in entry 1722 of the bam file
2026-03-08 14:06:37,819 - WARNING - Not found cell and umi barcode in entry 1723 of the bam file
2026-03-08 14:06:37,819 - WARNING - Not found cell and umi barcode in entry 1724 of the bam file
2026-03-08 14:06:37,819 - WARNING - Not found cell and umi barcode in entry 1725 of the bam file
2026-03-08 14:06:37,819 - WARNING - Not found cell and umi barcode in entry 1726 of the bam file
2026-03-08 14:06:37,819 - WARNING - Not found cell and umi barcode in entry 1727 of the bam file
2026-03-08 14:06:37,819 - WARNING - Not found cell and umi barcode in entry 1728 of the bam file
2026-03-08 14:06:37,819 - WARNING - Not found cell and umi barcode in entry 1729 of the bam file
2026-03-08 14:06:37,819 - WARNING - Not found cell and umi barcode in entry 1730 of the bam file
2026-03-08 14:06:37,819 - WARNING - Not found cell and umi barcode in entry 1731 of the bam file
2026-03-08 14:06:37,819 - WARNING - Not found cell and umi barcode in entry 1732 of the bam file
2026-03-08 14:06:37,819 - WARNING - Not found cell and umi barcode in entry 1733 of the bam file
2026-03-08 14:06:37,819 - WARNING - Not found cell and umi barcode in entry 1734 of the bam file
2026-03-08 14:06:37,819 - WARNING - Not found cell and umi barcode in entry 1735 of the bam file
2026-03-08 14:06:37,819 - WARNING - Not found cell and umi barcode in entry 1736 of the bam file
2026-03-08 14:06:37,819 - WARNING - Not found cell and umi barcode in entry 1737 of the bam file
2026-03-08 14:06:37,819 - WARNING - Not found cell and umi barcode in entry 1738 of the bam file
2026-03-08 14:06:37,819 - WARNING - Not found cell and umi barcode in entry 1739 of the bam file
2026-03-08 14:06:37,819 - WARNING - Not found cell and umi barcode in entry 1740 of the bam file
2026-03-08 14:06:37,819 - WARNING - Not found cell and umi barcode in entry 1741 of the bam file
2026-03-08 14:06:37,820 - WARNING - Not found cell and umi barcode in entry 1742 of the bam file
2026-03-08 14:06:37,820 - WARNING - Not found cell and umi barcode in entry 1743 of the bam file
2026-03-08 14:06:37,820 - WARNING - Not found cell and umi barcode in entry 1744 of the bam file
2026-03-08 14:06:37,820 - WARNING - Not found cell and umi barcode in entry 1745 of the bam file
2026-03-08 14:06:37,820 - WARNING - Not found cell and umi barcode in entry 1746 of the bam file
2026-03-08 14:06:37,820 - WARNING - Not found cell and umi barcode in entry 1747 of the bam file
2026-03-08 14:06:37,820 - WARNING - Not found cell and umi barcode in entry 1748 of the bam file
2026-03-08 14:06:37,820 - WARNING - Not found cell and umi barcode in entry 1749 of the bam file
2026-03-08 14:06:37,820 - WARNING - Not found cell and umi barcode in entry 1750 of the bam file
2026-03-08 14:06:37,820 - WARNING - Not found cell and umi barcode in entry 1751 of the bam file
2026-03-08 14:06:37,820 - WARNING - Not found cell and umi barcode in entry 1752 of the bam file
2026-03-08 14:06:37,820 - WARNING - Not found cell and umi barcode in entry 1753 of the bam file
2026-03-08 14:06:37,820 - WARNING - Not found cell and umi barcode in entry 1754 of the bam file
2026-03-08 14:06:37,820 - WARNING - Not found cell and umi barcode in entry 1755 of the bam file
2026-03-08 14:06:37,820 - WARNING - Not found cell and umi barcode in entry 1756 of the bam file
2026-03-08 14:06:37,820 - WARNING - Not found cell and umi barcode in entry 1757 of the bam file
2026-03-08 14:06:37,820 - WARNING - Not found cell and umi barcode in entry 1758 of the bam file
2026-03-08 14:06:37,820 - WARNING - Not found cell and umi barcode in entry 1759 of the bam file
2026-03-08 14:06:37,820 - WARNING - Not found cell and umi barcode in entry 1760 of the bam file
2026-03-08 14:06:37,820 - WARNING - Not found cell and umi barcode in entry 1761 of the bam file
2026-03-08 14:06:37,820 - WARNING - Not found cell and umi barcode in entry 1762 of the bam file
2026-03-08 14:06:37,820 - WARNING - Not found cell and umi barcode in entry 1763 of the bam file
2026-03-08 14:06:37,820 - WARNING - Not found cell and umi barcode in entry 1764 of the bam file
2026-03-08 14:06:37,820 - WARNING - Not found cell and umi barcode in entry 1765 of the bam file
2026-03-08 14:06:37,820 - WARNING - Not found cell and umi barcode in entry 1766 of the bam file
2026-03-08 14:06:37,820 - WARNING - Not found cell and umi barcode in entry 1767 of the bam file
2026-03-08 14:06:37,820 - WARNING - Not found cell and umi barcode in entry 1768 of the bam file
2026-03-08 14:06:37,820 - WARNING - Not found cell and umi barcode in entry 1769 of the bam file
2026-03-08 14:06:37,820 - WARNING - Not found cell and umi barcode in entry 1770 of the bam file
2026-03-08 14:06:37,820 - WARNING - Not found cell and umi barcode in entry 1771 of the bam file
2026-03-08 14:06:37,820 - WARNING - Not found cell and umi barcode in entry 1772 of the bam file
2026-03-08 14:06:37,820 - WARNING - Not found cell and umi barcode in entry 1773 of the bam file
2026-03-08 14:06:37,820 - WARNING - Not found cell and umi barcode in entry 1774 of the bam file
2026-03-08 14:06:37,820 - WARNING - Not found cell and umi barcode in entry 1775 of the bam file
2026-03-08 14:06:37,820 - WARNING - Not found cell and umi barcode in entry 1776 of the bam file
2026-03-08 14:06:37,820 - WARNING - Not found cell and umi barcode in entry 1777 of the bam file
2026-03-08 14:06:37,820 - WARNING - Not found cell and umi barcode in entry 1778 of the bam file
2026-03-08 14:06:37,820 - WARNING - Not found cell and umi barcode in entry 1779 of the bam file
2026-03-08 14:06:37,820 - WARNING - Not found cell and umi barcode in entry 1780 of the bam file
2026-03-08 14:06:37,820 - WARNING - Not found cell and umi barcode in entry 1781 of the bam file
2026-03-08 14:06:37,820 - WARNING - Not found cell and umi barcode in entry 1782 of the bam file
2026-03-08 14:06:37,820 - WARNING - Not found cell and umi barcode in entry 1783 of the bam file
2026-03-08 14:06:37,820 - WARNING - Not found cell and umi barcode in entry 1784 of the bam file
2026-03-08 14:06:37,820 - WARNING - Not found cell and umi barcode in entry 1785 of the bam file
2026-03-08 14:06:37,820 - WARNING - Not found cell and umi barcode in entry 1786 of the bam file
2026-03-08 14:06:37,820 - WARNING - Not found cell and umi barcode in entry 1787 of the bam file
2026-03-08 14:06:37,820 - WARNING - Not found cell and umi barcode in entry 1788 of the bam file
2026-03-08 14:06:37,821 - WARNING - Not found cell and umi barcode in entry 1789 of the bam file
2026-03-08 14:06:37,821 - WARNING - Not found cell and umi barcode in entry 1790 of the bam file
2026-03-08 14:06:37,821 - WARNING - Not found cell and umi barcode in entry 1791 of the bam file
2026-03-08 14:06:37,821 - WARNING - Not found cell and umi barcode in entry 1792 of the bam file
2026-03-08 14:06:37,821 - WARNING - Not found cell and umi barcode in entry 1793 of the bam file
2026-03-08 14:06:37,821 - WARNING - Not found cell and umi barcode in entry 1794 of the bam file
2026-03-08 14:06:37,821 - WARNING - Not found cell and umi barcode in entry 1795 of the bam file
2026-03-08 14:06:37,821 - WARNING - Not found cell and umi barcode in entry 1796 of the bam file
2026-03-08 14:06:37,821 - WARNING - Not found cell and umi barcode in entry 1797 of the bam file
2026-03-08 14:06:37,821 - WARNING - Not found cell and umi barcode in entry 1798 of the bam file
2026-03-08 14:06:37,821 - WARNING - Not found cell and umi barcode in entry 1799 of the bam file
2026-03-08 14:06:37,821 - WARNING - Not found cell and umi barcode in entry 1800 of the bam file
2026-03-08 14:06:37,821 - WARNING - Not found cell and umi barcode in entry 1801 of the bam file
2026-03-08 14:06:37,821 - WARNING - Not found cell and umi barcode in entry 1802 of the bam file
2026-03-08 14:06:37,821 - WARNING - Not found cell and umi barcode in entry 1803 of the bam file
2026-03-08 14:06:37,821 - WARNING - Not found cell and umi barcode in entry 1804 of the bam file
2026-03-08 14:06:37,821 - WARNING - Not found cell and umi barcode in entry 1805 of the bam file
2026-03-08 14:06:37,821 - WARNING - Not found cell and umi barcode in entry 1806 of the bam file
2026-03-08 14:06:37,821 - WARNING - Not found cell and umi barcode in entry 1807 of the bam file
2026-03-08 14:06:37,821 - WARNING - Not found cell and umi barcode in entry 1808 of the bam file
2026-03-08 14:06:37,821 - WARNING - Not found cell and umi barcode in entry 1809 of the bam file
2026-03-08 14:06:37,821 - WARNING - Not found cell and umi barcode in entry 1810 of the bam file
2026-03-08 14:06:37,821 - WARNING - Not found cell and umi barcode in entry 1811 of the bam file
2026-03-08 14:06:37,821 - WARNING - Not found cell and umi barcode in entry 1812 of the bam file
2026-03-08 14:06:37,821 - WARNING - Not found cell and umi barcode in entry 1813 of the bam file
2026-03-08 14:06:37,821 - WARNING - Not found cell and umi barcode in entry 1814 of the bam file
2026-03-08 14:06:37,821 - WARNING - Not found cell and umi barcode in entry 1815 of the bam file
2026-03-08 14:06:37,821 - WARNING - Not found cell and umi barcode in entry 1816 of the bam file
2026-03-08 14:06:37,821 - WARNING - Not found cell and umi barcode in entry 1817 of the bam file
2026-03-08 14:06:37,821 - WARNING - Not found cell and umi barcode in entry 1818 of the bam file
2026-03-08 14:06:37,821 - WARNING - Not found cell and umi barcode in entry 1819 of the bam file
2026-03-08 14:06:37,821 - WARNING - Not found cell and umi barcode in entry 1820 of the bam file
2026-03-08 14:06:37,821 - WARNING - Not found cell and umi barcode in entry 1821 of the bam file
2026-03-08 14:06:37,821 - WARNING - Not found cell and umi barcode in entry 1822 of the bam file
2026-03-08 14:06:37,821 - WARNING - Not found cell and umi barcode in entry 1823 of the bam file
2026-03-08 14:06:37,821 - WARNING - Not found cell and umi barcode in entry 1824 of the bam file
2026-03-08 14:06:37,821 - WARNING - Not found cell and umi barcode in entry 1825 of the bam file
2026-03-08 14:06:37,821 - WARNING - Not found cell and umi barcode in entry 1826 of the bam file
2026-03-08 14:06:37,821 - WARNING - Not found cell and umi barcode in entry 1827 of the bam file
2026-03-08 14:06:37,821 - WARNING - Not found cell and umi barcode in entry 1828 of the bam file
2026-03-08 14:06:37,821 - WARNING - Not found cell and umi barcode in entry 1829 of the bam file
2026-03-08 14:06:37,821 - WARNING - Not found cell and umi barcode in entry 1830 of the bam file
2026-03-08 14:06:37,821 - WARNING - Not found cell and umi barcode in entry 1831 of the bam file
2026-03-08 14:06:37,821 - WARNING - Not found cell and umi barcode in entry 1832 of the bam file
2026-03-08 14:06:37,821 - WARNING - Not found cell and umi barcode in entry 1833 of the bam file
2026-03-08 14:06:37,821 - WARNING - Not found cell and umi barcode in entry 1834 of the bam file
2026-03-08 14:06:37,821 - WARNING - Not found cell and umi barcode in entry 1835 of the bam file
2026-03-08 14:06:37,821 - WARNING - Not found cell and umi barcode in entry 1836 of the bam file
2026-03-08 14:06:37,821 - WARNING - Not found cell and umi barcode in entry 1837 of the bam file
2026-03-08 14:06:37,821 - WARNING - Not found cell and umi barcode in entry 1838 of the bam file
2026-03-08 14:06:37,821 - WARNING - Not found cell and umi barcode in entry 1839 of the bam file
2026-03-08 14:06:37,822 - WARNING - Not found cell and umi barcode in entry 1840 of the bam file
2026-03-08 14:06:37,822 - WARNING - Not found cell and umi barcode in entry 1841 of the bam file
2026-03-08 14:06:37,822 - WARNING - Not found cell and umi barcode in entry 1842 of the bam file
2026-03-08 14:06:37,822 - WARNING - Not found cell and umi barcode in entry 1843 of the bam file
2026-03-08 14:06:37,822 - WARNING - Not found cell and umi barcode in entry 1844 of the bam file
2026-03-08 14:06:37,822 - WARNING - Not found cell and umi barcode in entry 1845 of the bam file
2026-03-08 14:06:37,822 - WARNING - Not found cell and umi barcode in entry 1846 of the bam file
2026-03-08 14:06:37,822 - WARNING - Not found cell and umi barcode in entry 1847 of the bam file
2026-03-08 14:06:37,822 - WARNING - Not found cell and umi barcode in entry 1848 of the bam file
2026-03-08 14:06:37,822 - WARNING - Not found cell and umi barcode in entry 1849 of the bam file
2026-03-08 14:06:37,822 - WARNING - Not found cell and umi barcode in entry 1850 of the bam file
2026-03-08 14:06:37,822 - WARNING - Not found cell and umi barcode in entry 1851 of the bam file
2026-03-08 14:06:37,822 - WARNING - Not found cell and umi barcode in entry 1852 of the bam file
2026-03-08 14:06:37,822 - WARNING - Not found cell and umi barcode in entry 1853 of the bam file
2026-03-08 14:06:37,822 - WARNING - Not found cell and umi barcode in entry 1854 of the bam file
2026-03-08 14:06:37,822 - WARNING - Not found cell and umi barcode in entry 1855 of the bam file
2026-03-08 14:06:37,822 - WARNING - Not found cell and umi barcode in entry 1856 of the bam file
2026-03-08 14:06:37,822 - WARNING - Not found cell and umi barcode in entry 1857 of the bam file
2026-03-08 14:06:37,822 - WARNING - Not found cell and umi barcode in entry 1858 of the bam file
2026-03-08 14:06:37,822 - WARNING - Not found cell and umi barcode in entry 1859 of the bam file
2026-03-08 14:06:37,822 - WARNING - Not found cell and umi barcode in entry 1860 of the bam file
2026-03-08 14:06:37,822 - WARNING - Not found cell and umi barcode in entry 1861 of the bam file
2026-03-08 14:06:37,822 - WARNING - Not found cell and umi barcode in entry 1862 of the bam file
2026-03-08 14:06:37,822 - WARNING - Not found cell and umi barcode in entry 1863 of the bam file
2026-03-08 14:06:37,822 - WARNING - Not found cell and umi barcode in entry 1864 of the bam file
2026-03-08 14:06:37,822 - WARNING - Not found cell and umi barcode in entry 1865 of the bam file
2026-03-08 14:06:37,822 - WARNING - Not found cell and umi barcode in entry 1866 of the bam file
2026-03-08 14:06:37,822 - WARNING - Not found cell and umi barcode in entry 1867 of the bam file
2026-03-08 14:06:37,822 - WARNING - Not found cell and umi barcode in entry 1868 of the bam file
2026-03-08 14:06:37,822 - WARNING - Not found cell and umi barcode in entry 1869 of the bam file
2026-03-08 14:06:37,822 - WARNING - Not found cell and umi barcode in entry 1870 of the bam file
2026-03-08 14:06:37,822 - WARNING - Not found cell and umi barcode in entry 1871 of the bam file
2026-03-08 14:06:37,822 - WARNING - Not found cell and umi barcode in entry 1872 of the bam file
2026-03-08 14:06:37,822 - WARNING - Not found cell and umi barcode in entry 1873 of the bam file
2026-03-08 14:06:37,822 - WARNING - Not found cell and umi barcode in entry 1874 of the bam file
2026-03-08 14:06:37,822 - WARNING - Not found cell and umi barcode in entry 1875 of the bam file
2026-03-08 14:06:37,822 - WARNING - Not found cell and umi barcode in entry 1876 of the bam file
2026-03-08 14:06:37,822 - WARNING - Not found cell and umi barcode in entry 1877 of the bam file
2026-03-08 14:06:37,822 - WARNING - Not found cell and umi barcode in entry 1878 of the bam file
2026-03-08 14:06:37,822 - WARNING - Not found cell and umi barcode in entry 1879 of the bam file
2026-03-08 14:06:37,822 - WARNING - Not found cell and umi barcode in entry 1880 of the bam file
2026-03-08 14:06:37,822 - WARNING - Not found cell and umi barcode in entry 1881 of the bam file
2026-03-08 14:06:37,822 - WARNING - Not found cell and umi barcode in entry 1882 of the bam file
2026-03-08 14:06:37,822 - WARNING - Not found cell and umi barcode in entry 1883 of the bam file
2026-03-08 14:06:37,822 - WARNING - Not found cell and umi barcode in entry 1884 of the bam file
2026-03-08 14:06:37,822 - WARNING - Not found cell and umi barcode in entry 1885 of the bam file
2026-03-08 14:06:37,822 - WARNING - Not found cell and umi barcode in entry 1886 of the bam file
2026-03-08 14:06:37,822 - WARNING - Not found cell and umi barcode in entry 1887 of the bam file
2026-03-08 14:06:37,822 - WARNING - Not found cell and umi barcode in entry 1888 of the bam file
2026-03-08 14:06:37,823 - WARNING - Not found cell and umi barcode in entry 1889 of the bam file
2026-03-08 14:06:37,823 - WARNING - Not found cell and umi barcode in entry 1890 of the bam file
2026-03-08 14:06:37,823 - WARNING - Not found cell and umi barcode in entry 1891 of the bam file
2026-03-08 14:06:37,823 - WARNING - Not found cell and umi barcode in entry 1892 of the bam file
2026-03-08 14:06:37,823 - WARNING - Not found cell and umi barcode in entry 1893 of the bam file
2026-03-08 14:06:37,823 - WARNING - Not found cell and umi barcode in entry 1894 of the bam file
2026-03-08 14:06:37,823 - WARNING - Not found cell and umi barcode in entry 1895 of the bam file
2026-03-08 14:06:37,823 - WARNING - Not found cell and umi barcode in entry 1896 of the bam file
2026-03-08 14:06:37,823 - WARNING - Not found cell and umi barcode in entry 1897 of the bam file
2026-03-08 14:06:37,823 - WARNING - Not found cell and umi barcode in entry 1898 of the bam file
2026-03-08 14:06:37,823 - WARNING - Not found cell and umi barcode in entry 1899 of the bam file
2026-03-08 14:06:37,823 - WARNING - Not found cell and umi barcode in entry 1900 of the bam file
2026-03-08 14:06:37,823 - WARNING - Not found cell and umi barcode in entry 1901 of the bam file
2026-03-08 14:06:37,823 - WARNING - Not found cell and umi barcode in entry 1902 of the bam file
2026-03-08 14:06:37,823 - WARNING - Not found cell and umi barcode in entry 1903 of the bam file
2026-03-08 14:06:37,823 - WARNING - Not found cell and umi barcode in entry 1904 of the bam file
2026-03-08 14:06:37,823 - WARNING - Not found cell and umi barcode in entry 1905 of the bam file
2026-03-08 14:06:37,823 - WARNING - Not found cell and umi barcode in entry 1906 of the bam file
2026-03-08 14:06:37,823 - WARNING - Not found cell and umi barcode in entry 1907 of the bam file
2026-03-08 14:06:37,823 - WARNING - Not found cell and umi barcode in entry 1908 of the bam file
2026-03-08 14:06:37,823 - WARNING - Not found cell and umi barcode in entry 1909 of the bam file
2026-03-08 14:06:37,823 - WARNING - Not found cell and umi barcode in entry 1910 of the bam file
2026-03-08 14:06:37,823 - WARNING - Not found cell and umi barcode in entry 1911 of the bam file
2026-03-08 14:06:37,823 - WARNING - Not found cell and umi barcode in entry 1912 of the bam file
2026-03-08 14:06:37,823 - WARNING - Not found cell and umi barcode in entry 1913 of the bam file
2026-03-08 14:06:37,823 - WARNING - Not found cell and umi barcode in entry 1914 of the bam file
2026-03-08 14:06:37,823 - WARNING - Not found cell and umi barcode in entry 1915 of the bam file
2026-03-08 14:06:37,823 - WARNING - Not found cell and umi barcode in entry 1916 of the bam file
2026-03-08 14:06:37,823 - WARNING - Not found cell and umi barcode in entry 1917 of the bam file
2026-03-08 14:06:37,823 - WARNING - Not found cell and umi barcode in entry 1918 of the bam file
2026-03-08 14:06:37,823 - WARNING - Not found cell and umi barcode in entry 1919 of the bam file
2026-03-08 14:06:37,823 - WARNING - Not found cell and umi barcode in entry 1920 of the bam file
2026-03-08 14:06:37,823 - WARNING - Not found cell and umi barcode in entry 1921 of the bam file
2026-03-08 14:06:37,823 - WARNING - Not found cell and umi barcode in entry 1922 of the bam file
2026-03-08 14:06:37,823 - WARNING - Not found cell and umi barcode in entry 1923 of the bam file
2026-03-08 14:06:37,823 - WARNING - Not found cell and umi barcode in entry 1924 of the bam file
2026-03-08 14:06:37,823 - WARNING - Not found cell and umi barcode in entry 1925 of the bam file
2026-03-08 14:06:37,823 - WARNING - Not found cell and umi barcode in entry 1926 of the bam file
2026-03-08 14:06:37,823 - WARNING - Not found cell and umi barcode in entry 1927 of the bam file
2026-03-08 14:06:37,823 - WARNING - Not found cell and umi barcode in entry 1928 of the bam file
2026-03-08 14:06:37,823 - WARNING - Not found cell and umi barcode in entry 1929 of the bam file
2026-03-08 14:06:37,823 - WARNING - Not found cell and umi barcode in entry 1930 of the bam file
2026-03-08 14:06:37,823 - WARNING - Not found cell and umi barcode in entry 1931 of the bam file
2026-03-08 14:06:37,823 - WARNING - Not found cell and umi barcode in entry 1932 of the bam file
2026-03-08 14:06:37,823 - WARNING - Not found cell and umi barcode in entry 1933 of the bam file
2026-03-08 14:06:37,823 - WARNING - Not found cell and umi barcode in entry 1934 of the bam file
2026-03-08 14:06:37,823 - WARNING - Not found cell and umi barcode in entry 1935 of the bam file
2026-03-08 14:06:37,824 - WARNING - Not found cell and umi barcode in entry 1936 of the bam file
2026-03-08 14:06:37,824 - WARNING - Not found cell and umi barcode in entry 1937 of the bam file
2026-03-08 14:06:37,824 - WARNING - Not found cell and umi barcode in entry 1938 of the bam file
2026-03-08 14:06:37,824 - WARNING - Not found cell and umi barcode in entry 1939 of the bam file
2026-03-08 14:06:37,824 - WARNING - Not found cell and umi barcode in entry 1940 of the bam file
2026-03-08 14:06:37,824 - WARNING - Not found cell and umi barcode in entry 1941 of the bam file
2026-03-08 14:06:37,824 - WARNING - Not found cell and umi barcode in entry 1942 of the bam file
2026-03-08 14:06:37,824 - WARNING - Not found cell and umi barcode in entry 1943 of the bam file
2026-03-08 14:06:37,824 - WARNING - Not found cell and umi barcode in entry 1944 of the bam file
2026-03-08 14:06:37,824 - WARNING - Not found cell and umi barcode in entry 1945 of the bam file
2026-03-08 14:06:37,824 - WARNING - Not found cell and umi barcode in entry 1946 of the bam file
2026-03-08 14:06:37,824 - WARNING - Not found cell and umi barcode in entry 1947 of the bam file
2026-03-08 14:06:37,824 - WARNING - Not found cell and umi barcode in entry 1948 of the bam file
2026-03-08 14:06:37,824 - WARNING - Not found cell and umi barcode in entry 1949 of the bam file
2026-03-08 14:06:37,824 - WARNING - Not found cell and umi barcode in entry 1950 of the bam file
2026-03-08 14:06:37,824 - WARNING - Not found cell and umi barcode in entry 1951 of the bam file
2026-03-08 14:06:37,824 - WARNING - Not found cell and umi barcode in entry 1952 of the bam file
2026-03-08 14:06:37,824 - WARNING - Not found cell and umi barcode in entry 1953 of the bam file
2026-03-08 14:06:37,824 - WARNING - Not found cell and umi barcode in entry 1954 of the bam file
2026-03-08 14:06:37,824 - WARNING - Not found cell and umi barcode in entry 1955 of the bam file
2026-03-08 14:06:37,824 - WARNING - Not found cell and umi barcode in entry 1956 of the bam file
2026-03-08 14:06:37,824 - WARNING - Not found cell and umi barcode in entry 1957 of the bam file
2026-03-08 14:06:37,824 - WARNING - Not found cell and umi barcode in entry 1958 of the bam file
2026-03-08 14:06:37,824 - WARNING - Not found cell and umi barcode in entry 1959 of the bam file
2026-03-08 14:06:37,824 - WARNING - Not found cell and umi barcode in entry 1960 of the bam file
2026-03-08 14:06:37,824 - WARNING - Not found cell and umi barcode in entry 1961 of the bam file
2026-03-08 14:06:37,824 - WARNING - Not found cell and umi barcode in entry 1962 of the bam file
2026-03-08 14:06:37,824 - WARNING - Not found cell and umi barcode in entry 1963 of the bam file
2026-03-08 14:06:37,824 - WARNING - Not found cell and umi barcode in entry 1964 of the bam file
2026-03-08 14:06:37,824 - WARNING - Not found cell and umi barcode in entry 1965 of the bam file
2026-03-08 14:06:37,824 - WARNING - Not found cell and umi barcode in entry 1966 of the bam file
2026-03-08 14:06:37,824 - WARNING - Not found cell and umi barcode in entry 1967 of the bam file
2026-03-08 14:06:37,824 - WARNING - Not found cell and umi barcode in entry 1968 of the bam file
2026-03-08 14:06:37,824 - WARNING - Not found cell and umi barcode in entry 1969 of the bam file
2026-03-08 14:06:37,824 - WARNING - Not found cell and umi barcode in entry 1970 of the bam file
2026-03-08 14:06:37,824 - WARNING - Not found cell and umi barcode in entry 1971 of the bam file
2026-03-08 14:06:37,824 - WARNING - Not found cell and umi barcode in entry 1972 of the bam file
2026-03-08 14:06:37,824 - WARNING - Not found cell and umi barcode in entry 1973 of the bam file
2026-03-08 14:06:37,824 - WARNING - Not found cell and umi barcode in entry 1974 of the bam file
2026-03-08 14:06:37,824 - WARNING - Not found cell and umi barcode in entry 1975 of the bam file
2026-03-08 14:06:37,824 - WARNING - Not found cell and umi barcode in entry 1976 of the bam file
2026-03-08 14:06:37,824 - WARNING - Not found cell and umi barcode in entry 1977 of the bam file
2026-03-08 14:06:37,824 - WARNING - Not found cell and umi barcode in entry 1978 of the bam file
2026-03-08 14:06:37,824 - WARNING - Not found cell and umi barcode in entry 1979 of the bam file
2026-03-08 14:06:37,824 - WARNING - Not found cell and umi barcode in entry 1980 of the bam file
2026-03-08 14:06:37,824 - WARNING - Not found cell and umi barcode in entry 1981 of the bam file
2026-03-08 14:06:37,824 - WARNING - Not found cell and umi barcode in entry 1982 of the bam file
2026-03-08 14:06:37,824 - WARNING - Not found cell and umi barcode in entry 1983 of the bam file
2026-03-08 14:06:37,824 - WARNING - Not found cell and umi barcode in entry 1984 of the bam file
2026-03-08 14:06:37,824 - WARNING - Not found cell and umi barcode in entry 1985 of the bam file
2026-03-08 14:06:37,824 - WARNING - Not found cell and umi barcode in entry 1986 of the bam file
2026-03-08 14:06:37,825 - WARNING - Not found cell and umi barcode in entry 1987 of the bam file
2026-03-08 14:06:37,825 - WARNING - Not found cell and umi barcode in entry 1988 of the bam file
2026-03-08 14:06:37,825 - WARNING - Not found cell and umi barcode in entry 1989 of the bam file
2026-03-08 14:06:37,825 - WARNING - Not found cell and umi barcode in entry 1990 of the bam file
2026-03-08 14:06:37,825 - WARNING - Not found cell and umi barcode in entry 1991 of the bam file
2026-03-08 14:06:37,825 - WARNING - Not found cell and umi barcode in entry 1992 of the bam file
2026-03-08 14:06:37,825 - WARNING - Not found cell and umi barcode in entry 1993 of the bam file
2026-03-08 14:06:37,825 - WARNING - Not found cell and umi barcode in entry 1994 of the bam file
2026-03-08 14:06:37,825 - WARNING - Not found cell and umi barcode in entry 1995 of the bam file
2026-03-08 14:06:37,825 - WARNING - Not found cell and umi barcode in entry 1996 of the bam file
2026-03-08 14:06:37,825 - WARNING - Not found cell and umi barcode in entry 1997 of the bam file
2026-03-08 14:06:37,825 - WARNING - Not found cell and umi barcode in entry 1998 of the bam file
2026-03-08 14:06:37,825 - WARNING - Not found cell and umi barcode in entry 1999 of the bam file
2026-03-08 14:06:37,825 - WARNING - Not found cell and umi barcode in entry 2000 of the bam file
2026-03-08 14:06:37,825 - WARNING - Not found cell and umi barcode in entry 2001 of the bam file
2026-03-08 14:06:37,825 - WARNING - Not found cell and umi barcode in entry 2002 of the bam file
2026-03-08 14:06:37,825 - WARNING - Not found cell and umi barcode in entry 2003 of the bam file
2026-03-08 14:06:37,825 - WARNING - Not found cell and umi barcode in entry 2004 of the bam file
2026-03-08 14:06:37,825 - WARNING - Not found cell and umi barcode in entry 2005 of the bam file
2026-03-08 14:06:37,825 - WARNING - Not found cell and umi barcode in entry 2006 of the bam file
2026-03-08 14:06:37,825 - WARNING - Not found cell and umi barcode in entry 2007 of the bam file
2026-03-08 14:06:37,825 - WARNING - Not found cell and umi barcode in entry 2008 of the bam file
2026-03-08 14:06:37,825 - WARNING - Not found cell and umi barcode in entry 2009 of the bam file
2026-03-08 14:06:37,825 - WARNING - Not found cell and umi barcode in entry 2010 of the bam file
2026-03-08 14:06:37,825 - WARNING - Not found cell and umi barcode in entry 2011 of the bam file
2026-03-08 14:06:37,825 - WARNING - Not found cell and umi barcode in entry 2012 of the bam file
2026-03-08 14:06:37,825 - WARNING - Not found cell and umi barcode in entry 2013 of the bam file
2026-03-08 14:06:37,825 - WARNING - Not found cell and umi barcode in entry 2014 of the bam file
2026-03-08 14:06:37,825 - WARNING - Not found cell and umi barcode in entry 2015 of the bam file
2026-03-08 14:06:37,825 - WARNING - Not found cell and umi barcode in entry 2016 of the bam file
2026-03-08 14:06:37,825 - WARNING - Not found cell and umi barcode in entry 2017 of the bam file
2026-03-08 14:06:37,825 - WARNING - Not found cell and umi barcode in entry 2018 of the bam file
2026-03-08 14:06:37,825 - WARNING - Not found cell and umi barcode in entry 2019 of the bam file
2026-03-08 14:06:37,825 - WARNING - Not found cell and umi barcode in entry 2020 of the bam file
2026-03-08 14:06:37,825 - WARNING - Not found cell and umi barcode in entry 2021 of the bam file
2026-03-08 14:06:37,825 - WARNING - Not found cell and umi barcode in entry 2022 of the bam file
2026-03-08 14:06:37,825 - WARNING - Not found cell and umi barcode in entry 2023 of the bam file
2026-03-08 14:06:37,825 - WARNING - Not found cell and umi barcode in entry 2024 of the bam file
2026-03-08 14:06:37,825 - WARNING - Not found cell and umi barcode in entry 2025 of the bam file
2026-03-08 14:06:37,825 - WARNING - Not found cell and umi barcode in entry 2026 of the bam file
2026-03-08 14:06:37,825 - WARNING - Not found cell and umi barcode in entry 2027 of the bam file
2026-03-08 14:06:37,825 - WARNING - Not found cell and umi barcode in entry 2028 of the bam file
2026-03-08 14:06:37,825 - WARNING - Not found cell and umi barcode in entry 2029 of the bam file
2026-03-08 14:06:37,825 - WARNING - Not found cell and umi barcode in entry 2030 of the bam file
2026-03-08 14:06:37,825 - WARNING - Not found cell and umi barcode in entry 2031 of the bam file
2026-03-08 14:06:37,825 - WARNING - Not found cell and umi barcode in entry 2032 of the bam file
2026-03-08 14:06:37,825 - WARNING - Not found cell and umi barcode in entry 2033 of the bam file
2026-03-08 14:06:37,825 - WARNING - Not found cell and umi barcode in entry 2034 of the bam file
2026-03-08 14:06:37,825 - WARNING - Not found cell and umi barcode in entry 2035 of the bam file
2026-03-08 14:06:37,825 - WARNING - Not found cell and umi barcode in entry 2036 of the bam file
2026-03-08 14:06:37,826 - WARNING - Not found cell and umi barcode in entry 2037 of the bam file
2026-03-08 14:06:37,826 - WARNING - Not found cell and umi barcode in entry 2038 of the bam file
2026-03-08 14:06:37,826 - WARNING - Not found cell and umi barcode in entry 2039 of the bam file
2026-03-08 14:06:37,826 - WARNING - Not found cell and umi barcode in entry 2040 of the bam file
2026-03-08 14:06:37,826 - WARNING - Not found cell and umi barcode in entry 2041 of the bam file
2026-03-08 14:06:37,826 - WARNING - Not found cell and umi barcode in entry 2042 of the bam file
2026-03-08 14:06:37,826 - WARNING - Not found cell and umi barcode in entry 2043 of the bam file
2026-03-08 14:06:37,826 - WARNING - Not found cell and umi barcode in entry 2044 of the bam file
2026-03-08 14:06:37,826 - WARNING - Not found cell and umi barcode in entry 2045 of the bam file
2026-03-08 14:06:37,826 - WARNING - Not found cell and umi barcode in entry 2046 of the bam file
2026-03-08 14:06:37,826 - WARNING - Not found cell and umi barcode in entry 2047 of the bam file
2026-03-08 14:06:37,826 - WARNING - Not found cell and umi barcode in entry 2048 of the bam file
2026-03-08 14:06:37,826 - WARNING - Not found cell and umi barcode in entry 2049 of the bam file
2026-03-08 14:06:37,826 - WARNING - Not found cell and umi barcode in entry 2050 of the bam file
2026-03-08 14:06:37,826 - WARNING - Not found cell and umi barcode in entry 2051 of the bam file
2026-03-08 14:06:37,826 - WARNING - Not found cell and umi barcode in entry 2052 of the bam file
2026-03-08 14:06:37,826 - WARNING - Not found cell and umi barcode in entry 2053 of the bam file
2026-03-08 14:06:37,826 - WARNING - Not found cell and umi barcode in entry 2054 of the bam file
2026-03-08 14:06:37,826 - WARNING - Not found cell and umi barcode in entry 2055 of the bam file
2026-03-08 14:06:37,826 - WARNING - Not found cell and umi barcode in entry 2056 of the bam file
2026-03-08 14:06:37,826 - WARNING - Not found cell and umi barcode in entry 2057 of the bam file
2026-03-08 14:06:37,826 - WARNING - Not found cell and umi barcode in entry 2058 of the bam file
2026-03-08 14:06:37,826 - WARNING - Not found cell and umi barcode in entry 2059 of the bam file
2026-03-08 14:06:37,826 - WARNING - Not found cell and umi barcode in entry 2060 of the bam file
2026-03-08 14:06:37,826 - WARNING - Not found cell and umi barcode in entry 2061 of the bam file
2026-03-08 14:06:37,826 - WARNING - Not found cell and umi barcode in entry 2062 of the bam file
2026-03-08 14:06:37,826 - WARNING - Not found cell and umi barcode in entry 2063 of the bam file
2026-03-08 14:06:37,826 - WARNING - Not found cell and umi barcode in entry 2064 of the bam file
2026-03-08 14:06:37,826 - WARNING - Not found cell and umi barcode in entry 2065 of the bam file
2026-03-08 14:06:37,826 - WARNING - Not found cell and umi barcode in entry 2066 of the bam file
2026-03-08 14:06:37,826 - WARNING - Not found cell and umi barcode in entry 2067 of the bam file
2026-03-08 14:06:37,826 - WARNING - Not found cell and umi barcode in entry 2068 of the bam file
2026-03-08 14:06:37,826 - WARNING - Not found cell and umi barcode in entry 2069 of the bam file
2026-03-08 14:06:37,826 - WARNING - Not found cell and umi barcode in entry 2070 of the bam file
2026-03-08 14:06:37,826 - WARNING - Not found cell and umi barcode in entry 2071 of the bam file
2026-03-08 14:06:37,826 - WARNING - Not found cell and umi barcode in entry 2072 of the bam file
2026-03-08 14:06:37,826 - WARNING - Not found cell and umi barcode in entry 2073 of the bam file
2026-03-08 14:06:37,826 - WARNING - Not found cell and umi barcode in entry 2074 of the bam file
2026-03-08 14:06:37,826 - WARNING - Not found cell and umi barcode in entry 2075 of the bam file
2026-03-08 14:06:37,826 - WARNING - Not found cell and umi barcode in entry 2076 of the bam file
2026-03-08 14:06:37,826 - WARNING - Not found cell and umi barcode in entry 2077 of the bam file
2026-03-08 14:06:37,826 - WARNING - Not found cell and umi barcode in entry 2078 of the bam file
2026-03-08 14:06:37,826 - WARNING - Not found cell and umi barcode in entry 2079 of the bam file
2026-03-08 14:06:37,826 - WARNING - Not found cell and umi barcode in entry 2080 of the bam file
2026-03-08 14:06:37,826 - WARNING - Not found cell and umi barcode in entry 2081 of the bam file
2026-03-08 14:06:37,826 - WARNING - Not found cell and umi barcode in entry 2082 of the bam file
2026-03-08 14:06:37,826 - WARNING - Not found cell and umi barcode in entry 2083 of the bam file
2026-03-08 14:06:37,826 - WARNING - Not found cell and umi barcode in entry 2084 of the bam file
2026-03-08 14:06:37,826 - WARNING - Not found cell and umi barcode in entry 2085 of the bam file
2026-03-08 14:06:37,826 - WARNING - Not found cell and umi barcode in entry 2086 of the bam file
2026-03-08 14:06:37,826 - WARNING - Not found cell and umi barcode in entry 2087 of the bam file
2026-03-08 14:06:37,827 - WARNING - Not found cell and umi barcode in entry 2088 of the bam file
2026-03-08 14:06:37,827 - WARNING - Not found cell and umi barcode in entry 2089 of the bam file
2026-03-08 14:06:37,827 - WARNING - Not found cell and umi barcode in entry 2090 of the bam file
2026-03-08 14:06:37,827 - WARNING - Not found cell and umi barcode in entry 2091 of the bam file
2026-03-08 14:06:37,827 - WARNING - Not found cell and umi barcode in entry 2092 of the bam file
2026-03-08 14:06:37,827 - WARNING - Not found cell and umi barcode in entry 2093 of the bam file
2026-03-08 14:06:37,827 - WARNING - Not found cell and umi barcode in entry 2094 of the bam file
2026-03-08 14:06:37,827 - WARNING - Not found cell and umi barcode in entry 2095 of the bam file
2026-03-08 14:06:37,827 - WARNING - Not found cell and umi barcode in entry 2096 of the bam file
2026-03-08 14:06:37,827 - WARNING - Not found cell and umi barcode in entry 2097 of the bam file
2026-03-08 14:06:37,827 - WARNING - Not found cell and umi barcode in entry 2098 of the bam file
2026-03-08 14:06:37,827 - WARNING - Not found cell and umi barcode in entry 2099 of the bam file
2026-03-08 14:06:37,827 - WARNING - Not found cell and umi barcode in entry 2100 of the bam file
2026-03-08 14:06:37,827 - WARNING - Not found cell and umi barcode in entry 2101 of the bam file
2026-03-08 14:06:37,827 - WARNING - Not found cell and umi barcode in entry 2102 of the bam file
2026-03-08 14:06:37,827 - WARNING - Not found cell and umi barcode in entry 2103 of the bam file
2026-03-08 14:06:37,827 - WARNING - Not found cell and umi barcode in entry 2104 of the bam file
2026-03-08 14:06:37,827 - WARNING - Not found cell and umi barcode in entry 2105 of the bam file
2026-03-08 14:06:37,827 - WARNING - Not found cell and umi barcode in entry 2106 of the bam file
2026-03-08 14:06:37,827 - WARNING - Not found cell and umi barcode in entry 2107 of the bam file
2026-03-08 14:06:37,827 - WARNING - Not found cell and umi barcode in entry 2108 of the bam file
2026-03-08 14:06:37,827 - WARNING - Not found cell and umi barcode in entry 2109 of the bam file
2026-03-08 14:06:37,827 - WARNING - Not found cell and umi barcode in entry 2110 of the bam file
2026-03-08 14:06:37,827 - WARNING - Not found cell and umi barcode in entry 2111 of the bam file
2026-03-08 14:06:37,827 - WARNING - Not found cell and umi barcode in entry 2112 of the bam file
2026-03-08 14:06:37,827 - WARNING - Not found cell and umi barcode in entry 2113 of the bam file
2026-03-08 14:06:37,827 - WARNING - Not found cell and umi barcode in entry 2114 of the bam file
2026-03-08 14:06:37,827 - WARNING - Not found cell and umi barcode in entry 2115 of the bam file
2026-03-08 14:06:37,827 - WARNING - Not found cell and umi barcode in entry 2116 of the bam file
2026-03-08 14:06:37,827 - WARNING - Not found cell and umi barcode in entry 2117 of the bam file
2026-03-08 14:06:37,827 - WARNING - Not found cell and umi barcode in entry 2118 of the bam file
2026-03-08 14:06:37,827 - WARNING - Not found cell and umi barcode in entry 2119 of the bam file
2026-03-08 14:06:37,827 - WARNING - Not found cell and umi barcode in entry 2120 of the bam file
2026-03-08 14:06:37,827 - WARNING - Not found cell and umi barcode in entry 2121 of the bam file
2026-03-08 14:06:37,827 - WARNING - Not found cell and umi barcode in entry 2122 of the bam file
2026-03-08 14:06:37,827 - WARNING - Not found cell and umi barcode in entry 2123 of the bam file
2026-03-08 14:06:37,827 - WARNING - Not found cell and umi barcode in entry 2124 of the bam file
2026-03-08 14:06:37,827 - WARNING - Not found cell and umi barcode in entry 2125 of the bam file
2026-03-08 14:06:37,827 - WARNING - Not found cell and umi barcode in entry 2126 of the bam file
2026-03-08 14:06:37,827 - WARNING - Not found cell and umi barcode in entry 2127 of the bam file
2026-03-08 14:06:37,827 - WARNING - Not found cell and umi barcode in entry 2128 of the bam file
2026-03-08 14:06:37,827 - WARNING - Not found cell and umi barcode in entry 2129 of the bam file
2026-03-08 14:06:37,827 - WARNING - Not found cell and umi barcode in entry 2130 of the bam file
2026-03-08 14:06:37,827 - WARNING - Not found cell and umi barcode in entry 2131 of the bam file
2026-03-08 14:06:37,827 - WARNING - Not found cell and umi barcode in entry 2132 of the bam file
2026-03-08 14:06:37,827 - WARNING - Not found cell and umi barcode in entry 2133 of the bam file
2026-03-08 14:06:37,828 - WARNING - Not found cell and umi barcode in entry 2134 of the bam file
2026-03-08 14:06:37,828 - WARNING - Not found cell and umi barcode in entry 2135 of the bam file
2026-03-08 14:06:37,828 - WARNING - Not found cell and umi barcode in entry 2136 of the bam file
2026-03-08 14:06:37,828 - WARNING - Not found cell and umi barcode in entry 2137 of the bam file
2026-03-08 14:06:37,828 - WARNING - Not found cell and umi barcode in entry 2138 of the bam file
2026-03-08 14:06:37,828 - WARNING - Not found cell and umi barcode in entry 2139 of the bam file
2026-03-08 14:06:37,828 - WARNING - Not found cell and umi barcode in entry 2140 of the bam file
2026-03-08 14:06:37,828 - WARNING - Not found cell and umi barcode in entry 2141 of the bam file
2026-03-08 14:06:37,828 - WARNING - Not found cell and umi barcode in entry 2142 of the bam file
2026-03-08 14:06:37,828 - WARNING - Not found cell and umi barcode in entry 2143 of the bam file
2026-03-08 14:06:37,828 - WARNING - Not found cell and umi barcode in entry 2144 of the bam file
2026-03-08 14:06:37,828 - WARNING - Not found cell and umi barcode in entry 2145 of the bam file
2026-03-08 14:06:37,828 - WARNING - Not found cell and umi barcode in entry 2146 of the bam file
2026-03-08 14:06:37,828 - WARNING - Not found cell and umi barcode in entry 2147 of the bam file
2026-03-08 14:06:37,828 - WARNING - Not found cell and umi barcode in entry 2148 of the bam file
2026-03-08 14:06:37,828 - WARNING - Not found cell and umi barcode in entry 2149 of the bam file
2026-03-08 14:06:37,828 - WARNING - Not found cell and umi barcode in entry 2150 of the bam file
2026-03-08 14:06:37,828 - WARNING - Not found cell and umi barcode in entry 2151 of the bam file
2026-03-08 14:06:37,828 - WARNING - Not found cell and umi barcode in entry 2152 of the bam file
2026-03-08 14:06:37,828 - WARNING - Not found cell and umi barcode in entry 2153 of the bam file
2026-03-08 14:06:37,828 - WARNING - Not found cell and umi barcode in entry 2154 of the bam file
2026-03-08 14:06:37,828 - WARNING - Not found cell and umi barcode in entry 2155 of the bam file
2026-03-08 14:06:37,828 - WARNING - Not found cell and umi barcode in entry 2156 of the bam file
2026-03-08 14:06:37,828 - WARNING - Not found cell and umi barcode in entry 2157 of the bam file
2026-03-08 14:06:37,828 - WARNING - Not found cell and umi barcode in entry 2158 of the bam file
2026-03-08 14:06:37,828 - WARNING - Not found cell and umi barcode in entry 2159 of the bam file
2026-03-08 14:06:37,828 - WARNING - Not found cell and umi barcode in entry 2160 of the bam file
2026-03-08 14:06:37,828 - WARNING - Not found cell and umi barcode in entry 2161 of the bam file
2026-03-08 14:06:37,828 - WARNING - Not found cell and umi barcode in entry 2162 of the bam file
2026-03-08 14:06:37,828 - WARNING - Not found cell and umi barcode in entry 2163 of the bam file
2026-03-08 14:06:37,828 - WARNING - Not found cell and umi barcode in entry 2164 of the bam file
2026-03-08 14:06:37,828 - WARNING - Not found cell and umi barcode in entry 2165 of the bam file
2026-03-08 14:06:37,828 - WARNING - Not found cell and umi barcode in entry 2166 of the bam file
2026-03-08 14:06:37,828 - WARNING - Not found cell and umi barcode in entry 2167 of the bam file
2026-03-08 14:06:37,828 - WARNING - Not found cell and umi barcode in entry 2168 of the bam file
2026-03-08 14:06:37,828 - WARNING - Not found cell and umi barcode in entry 2169 of the bam file
2026-03-08 14:06:37,828 - WARNING - Not found cell and umi barcode in entry 2170 of the bam file
2026-03-08 14:06:37,828 - WARNING - Not found cell and umi barcode in entry 2171 of the bam file
2026-03-08 14:06:37,828 - WARNING - Not found cell and umi barcode in entry 2172 of the bam file
2026-03-08 14:06:37,828 - WARNING - Not found cell and umi barcode in entry 2173 of the bam file
2026-03-08 14:06:37,828 - WARNING - Not found cell and umi barcode in entry 2174 of the bam file
2026-03-08 14:06:37,828 - WARNING - Not found cell and umi barcode in entry 2175 of the bam file
2026-03-08 14:06:37,828 - WARNING - Not found cell and umi barcode in entry 2176 of the bam file
2026-03-08 14:06:37,828 - WARNING - Not found cell and umi barcode in entry 2177 of the bam file
2026-03-08 14:06:37,828 - WARNING - Not found cell and umi barcode in entry 2178 of the bam file
2026-03-08 14:06:37,828 - WARNING - Not found cell and umi barcode in entry 2179 of the bam file
2026-03-08 14:06:37,828 - WARNING - Not found cell and umi barcode in entry 2180 of the bam file
2026-03-08 14:06:37,828 - WARNING - Not found cell and umi barcode in entry 2181 of the bam file
2026-03-08 14:06:37,828 - WARNING - Not found cell and umi barcode in entry 2182 of the bam file
2026-03-08 14:06:37,828 - WARNING - Not found cell and umi barcode in entry 2183 of the bam file
2026-03-08 14:06:37,828 - WARNING - Not found cell and umi barcode in entry 2184 of the bam file
2026-03-08 14:06:37,829 - WARNING - Not found cell and umi barcode in entry 2185 of the bam file
2026-03-08 14:06:37,829 - WARNING - Not found cell and umi barcode in entry 2186 of the bam file
2026-03-08 14:06:37,829 - WARNING - Not found cell and umi barcode in entry 2187 of the bam file
2026-03-08 14:06:37,829 - WARNING - Not found cell and umi barcode in entry 2188 of the bam file
2026-03-08 14:06:37,829 - WARNING - Not found cell and umi barcode in entry 2189 of the bam file
2026-03-08 14:06:37,829 - WARNING - Not found cell and umi barcode in entry 2190 of the bam file
2026-03-08 14:06:37,829 - WARNING - Not found cell and umi barcode in entry 2191 of the bam file
2026-03-08 14:06:37,829 - WARNING - Not found cell and umi barcode in entry 2192 of the bam file
2026-03-08 14:06:37,829 - WARNING - Not found cell and umi barcode in entry 2193 of the bam file
2026-03-08 14:06:37,829 - WARNING - Not found cell and umi barcode in entry 2194 of the bam file
2026-03-08 14:06:37,829 - WARNING - Not found cell and umi barcode in entry 2195 of the bam file
2026-03-08 14:06:37,829 - WARNING - Not found cell and umi barcode in entry 2196 of the bam file
2026-03-08 14:06:37,829 - WARNING - Not found cell and umi barcode in entry 2197 of the bam file
2026-03-08 14:06:37,829 - WARNING - Not found cell and umi barcode in entry 2198 of the bam file
2026-03-08 14:06:37,829 - WARNING - Not found cell and umi barcode in entry 2199 of the bam file
2026-03-08 14:06:37,829 - WARNING - Not found cell and umi barcode in entry 2200 of the bam file
2026-03-08 14:06:37,829 - WARNING - Not found cell and umi barcode in entry 2201 of the bam file
2026-03-08 14:06:37,829 - WARNING - Not found cell and umi barcode in entry 2202 of the bam file
2026-03-08 14:06:37,829 - WARNING - Not found cell and umi barcode in entry 2203 of the bam file
2026-03-08 14:06:37,829 - WARNING - Not found cell and umi barcode in entry 2204 of the bam file
2026-03-08 14:06:37,829 - WARNING - Not found cell and umi barcode in entry 2205 of the bam file
2026-03-08 14:06:37,829 - WARNING - Not found cell and umi barcode in entry 2206 of the bam file
2026-03-08 14:06:37,829 - WARNING - Not found cell and umi barcode in entry 2207 of the bam file
2026-03-08 14:06:37,829 - WARNING - Not found cell and umi barcode in entry 2208 of the bam file
2026-03-08 14:06:37,829 - WARNING - Not found cell and umi barcode in entry 2209 of the bam file
2026-03-08 14:06:37,829 - WARNING - Not found cell and umi barcode in entry 2210 of the bam file
2026-03-08 14:06:37,829 - WARNING - Not found cell and umi barcode in entry 2211 of the bam file
2026-03-08 14:06:37,829 - WARNING - Not found cell and umi barcode in entry 2212 of the bam file
2026-03-08 14:06:37,829 - WARNING - Not found cell and umi barcode in entry 2213 of the bam file
2026-03-08 14:06:37,829 - WARNING - Not found cell and umi barcode in entry 2214 of the bam file
2026-03-08 14:06:37,829 - WARNING - Not found cell and umi barcode in entry 2215 of the bam file
2026-03-08 14:06:37,829 - WARNING - Not found cell and umi barcode in entry 2216 of the bam file
2026-03-08 14:06:37,829 - WARNING - Not found cell and umi barcode in entry 2217 of the bam file
2026-03-08 14:06:37,829 - WARNING - Not found cell and umi barcode in entry 2218 of the bam file
2026-03-08 14:06:37,829 - WARNING - Not found cell and umi barcode in entry 2219 of the bam file
2026-03-08 14:06:37,829 - WARNING - Not found cell and umi barcode in entry 2220 of the bam file
2026-03-08 14:06:37,829 - WARNING - Not found cell and umi barcode in entry 2221 of the bam file
2026-03-08 14:06:37,829 - WARNING - Not found cell and umi barcode in entry 2222 of the bam file
2026-03-08 14:06:37,829 - WARNING - Not found cell and umi barcode in entry 2223 of the bam file
2026-03-08 14:06:37,829 - WARNING - Not found cell and umi barcode in entry 2224 of the bam file
2026-03-08 14:06:37,829 - WARNING - Not found cell and umi barcode in entry 2225 of the bam file
2026-03-08 14:06:37,829 - WARNING - Not found cell and umi barcode in entry 2226 of the bam file
2026-03-08 14:06:37,829 - WARNING - Not found cell and umi barcode in entry 2227 of the bam file
2026-03-08 14:06:37,829 - WARNING - Not found cell and umi barcode in entry 2228 of the bam file
2026-03-08 14:06:37,829 - WARNING - Not found cell and umi barcode in entry 2229 of the bam file
2026-03-08 14:06:37,829 - WARNING - Not found cell and umi barcode in entry 2230 of the bam file
2026-03-08 14:06:37,829 - WARNING - Not found cell and umi barcode in entry 2231 of the bam file
2026-03-08 14:06:37,829 - WARNING - Not found cell and umi barcode in entry 2232 of the bam file
2026-03-08 14:06:37,829 - WARNING - Not found cell and umi barcode in entry 2233 of the bam file
2026-03-08 14:06:37,829 - WARNING - Not found cell and umi barcode in entry 2234 of the bam file
2026-03-08 14:06:37,829 - WARNING - Not found cell and umi barcode in entry 2235 of the bam file
2026-03-08 14:06:37,830 - WARNING - Not found cell and umi barcode in entry 2236 of the bam file
2026-03-08 14:06:37,830 - WARNING - Not found cell and umi barcode in entry 2237 of the bam file
2026-03-08 14:06:37,830 - WARNING - Not found cell and umi barcode in entry 2238 of the bam file
2026-03-08 14:06:37,830 - WARNING - Not found cell and umi barcode in entry 2239 of the bam file
2026-03-08 14:06:37,830 - WARNING - Not found cell and umi barcode in entry 2240 of the bam file
2026-03-08 14:06:37,830 - WARNING - Not found cell and umi barcode in entry 2241 of the bam file
2026-03-08 14:06:37,830 - WARNING - Not found cell and umi barcode in entry 2242 of the bam file
2026-03-08 14:06:37,830 - WARNING - Not found cell and umi barcode in entry 2243 of the bam file
2026-03-08 14:06:37,830 - WARNING - Not found cell and umi barcode in entry 2244 of the bam file
2026-03-08 14:06:37,830 - WARNING - Not found cell and umi barcode in entry 2245 of the bam file
2026-03-08 14:06:37,830 - WARNING - Not found cell and umi barcode in entry 2246 of the bam file
2026-03-08 14:06:37,830 - WARNING - Not found cell and umi barcode in entry 2247 of the bam file
2026-03-08 14:06:37,830 - WARNING - Not found cell and umi barcode in entry 2248 of the bam file
2026-03-08 14:06:37,830 - WARNING - Not found cell and umi barcode in entry 2249 of the bam file
2026-03-08 14:06:37,830 - WARNING - Not found cell and umi barcode in entry 2250 of the bam file
2026-03-08 14:06:37,830 - WARNING - Not found cell and umi barcode in entry 2251 of the bam file
2026-03-08 14:06:37,830 - WARNING - Not found cell and umi barcode in entry 2252 of the bam file
2026-03-08 14:06:37,830 - WARNING - Not found cell and umi barcode in entry 2253 of the bam file
2026-03-08 14:06:37,830 - WARNING - Not found cell and umi barcode in entry 2254 of the bam file
2026-03-08 14:06:37,830 - WARNING - Not found cell and umi barcode in entry 2255 of the bam file
2026-03-08 14:06:37,830 - WARNING - Not found cell and umi barcode in entry 2256 of the bam file
2026-03-08 14:06:37,830 - WARNING - Not found cell and umi barcode in entry 2257 of the bam file
2026-03-08 14:06:37,830 - WARNING - Not found cell and umi barcode in entry 2258 of the bam file
2026-03-08 14:06:37,830 - WARNING - Not found cell and umi barcode in entry 2259 of the bam file
2026-03-08 14:06:37,830 - WARNING - Not found cell and umi barcode in entry 2260 of the bam file
2026-03-08 14:06:37,830 - WARNING - Not found cell and umi barcode in entry 2261 of the bam file
2026-03-08 14:06:37,830 - WARNING - Not found cell and umi barcode in entry 2262 of the bam file
2026-03-08 14:06:37,830 - WARNING - Not found cell and umi barcode in entry 2263 of the bam file
2026-03-08 14:06:37,830 - WARNING - Not found cell and umi barcode in entry 2264 of the bam file
2026-03-08 14:06:37,830 - WARNING - Not found cell and umi barcode in entry 2265 of the bam file
2026-03-08 14:06:37,830 - WARNING - Not found cell and umi barcode in entry 2266 of the bam file
2026-03-08 14:06:37,830 - WARNING - Not found cell and umi barcode in entry 2267 of the bam file
2026-03-08 14:06:37,830 - WARNING - Not found cell and umi barcode in entry 2268 of the bam file
2026-03-08 14:06:37,830 - WARNING - Not found cell and umi barcode in entry 2269 of the bam file
2026-03-08 14:06:37,830 - WARNING - Not found cell and umi barcode in entry 2270 of the bam file
2026-03-08 14:06:37,830 - WARNING - Not found cell and umi barcode in entry 2271 of the bam file
2026-03-08 14:06:37,830 - WARNING - Not found cell and umi barcode in entry 2272 of the bam file
2026-03-08 14:06:37,830 - WARNING - Not found cell and umi barcode in entry 2273 of the bam file
2026-03-08 14:06:37,830 - WARNING - Not found cell and umi barcode in entry 2274 of the bam file
2026-03-08 14:06:37,830 - WARNING - Not found cell and umi barcode in entry 2275 of the bam file
2026-03-08 14:06:37,830 - WARNING - Not found cell and umi barcode in entry 2276 of the bam file
2026-03-08 14:06:37,830 - WARNING - Not found cell and umi barcode in entry 2277 of the bam file
2026-03-08 14:06:37,830 - WARNING - Not found cell and umi barcode in entry 2278 of the bam file
2026-03-08 14:06:37,830 - WARNING - Not found cell and umi barcode in entry 2279 of the bam file
2026-03-08 14:06:37,830 - WARNING - Not found cell and umi barcode in entry 2280 of the bam file
2026-03-08 14:06:37,830 - WARNING - Not found cell and umi barcode in entry 2281 of the bam file
2026-03-08 14:06:37,831 - WARNING - Not found cell and umi barcode in entry 2282 of the bam file
2026-03-08 14:06:37,831 - WARNING - Not found cell and umi barcode in entry 2283 of the bam file
2026-03-08 14:06:37,831 - WARNING - Not found cell and umi barcode in entry 2284 of the bam file
2026-03-08 14:06:37,831 - WARNING - Not found cell and umi barcode in entry 2285 of the bam file
2026-03-08 14:06:37,831 - WARNING - Not found cell and umi barcode in entry 2286 of the bam file
2026-03-08 14:06:37,831 - WARNING - Not found cell and umi barcode in entry 2287 of the bam file
2026-03-08 14:06:37,831 - WARNING - Not found cell and umi barcode in entry 2288 of the bam file
2026-03-08 14:06:37,831 - WARNING - Not found cell and umi barcode in entry 2289 of the bam file
2026-03-08 14:06:37,831 - WARNING - Not found cell and umi barcode in entry 2290 of the bam file
2026-03-08 14:06:37,831 - WARNING - Not found cell and umi barcode in entry 2291 of the bam file
2026-03-08 14:06:37,831 - WARNING - Not found cell and umi barcode in entry 2292 of the bam file
2026-03-08 14:06:37,831 - WARNING - Not found cell and umi barcode in entry 2293 of the bam file
2026-03-08 14:06:37,831 - WARNING - Not found cell and umi barcode in entry 2294 of the bam file
2026-03-08 14:06:37,831 - WARNING - Not found cell and umi barcode in entry 2295 of the bam file
2026-03-08 14:06:37,831 - WARNING - Not found cell and umi barcode in entry 2296 of the bam file
2026-03-08 14:06:37,831 - WARNING - Not found cell and umi barcode in entry 2297 of the bam file
2026-03-08 14:06:37,831 - WARNING - Not found cell and umi barcode in entry 2298 of the bam file
2026-03-08 14:06:37,831 - WARNING - Not found cell and umi barcode in entry 2299 of the bam file
2026-03-08 14:06:37,831 - WARNING - Not found cell and umi barcode in entry 2300 of the bam file
2026-03-08 14:06:37,831 - WARNING - Not found cell and umi barcode in entry 2301 of the bam file
2026-03-08 14:06:37,831 - WARNING - Not found cell and umi barcode in entry 2302 of the bam file
2026-03-08 14:06:37,831 - WARNING - Not found cell and umi barcode in entry 2303 of the bam file
2026-03-08 14:06:37,831 - WARNING - Not found cell and umi barcode in entry 2304 of the bam file
2026-03-08 14:06:37,831 - WARNING - Not found cell and umi barcode in entry 2305 of the bam file
2026-03-08 14:06:37,831 - WARNING - Not found cell and umi barcode in entry 2306 of the bam file
2026-03-08 14:06:37,831 - WARNING - Not found cell and umi barcode in entry 2307 of the bam file
2026-03-08 14:06:37,831 - WARNING - Not found cell and umi barcode in entry 2308 of the bam file
2026-03-08 14:06:37,831 - WARNING - Not found cell and umi barcode in entry 2309 of the bam file
2026-03-08 14:06:37,831 - WARNING - Not found cell and umi barcode in entry 2310 of the bam file
2026-03-08 14:06:37,831 - WARNING - Not found cell and umi barcode in entry 2311 of the bam file
2026-03-08 14:06:37,831 - WARNING - Not found cell and umi barcode in entry 2312 of the bam file
2026-03-08 14:06:37,831 - WARNING - Not found cell and umi barcode in entry 2313 of the bam file
2026-03-08 14:06:37,831 - WARNING - Not found cell and umi barcode in entry 2314 of the bam file
2026-03-08 14:06:37,831 - WARNING - Not found cell and umi barcode in entry 2315 of the bam file
2026-03-08 14:06:37,831 - WARNING - Not found cell and umi barcode in entry 2316 of the bam file
2026-03-08 14:06:37,831 - WARNING - Not found cell and umi barcode in entry 2317 of the bam file
2026-03-08 14:06:37,831 - WARNING - Not found cell and umi barcode in entry 2318 of the bam file
2026-03-08 14:06:37,831 - WARNING - Not found cell and umi barcode in entry 2319 of the bam file
2026-03-08 14:06:37,831 - WARNING - Not found cell and umi barcode in entry 2320 of the bam file
2026-03-08 14:06:37,831 - WARNING - Not found cell and umi barcode in entry 2321 of the bam file
2026-03-08 14:06:37,831 - WARNING - Not found cell and umi barcode in entry 2322 of the bam file
2026-03-08 14:06:37,831 - WARNING - Not found cell and umi barcode in entry 2323 of the bam file
2026-03-08 14:06:37,831 - WARNING - Not found cell and umi barcode in entry 2324 of the bam file
2026-03-08 14:06:37,831 - WARNING - Not found cell and umi barcode in entry 2325 of the bam file
2026-03-08 14:06:37,831 - WARNING - Not found cell and umi barcode in entry 2326 of the bam file
2026-03-08 14:06:37,831 - WARNING - Not found cell and umi barcode in entry 2327 of the bam file
2026-03-08 14:06:37,831 - WARNING - Not found cell and umi barcode in entry 2328 of the bam file
2026-03-08 14:06:37,831 - WARNING - Not found cell and umi barcode in entry 2329 of the bam file
2026-03-08 14:06:37,831 - WARNING - Not found cell and umi barcode in entry 2330 of the bam file
2026-03-08 14:06:37,831 - WARNING - Not found cell and umi barcode in entry 2331 of the bam file
2026-03-08 14:06:37,831 - WARNING - Not found cell and umi barcode in entry 2332 of the bam file
2026-03-08 14:06:37,832 - WARNING - Not found cell and umi barcode in entry 2333 of the bam file
2026-03-08 14:06:37,832 - WARNING - Not found cell and umi barcode in entry 2334 of the bam file
2026-03-08 14:06:37,832 - WARNING - Not found cell and umi barcode in entry 2335 of the bam file
2026-03-08 14:06:37,832 - WARNING - Not found cell and umi barcode in entry 2336 of the bam file
2026-03-08 14:06:37,832 - WARNING - Not found cell and umi barcode in entry 2337 of the bam file
2026-03-08 14:06:37,832 - WARNING - Not found cell and umi barcode in entry 2338 of the bam file
2026-03-08 14:06:37,832 - WARNING - Not found cell and umi barcode in entry 2339 of the bam file
2026-03-08 14:06:37,832 - WARNING - Not found cell and umi barcode in entry 2340 of the bam file
2026-03-08 14:06:37,832 - WARNING - Not found cell and umi barcode in entry 2341 of the bam file
2026-03-08 14:06:37,832 - WARNING - Not found cell and umi barcode in entry 2342 of the bam file
2026-03-08 14:06:37,832 - WARNING - Not found cell and umi barcode in entry 2343 of the bam file
2026-03-08 14:06:37,832 - WARNING - Not found cell and umi barcode in entry 2344 of the bam file
2026-03-08 14:06:37,832 - WARNING - Not found cell and umi barcode in entry 2345 of the bam file
2026-03-08 14:06:37,832 - WARNING - Not found cell and umi barcode in entry 2346 of the bam file
2026-03-08 14:06:37,832 - WARNING - Not found cell and umi barcode in entry 2347 of the bam file
2026-03-08 14:06:37,832 - WARNING - Not found cell and umi barcode in entry 2348 of the bam file
2026-03-08 14:06:37,832 - WARNING - Not found cell and umi barcode in entry 2349 of the bam file
2026-03-08 14:06:37,832 - WARNING - Not found cell and umi barcode in entry 2350 of the bam file
2026-03-08 14:06:37,832 - WARNING - Not found cell and umi barcode in entry 2351 of the bam file
2026-03-08 14:06:37,832 - WARNING - Not found cell and umi barcode in entry 2352 of the bam file
2026-03-08 14:06:37,832 - WARNING - Not found cell and umi barcode in entry 2353 of the bam file
2026-03-08 14:06:37,832 - WARNING - Not found cell and umi barcode in entry 2354 of the bam file
2026-03-08 14:06:37,832 - WARNING - Not found cell and umi barcode in entry 2355 of the bam file
2026-03-08 14:06:37,832 - WARNING - Not found cell and umi barcode in entry 2356 of the bam file
2026-03-08 14:06:37,832 - WARNING - Not found cell and umi barcode in entry 2357 of the bam file
2026-03-08 14:06:37,832 - WARNING - Not found cell and umi barcode in entry 2358 of the bam file
2026-03-08 14:06:37,832 - WARNING - Not found cell and umi barcode in entry 2359 of the bam file
2026-03-08 14:06:37,832 - WARNING - Not found cell and umi barcode in entry 2360 of the bam file
2026-03-08 14:06:37,832 - WARNING - Not found cell and umi barcode in entry 2361 of the bam file
2026-03-08 14:06:37,832 - WARNING - Not found cell and umi barcode in entry 2362 of the bam file
2026-03-08 14:06:37,832 - WARNING - Not found cell and umi barcode in entry 2363 of the bam file
2026-03-08 14:06:37,832 - WARNING - Not found cell and umi barcode in entry 2364 of the bam file
2026-03-08 14:06:37,832 - WARNING - Not found cell and umi barcode in entry 2365 of the bam file
2026-03-08 14:06:37,832 - WARNING - Not found cell and umi barcode in entry 2366 of the bam file
2026-03-08 14:06:37,832 - WARNING - Not found cell and umi barcode in entry 2367 of the bam file
2026-03-08 14:06:37,832 - WARNING - Not found cell and umi barcode in entry 2368 of the bam file
2026-03-08 14:06:37,832 - WARNING - Not found cell and umi barcode in entry 2369 of the bam file
2026-03-08 14:06:37,832 - WARNING - Not found cell and umi barcode in entry 2370 of the bam file
2026-03-08 14:06:37,832 - WARNING - Not found cell and umi barcode in entry 2371 of the bam file
2026-03-08 14:06:37,832 - WARNING - Not found cell and umi barcode in entry 2372 of the bam file
2026-03-08 14:06:37,832 - WARNING - Not found cell and umi barcode in entry 2373 of the bam file
2026-03-08 14:06:37,832 - WARNING - Not found cell and umi barcode in entry 2374 of the bam file
2026-03-08 14:06:37,832 - WARNING - Not found cell and umi barcode in entry 2375 of the bam file
2026-03-08 14:06:37,832 - WARNING - Not found cell and umi barcode in entry 2376 of the bam file
2026-03-08 14:06:37,832 - WARNING - Not found cell and umi barcode in entry 2377 of the bam file
2026-03-08 14:06:37,832 - WARNING - Not found cell and umi barcode in entry 2378 of the bam file
2026-03-08 14:06:37,832 - WARNING - Not found cell and umi barcode in entry 2379 of the bam file
2026-03-08 14:06:37,832 - WARNING - Not found cell and umi barcode in entry 2380 of the bam file
2026-03-08 14:06:37,832 - WARNING - Not found cell and umi barcode in entry 2381 of the bam file
2026-03-08 14:06:37,832 - WARNING - Not found cell and umi barcode in entry 2382 of the bam file
2026-03-08 14:06:37,832 - WARNING - Not found cell and umi barcode in entry 2383 of the bam file
2026-03-08 14:06:37,833 - WARNING - Not found cell and umi barcode in entry 2384 of the bam file
2026-03-08 14:06:37,833 - WARNING - Not found cell and umi barcode in entry 2385 of the bam file
2026-03-08 14:06:37,833 - WARNING - Not found cell and umi barcode in entry 2386 of the bam file
2026-03-08 14:06:37,833 - WARNING - Not found cell and umi barcode in entry 2387 of the bam file
2026-03-08 14:06:37,833 - WARNING - Not found cell and umi barcode in entry 2388 of the bam file
2026-03-08 14:06:37,833 - WARNING - Not found cell and umi barcode in entry 2389 of the bam file
2026-03-08 14:06:37,833 - WARNING - Not found cell and umi barcode in entry 2390 of the bam file
2026-03-08 14:06:37,833 - WARNING - Not found cell and umi barcode in entry 2391 of the bam file
2026-03-08 14:06:37,833 - WARNING - Not found cell and umi barcode in entry 2392 of the bam file
2026-03-08 14:06:37,833 - WARNING - Not found cell and umi barcode in entry 2393 of the bam file
2026-03-08 14:06:37,833 - WARNING - Not found cell and umi barcode in entry 2394 of the bam file
2026-03-08 14:06:37,833 - WARNING - Not found cell and umi barcode in entry 2395 of the bam file
2026-03-08 14:06:37,833 - WARNING - Not found cell and umi barcode in entry 2396 of the bam file
2026-03-08 14:06:37,833 - WARNING - Not found cell and umi barcode in entry 2397 of the bam file
2026-03-08 14:06:37,833 - WARNING - Not found cell and umi barcode in entry 2398 of the bam file
2026-03-08 14:06:37,833 - WARNING - Not found cell and umi barcode in entry 2399 of the bam file
2026-03-08 14:06:37,833 - WARNING - Not found cell and umi barcode in entry 2400 of the bam file
2026-03-08 14:06:37,833 - WARNING - Not found cell and umi barcode in entry 2401 of the bam file
2026-03-08 14:06:37,833 - WARNING - Not found cell and umi barcode in entry 2402 of the bam file
2026-03-08 14:06:37,833 - WARNING - Not found cell and umi barcode in entry 2403 of the bam file
2026-03-08 14:06:37,833 - WARNING - Not found cell and umi barcode in entry 2404 of the bam file
2026-03-08 14:06:37,833 - WARNING - Not found cell and umi barcode in entry 2405 of the bam file
2026-03-08 14:06:37,833 - WARNING - Not found cell and umi barcode in entry 2406 of the bam file
2026-03-08 14:06:37,833 - WARNING - Not found cell and umi barcode in entry 2407 of the bam file
2026-03-08 14:06:37,833 - WARNING - Not found cell and umi barcode in entry 2408 of the bam file
2026-03-08 14:06:37,833 - WARNING - Not found cell and umi barcode in entry 2409 of the bam file
2026-03-08 14:06:37,833 - WARNING - Not found cell and umi barcode in entry 2410 of the bam file
2026-03-08 14:06:37,833 - WARNING - Not found cell and umi barcode in entry 2411 of the bam file
2026-03-08 14:06:37,833 - WARNING - Not found cell and umi barcode in entry 2412 of the bam file
2026-03-08 14:06:37,833 - WARNING - Not found cell and umi barcode in entry 2413 of the bam file
2026-03-08 14:06:37,833 - WARNING - Not found cell and umi barcode in entry 2414 of the bam file
2026-03-08 14:06:37,833 - WARNING - Not found cell and umi barcode in entry 2415 of the bam file
2026-03-08 14:06:37,833 - WARNING - Not found cell and umi barcode in entry 2416 of the bam file
2026-03-08 14:06:37,833 - WARNING - Not found cell and umi barcode in entry 2417 of the bam file
2026-03-08 14:06:37,833 - WARNING - Not found cell and umi barcode in entry 2418 of the bam file
2026-03-08 14:06:37,833 - WARNING - Not found cell and umi barcode in entry 2419 of the bam file
2026-03-08 14:06:37,833 - WARNING - Not found cell and umi barcode in entry 2420 of the bam file
2026-03-08 14:06:37,833 - WARNING - Not found cell and umi barcode in entry 2421 of the bam file
2026-03-08 14:06:37,833 - WARNING - Not found cell and umi barcode in entry 2422 of the bam file
2026-03-08 14:06:37,833 - WARNING - Not found cell and umi barcode in entry 2423 of the bam file
2026-03-08 14:06:37,833 - WARNING - Not found cell and umi barcode in entry 2424 of the bam file
2026-03-08 14:06:37,833 - WARNING - Not found cell and umi barcode in entry 2425 of the bam file
2026-03-08 14:06:37,833 - WARNING - Not found cell and umi barcode in entry 2426 of the bam file
2026-03-08 14:06:37,833 - WARNING - Not found cell and umi barcode in entry 2427 of the bam file
2026-03-08 14:06:37,833 - WARNING - Not found cell and umi barcode in entry 2428 of the bam file
2026-03-08 14:06:37,833 - WARNING - Not found cell and umi barcode in entry 2429 of the bam file
2026-03-08 14:06:37,833 - WARNING - Not found cell and umi barcode in entry 2430 of the bam file
2026-03-08 14:06:37,833 - WARNING - Not found cell and umi barcode in entry 2431 of the bam file
2026-03-08 14:06:37,833 - WARNING - Not found cell and umi barcode in entry 2432 of the bam file
2026-03-08 14:06:37,833 - WARNING - Not found cell and umi barcode in entry 2433 of the bam file
2026-03-08 14:06:37,833 - WARNING - Not found cell and umi barcode in entry 2434 of the bam file
2026-03-08 14:06:37,834 - WARNING - Not found cell and umi barcode in entry 2435 of the bam file
2026-03-08 14:06:37,834 - WARNING - Not found cell and umi barcode in entry 2436 of the bam file
2026-03-08 14:06:37,834 - WARNING - Not found cell and umi barcode in entry 2437 of the bam file
2026-03-08 14:06:37,834 - WARNING - Not found cell and umi barcode in entry 2438 of the bam file
2026-03-08 14:06:37,834 - WARNING - Not found cell and umi barcode in entry 2439 of the bam file
2026-03-08 14:06:37,834 - WARNING - Not found cell and umi barcode in entry 2440 of the bam file
2026-03-08 14:06:37,834 - WARNING - Not found cell and umi barcode in entry 2441 of the bam file
2026-03-08 14:06:37,834 - WARNING - Not found cell and umi barcode in entry 2442 of the bam file
2026-03-08 14:06:37,834 - WARNING - Not found cell and umi barcode in entry 2443 of the bam file
2026-03-08 14:06:37,834 - WARNING - Not found cell and umi barcode in entry 2444 of the bam file
2026-03-08 14:06:37,834 - WARNING - Not found cell and umi barcode in entry 2445 of the bam file
2026-03-08 14:06:37,834 - WARNING - Not found cell and umi barcode in entry 2446 of the bam file
2026-03-08 14:06:37,834 - WARNING - Not found cell and umi barcode in entry 2447 of the bam file
2026-03-08 14:06:37,834 - WARNING - Not found cell and umi barcode in entry 2448 of the bam file
2026-03-08 14:06:37,834 - WARNING - Not found cell and umi barcode in entry 2449 of the bam file
2026-03-08 14:06:37,834 - WARNING - Not found cell and umi barcode in entry 2450 of the bam file
2026-03-08 14:06:37,834 - WARNING - Not found cell and umi barcode in entry 2451 of the bam file
2026-03-08 14:06:37,834 - WARNING - Not found cell and umi barcode in entry 2452 of the bam file
2026-03-08 14:06:37,834 - WARNING - Not found cell and umi barcode in entry 2453 of the bam file
2026-03-08 14:06:37,834 - WARNING - Not found cell and umi barcode in entry 2454 of the bam file
2026-03-08 14:06:37,834 - WARNING - Not found cell and umi barcode in entry 2455 of the bam file
2026-03-08 14:06:37,834 - WARNING - Not found cell and umi barcode in entry 2456 of the bam file
2026-03-08 14:06:37,834 - WARNING - Not found cell and umi barcode in entry 2457 of the bam file
2026-03-08 14:06:37,834 - WARNING - Not found cell and umi barcode in entry 2458 of the bam file
2026-03-08 14:06:37,834 - WARNING - Not found cell and umi barcode in entry 2459 of the bam file
2026-03-08 14:06:37,834 - WARNING - Not found cell and umi barcode in entry 2460 of the bam file
2026-03-08 14:06:37,834 - WARNING - Not found cell and umi barcode in entry 2461 of the bam file
2026-03-08 14:06:37,834 - WARNING - Not found cell and umi barcode in entry 2462 of the bam file
2026-03-08 14:06:37,834 - WARNING - Not found cell and umi barcode in entry 2463 of the bam file
2026-03-08 14:06:37,834 - WARNING - Not found cell and umi barcode in entry 2464 of the bam file
2026-03-08 14:06:37,834 - WARNING - Not found cell and umi barcode in entry 2465 of the bam file
2026-03-08 14:06:37,834 - WARNING - Not found cell and umi barcode in entry 2466 of the bam file
2026-03-08 14:06:37,834 - WARNING - Not found cell and umi barcode in entry 2467 of the bam file
2026-03-08 14:06:37,834 - WARNING - Not found cell and umi barcode in entry 2468 of the bam file
2026-03-08 14:06:37,834 - WARNING - Not found cell and umi barcode in entry 2469 of the bam file
2026-03-08 14:06:37,834 - WARNING - Not found cell and umi barcode in entry 2470 of the bam file
2026-03-08 14:06:37,834 - WARNING - Not found cell and umi barcode in entry 2471 of the bam file
2026-03-08 14:06:37,834 - WARNING - Not found cell and umi barcode in entry 2472 of the bam file
2026-03-08 14:06:37,834 - WARNING - Not found cell and umi barcode in entry 2473 of the bam file
2026-03-08 14:06:37,834 - WARNING - Not found cell and umi barcode in entry 2474 of the bam file
2026-03-08 14:06:37,834 - WARNING - Not found cell and umi barcode in entry 2475 of the bam file
2026-03-08 14:06:37,834 - WARNING - Not found cell and umi barcode in entry 2476 of the bam file
2026-03-08 14:06:37,834 - WARNING - Not found cell and umi barcode in entry 2477 of the bam file
2026-03-08 14:06:37,834 - WARNING - Not found cell and umi barcode in entry 2478 of the bam file
2026-03-08 14:06:37,834 - WARNING - Not found cell and umi barcode in entry 2479 of the bam file
2026-03-08 14:06:37,834 - WARNING - Not found cell and umi barcode in entry 2480 of the bam file
2026-03-08 14:06:37,834 - WARNING - Not found cell and umi barcode in entry 2481 of the bam file
2026-03-08 14:06:37,835 - WARNING - Not found cell and umi barcode in entry 2482 of the bam file
2026-03-08 14:06:37,835 - WARNING - Not found cell and umi barcode in entry 2483 of the bam file
2026-03-08 14:06:37,835 - WARNING - Not found cell and umi barcode in entry 2484 of the bam file
2026-03-08 14:06:37,835 - WARNING - Not found cell and umi barcode in entry 2485 of the bam file
2026-03-08 14:06:37,835 - WARNING - Not found cell and umi barcode in entry 2486 of the bam file
2026-03-08 14:06:37,835 - WARNING - Not found cell and umi barcode in entry 2487 of the bam file
2026-03-08 14:06:37,835 - WARNING - Not found cell and umi barcode in entry 2488 of the bam file
2026-03-08 14:06:37,835 - WARNING - Not found cell and umi barcode in entry 2489 of the bam file
2026-03-08 14:06:37,835 - WARNING - Not found cell and umi barcode in entry 2490 of the bam file
2026-03-08 14:06:37,835 - WARNING - Not found cell and umi barcode in entry 2491 of the bam file
2026-03-08 14:06:37,835 - WARNING - Not found cell and umi barcode in entry 2492 of the bam file
2026-03-08 14:06:37,835 - WARNING - Not found cell and umi barcode in entry 2493 of the bam file
2026-03-08 14:06:37,835 - WARNING - Not found cell and umi barcode in entry 2494 of the bam file
2026-03-08 14:06:37,835 - WARNING - Not found cell and umi barcode in entry 2495 of the bam file
2026-03-08 14:06:37,835 - WARNING - Not found cell and umi barcode in entry 2496 of the bam file
2026-03-08 14:06:37,835 - WARNING - Not found cell and umi barcode in entry 2497 of the bam file
2026-03-08 14:06:37,835 - WARNING - Not found cell and umi barcode in entry 2498 of the bam file
2026-03-08 14:06:37,835 - WARNING - Not found cell and umi barcode in entry 2499 of the bam file
2026-03-08 14:06:37,835 - WARNING - Not found cell and umi barcode in entry 2500 of the bam file
2026-03-08 14:06:37,835 - WARNING - Not found cell and umi barcode in entry 2501 of the bam file
2026-03-08 14:06:37,835 - WARNING - Not found cell and umi barcode in entry 2502 of the bam file
2026-03-08 14:06:37,835 - WARNING - Not found cell and umi barcode in entry 2503 of the bam file
2026-03-08 14:06:37,835 - WARNING - Not found cell and umi barcode in entry 2504 of the bam file
2026-03-08 14:06:37,835 - WARNING - Not found cell and umi barcode in entry 2505 of the bam file
2026-03-08 14:06:37,835 - WARNING - Not found cell and umi barcode in entry 2506 of the bam file
2026-03-08 14:06:37,835 - WARNING - Not found cell and umi barcode in entry 2507 of the bam file
2026-03-08 14:06:37,835 - WARNING - Not found cell and umi barcode in entry 2508 of the bam file
2026-03-08 14:06:37,835 - WARNING - Not found cell and umi barcode in entry 2509 of the bam file
2026-03-08 14:06:37,835 - WARNING - Not found cell and umi barcode in entry 2510 of the bam file
2026-03-08 14:06:37,835 - WARNING - Not found cell and umi barcode in entry 2511 of the bam file
2026-03-08 14:06:37,835 - WARNING - Not found cell and umi barcode in entry 2512 of the bam file
2026-03-08 14:06:37,835 - WARNING - Not found cell and umi barcode in entry 2513 of the bam file
2026-03-08 14:06:37,835 - WARNING - Not found cell and umi barcode in entry 2514 of the bam file
2026-03-08 14:06:37,835 - WARNING - Not found cell and umi barcode in entry 2515 of the bam file
2026-03-08 14:06:37,835 - WARNING - Not found cell and umi barcode in entry 2516 of the bam file
2026-03-08 14:06:37,835 - WARNING - Not found cell and umi barcode in entry 2517 of the bam file
2026-03-08 14:06:37,835 - WARNING - Not found cell and umi barcode in entry 2518 of the bam file
2026-03-08 14:06:37,835 - WARNING - Not found cell and umi barcode in entry 2519 of the bam file
2026-03-08 14:06:37,835 - WARNING - Not found cell and umi barcode in entry 2520 of the bam file
2026-03-08 14:06:37,835 - WARNING - Not found cell and umi barcode in entry 2521 of the bam file
2026-03-08 14:06:37,835 - WARNING - Not found cell and umi barcode in entry 2522 of the bam file
2026-03-08 14:06:37,835 - WARNING - Not found cell and umi barcode in entry 2523 of the bam file
2026-03-08 14:06:37,835 - WARNING - Not found cell and umi barcode in entry 2524 of the bam file
2026-03-08 14:06:37,835 - WARNING - Not found cell and umi barcode in entry 2525 of the bam file
2026-03-08 14:06:37,835 - WARNING - Not found cell and umi barcode in entry 2526 of the bam file
2026-03-08 14:06:37,835 - WARNING - Not found cell and umi barcode in entry 2527 of the bam file
2026-03-08 14:06:37,835 - WARNING - Not found cell and umi barcode in entry 2528 of the bam file
2026-03-08 14:06:37,835 - WARNING - Not found cell and umi barcode in entry 2529 of the bam file
2026-03-08 14:06:37,835 - WARNING - Not found cell and umi barcode in entry 2530 of the bam file
2026-03-08 14:06:37,835 - WARNING - Not found cell and umi barcode in entry 2531 of the bam file
2026-03-08 14:06:37,835 - WARNING - Not found cell and umi barcode in entry 2532 of the bam file
2026-03-08 14:06:37,836 - WARNING - Not found cell and umi barcode in entry 2533 of the bam file
2026-03-08 14:06:37,836 - WARNING - Not found cell and umi barcode in entry 2534 of the bam file
2026-03-08 14:06:37,836 - WARNING - Not found cell and umi barcode in entry 2535 of the bam file
2026-03-08 14:06:37,836 - WARNING - Not found cell and umi barcode in entry 2536 of the bam file
2026-03-08 14:06:37,836 - WARNING - Not found cell and umi barcode in entry 2537 of the bam file
2026-03-08 14:06:37,836 - WARNING - Not found cell and umi barcode in entry 2538 of the bam file
2026-03-08 14:06:37,836 - WARNING - Not found cell and umi barcode in entry 2539 of the bam file
2026-03-08 14:06:37,836 - WARNING - Not found cell and umi barcode in entry 2540 of the bam file
2026-03-08 14:06:37,836 - WARNING - Not found cell and umi barcode in entry 2541 of the bam file
2026-03-08 14:06:37,836 - WARNING - Not found cell and umi barcode in entry 2542 of the bam file
2026-03-08 14:06:37,836 - WARNING - Not found cell and umi barcode in entry 2543 of the bam file
2026-03-08 14:06:37,836 - WARNING - Not found cell and umi barcode in entry 2544 of the bam file
2026-03-08 14:06:37,836 - WARNING - Not found cell and umi barcode in entry 2545 of the bam file
2026-03-08 14:06:37,836 - WARNING - Not found cell and umi barcode in entry 2546 of the bam file
2026-03-08 14:06:37,836 - WARNING - Not found cell and umi barcode in entry 2547 of the bam file
2026-03-08 14:06:37,836 - WARNING - Not found cell and umi barcode in entry 2548 of the bam file
2026-03-08 14:06:37,836 - WARNING - Not found cell and umi barcode in entry 2549 of the bam file
2026-03-08 14:06:37,836 - WARNING - Not found cell and umi barcode in entry 2550 of the bam file
2026-03-08 14:06:37,836 - WARNING - Not found cell and umi barcode in entry 2551 of the bam file
2026-03-08 14:06:37,836 - WARNING - Not found cell and umi barcode in entry 2552 of the bam file
2026-03-08 14:06:37,836 - WARNING - Not found cell and umi barcode in entry 2553 of the bam file
2026-03-08 14:06:37,836 - WARNING - Not found cell and umi barcode in entry 2554 of the bam file
2026-03-08 14:06:37,836 - WARNING - Not found cell and umi barcode in entry 2555 of the bam file
2026-03-08 14:06:37,836 - WARNING - Not found cell and umi barcode in entry 2556 of the bam file
2026-03-08 14:06:37,836 - WARNING - Not found cell and umi barcode in entry 2557 of the bam file
2026-03-08 14:06:37,836 - WARNING - Not found cell and umi barcode in entry 2558 of the bam file
2026-03-08 14:06:37,836 - WARNING - Not found cell and umi barcode in entry 2559 of the bam file
2026-03-08 14:06:37,836 - WARNING - Not found cell and umi barcode in entry 2560 of the bam file
2026-03-08 14:06:37,836 - WARNING - Not found cell and umi barcode in entry 2561 of the bam file
2026-03-08 14:06:37,836 - WARNING - Not found cell and umi barcode in entry 2562 of the bam file
2026-03-08 14:06:37,836 - WARNING - Not found cell and umi barcode in entry 2563 of the bam file
2026-03-08 14:06:37,836 - WARNING - Not found cell and umi barcode in entry 2564 of the bam file
2026-03-08 14:06:37,836 - WARNING - Not found cell and umi barcode in entry 2565 of the bam file
2026-03-08 14:06:37,836 - WARNING - Not found cell and umi barcode in entry 2566 of the bam file
2026-03-08 14:06:37,836 - WARNING - Not found cell and umi barcode in entry 2567 of the bam file
2026-03-08 14:06:37,836 - WARNING - Not found cell and umi barcode in entry 2568 of the bam file
2026-03-08 14:06:37,836 - WARNING - Not found cell and umi barcode in entry 2569 of the bam file
2026-03-08 14:06:37,836 - WARNING - Not found cell and umi barcode in entry 2570 of the bam file
2026-03-08 14:06:37,836 - WARNING - Not found cell and umi barcode in entry 2571 of the bam file
2026-03-08 14:06:37,836 - WARNING - Not found cell and umi barcode in entry 2572 of the bam file
2026-03-08 14:06:37,836 - WARNING - Not found cell and umi barcode in entry 2573 of the bam file
2026-03-08 14:06:37,836 - WARNING - Not found cell and umi barcode in entry 2574 of the bam file
2026-03-08 14:06:37,836 - WARNING - Not found cell and umi barcode in entry 2575 of the bam file
2026-03-08 14:06:37,836 - WARNING - Not found cell and umi barcode in entry 2576 of the bam file
2026-03-08 14:06:37,836 - WARNING - Not found cell and umi barcode in entry 2577 of the bam file
2026-03-08 14:06:37,836 - WARNING - Not found cell and umi barcode in entry 2578 of the bam file
2026-03-08 14:06:37,836 - WARNING - Not found cell and umi barcode in entry 2579 of the bam file
2026-03-08 14:06:37,836 - WARNING - Not found cell and umi barcode in entry 2580 of the bam file
2026-03-08 14:06:37,836 - WARNING - Not found cell and umi barcode in entry 2581 of the bam file
2026-03-08 14:06:37,836 - WARNING - Not found cell and umi barcode in entry 2582 of the bam file
2026-03-08 14:06:37,836 - WARNING - Not found cell and umi barcode in entry 2583 of the bam file
2026-03-08 14:06:37,837 - WARNING - Not found cell and umi barcode in entry 2584 of the bam file
2026-03-08 14:06:37,837 - WARNING - Not found cell and umi barcode in entry 2585 of the bam file
2026-03-08 14:06:37,837 - WARNING - Not found cell and umi barcode in entry 2586 of the bam file
2026-03-08 14:06:37,837 - WARNING - Not found cell and umi barcode in entry 2587 of the bam file
2026-03-08 14:06:37,837 - WARNING - Not found cell and umi barcode in entry 2588 of the bam file
2026-03-08 14:06:37,837 - WARNING - Not found cell and umi barcode in entry 2589 of the bam file
2026-03-08 14:06:37,837 - WARNING - Not found cell and umi barcode in entry 2590 of the bam file
2026-03-08 14:06:37,837 - WARNING - Not found cell and umi barcode in entry 2591 of the bam file
2026-03-08 14:06:37,837 - WARNING - Not found cell and umi barcode in entry 2592 of the bam file
2026-03-08 14:06:37,837 - WARNING - Not found cell and umi barcode in entry 2593 of the bam file
2026-03-08 14:06:37,837 - WARNING - Not found cell and umi barcode in entry 2594 of the bam file
2026-03-08 14:06:37,837 - WARNING - Not found cell and umi barcode in entry 2595 of the bam file
2026-03-08 14:06:37,837 - WARNING - Not found cell and umi barcode in entry 2596 of the bam file
2026-03-08 14:06:37,837 - WARNING - Not found cell and umi barcode in entry 2597 of the bam file
2026-03-08 14:06:37,837 - WARNING - Not found cell and umi barcode in entry 2598 of the bam file
2026-03-08 14:06:37,837 - WARNING - Not found cell and umi barcode in entry 2599 of the bam file
2026-03-08 14:06:37,837 - WARNING - Not found cell and umi barcode in entry 2600 of the bam file
2026-03-08 14:06:37,837 - WARNING - Not found cell and umi barcode in entry 2601 of the bam file
2026-03-08 14:06:37,837 - WARNING - Not found cell and umi barcode in entry 2602 of the bam file
2026-03-08 14:06:37,837 - WARNING - Not found cell and umi barcode in entry 2603 of the bam file
2026-03-08 14:06:37,837 - WARNING - Not found cell and umi barcode in entry 2604 of the bam file
2026-03-08 14:06:37,837 - WARNING - Not found cell and umi barcode in entry 2605 of the bam file
2026-03-08 14:06:37,837 - WARNING - Not found cell and umi barcode in entry 2606 of the bam file
2026-03-08 14:06:37,837 - WARNING - Not found cell and umi barcode in entry 2607 of the bam file
2026-03-08 14:06:37,837 - WARNING - Not found cell and umi barcode in entry 2608 of the bam file
2026-03-08 14:06:37,837 - WARNING - Not found cell and umi barcode in entry 2609 of the bam file
2026-03-08 14:06:37,837 - WARNING - Not found cell and umi barcode in entry 2610 of the bam file
2026-03-08 14:06:37,837 - WARNING - Not found cell and umi barcode in entry 2611 of the bam file
2026-03-08 14:06:37,837 - WARNING - Not found cell and umi barcode in entry 2612 of the bam file
2026-03-08 14:06:37,837 - WARNING - Not found cell and umi barcode in entry 2613 of the bam file
2026-03-08 14:06:37,837 - WARNING - Not found cell and umi barcode in entry 2614 of the bam file
2026-03-08 14:06:37,837 - WARNING - Not found cell and umi barcode in entry 2615 of the bam file
2026-03-08 14:06:37,837 - WARNING - Not found cell and umi barcode in entry 2616 of the bam file
2026-03-08 14:06:37,837 - WARNING - Not found cell and umi barcode in entry 2617 of the bam file
2026-03-08 14:06:37,837 - WARNING - Not found cell and umi barcode in entry 2618 of the bam file
2026-03-08 14:06:37,837 - WARNING - Not found cell and umi barcode in entry 2619 of the bam file
2026-03-08 14:06:37,837 - WARNING - Not found cell and umi barcode in entry 2620 of the bam file
2026-03-08 14:06:37,837 - WARNING - Not found cell and umi barcode in entry 2621 of the bam file
2026-03-08 14:06:37,837 - WARNING - Not found cell and umi barcode in entry 2622 of the bam file
2026-03-08 14:06:37,837 - WARNING - Not found cell and umi barcode in entry 2623 of the bam file
2026-03-08 14:06:37,837 - WARNING - Not found cell and umi barcode in entry 2624 of the bam file
2026-03-08 14:06:37,837 - WARNING - Not found cell and umi barcode in entry 2625 of the bam file
2026-03-08 14:06:37,837 - WARNING - Not found cell and umi barcode in entry 2626 of the bam file
2026-03-08 14:06:37,837 - WARNING - Not found cell and umi barcode in entry 2627 of the bam file
2026-03-08 14:06:37,837 - WARNING - Not found cell and umi barcode in entry 2628 of the bam file
2026-03-08 14:06:37,837 - WARNING - Not found cell and umi barcode in entry 2629 of the bam file
2026-03-08 14:06:37,837 - WARNING - Not found cell and umi barcode in entry 2630 of the bam file
2026-03-08 14:06:37,837 - WARNING - Not found cell and umi barcode in entry 2631 of the bam file
2026-03-08 14:06:37,837 - WARNING - Not found cell and umi barcode in entry 2632 of the bam file
2026-03-08 14:06:37,838 - WARNING - Not found cell and umi barcode in entry 2633 of the bam file
2026-03-08 14:06:37,838 - WARNING - Not found cell and umi barcode in entry 2634 of the bam file
2026-03-08 14:06:37,838 - WARNING - Not found cell and umi barcode in entry 2635 of the bam file
2026-03-08 14:06:37,838 - WARNING - Not found cell and umi barcode in entry 2636 of the bam file
2026-03-08 14:06:37,838 - WARNING - Not found cell and umi barcode in entry 2637 of the bam file
2026-03-08 14:06:37,838 - WARNING - Not found cell and umi barcode in entry 2638 of the bam file
2026-03-08 14:06:37,838 - WARNING - Not found cell and umi barcode in entry 2639 of the bam file
2026-03-08 14:06:37,838 - WARNING - Not found cell and umi barcode in entry 2640 of the bam file
2026-03-08 14:06:37,838 - WARNING - Not found cell and umi barcode in entry 2641 of the bam file
2026-03-08 14:06:37,838 - WARNING - Not found cell and umi barcode in entry 2642 of the bam file
2026-03-08 14:06:37,838 - WARNING - Not found cell and umi barcode in entry 2643 of the bam file
2026-03-08 14:06:37,838 - WARNING - Not found cell and umi barcode in entry 2644 of the bam file
2026-03-08 14:06:37,838 - WARNING - Not found cell and umi barcode in entry 2645 of the bam file
2026-03-08 14:06:37,838 - WARNING - Not found cell and umi barcode in entry 2646 of the bam file
2026-03-08 14:06:37,838 - WARNING - Not found cell and umi barcode in entry 2647 of the bam file
2026-03-08 14:06:37,838 - WARNING - Not found cell and umi barcode in entry 2648 of the bam file
2026-03-08 14:06:37,838 - WARNING - Not found cell and umi barcode in entry 2649 of the bam file
2026-03-08 14:06:37,838 - WARNING - Not found cell and umi barcode in entry 2650 of the bam file
2026-03-08 14:06:37,838 - WARNING - Not found cell and umi barcode in entry 2651 of the bam file
2026-03-08 14:06:37,838 - WARNING - Not found cell and umi barcode in entry 2652 of the bam file
2026-03-08 14:06:37,838 - WARNING - Not found cell and umi barcode in entry 2653 of the bam file
2026-03-08 14:06:37,838 - WARNING - Not found cell and umi barcode in entry 2654 of the bam file
2026-03-08 14:06:37,838 - WARNING - Not found cell and umi barcode in entry 2655 of the bam file
2026-03-08 14:06:37,838 - WARNING - Not found cell and umi barcode in entry 2656 of the bam file
2026-03-08 14:06:37,838 - WARNING - Not found cell and umi barcode in entry 2657 of the bam file
2026-03-08 14:06:37,838 - WARNING - Not found cell and umi barcode in entry 2658 of the bam file
2026-03-08 14:06:37,838 - WARNING - Not found cell and umi barcode in entry 2659 of the bam file
2026-03-08 14:06:37,838 - WARNING - Not found cell and umi barcode in entry 2660 of the bam file
2026-03-08 14:06:37,838 - WARNING - Not found cell and umi barcode in entry 2661 of the bam file
2026-03-08 14:06:37,838 - WARNING - Not found cell and umi barcode in entry 2662 of the bam file
2026-03-08 14:06:37,838 - WARNING - Not found cell and umi barcode in entry 2663 of the bam file
2026-03-08 14:06:37,838 - WARNING - Not found cell and umi barcode in entry 2664 of the bam file
2026-03-08 14:06:37,838 - WARNING - Not found cell and umi barcode in entry 2665 of the bam file
2026-03-08 14:06:37,838 - WARNING - Not found cell and umi barcode in entry 2666 of the bam file
2026-03-08 14:06:37,838 - WARNING - Not found cell and umi barcode in entry 2667 of the bam file
2026-03-08 14:06:37,838 - WARNING - Not found cell and umi barcode in entry 2668 of the bam file
2026-03-08 14:06:37,838 - WARNING - Not found cell and umi barcode in entry 2669 of the bam file
2026-03-08 14:06:37,838 - WARNING - Not found cell and umi barcode in entry 2670 of the bam file
2026-03-08 14:06:37,838 - WARNING - Not found cell and umi barcode in entry 2671 of the bam file
2026-03-08 14:06:37,838 - WARNING - Not found cell and umi barcode in entry 2672 of the bam file
2026-03-08 14:06:37,838 - WARNING - Not found cell and umi barcode in entry 2673 of the bam file
2026-03-08 14:06:37,838 - WARNING - Not found cell and umi barcode in entry 2674 of the bam file
2026-03-08 14:06:37,838 - WARNING - Not found cell and umi barcode in entry 2675 of the bam file
2026-03-08 14:06:37,838 - WARNING - Not found cell and umi barcode in entry 2676 of the bam file
2026-03-08 14:06:37,838 - WARNING - Not found cell and umi barcode in entry 2677 of the bam file
2026-03-08 14:06:37,838 - WARNING - Not found cell and umi barcode in entry 2678 of the bam file
2026-03-08 14:06:37,838 - WARNING - Not found cell and umi barcode in entry 2679 of the bam file
2026-03-08 14:06:37,838 - WARNING - Not found cell and umi barcode in entry 2680 of the bam file
2026-03-08 14:06:37,839 - WARNING - Not found cell and umi barcode in entry 2681 of the bam file
2026-03-08 14:06:37,839 - WARNING - Not found cell and umi barcode in entry 2682 of the bam file
2026-03-08 14:06:37,839 - WARNING - Not found cell and umi barcode in entry 2683 of the bam file
2026-03-08 14:06:37,839 - WARNING - Not found cell and umi barcode in entry 2684 of the bam file
2026-03-08 14:06:37,839 - WARNING - Not found cell and umi barcode in entry 2685 of the bam file
2026-03-08 14:06:37,839 - WARNING - Not found cell and umi barcode in entry 2686 of the bam file
2026-03-08 14:06:37,839 - WARNING - Not found cell and umi barcode in entry 2687 of the bam file
2026-03-08 14:06:37,839 - WARNING - Not found cell and umi barcode in entry 2688 of the bam file
2026-03-08 14:06:37,839 - WARNING - Not found cell and umi barcode in entry 2689 of the bam file
2026-03-08 14:06:37,839 - WARNING - Not found cell and umi barcode in entry 2690 of the bam file
2026-03-08 14:06:37,839 - WARNING - Not found cell and umi barcode in entry 2691 of the bam file
2026-03-08 14:06:37,839 - WARNING - Not found cell and umi barcode in entry 2692 of the bam file
2026-03-08 14:06:37,839 - WARNING - Not found cell and umi barcode in entry 2693 of the bam file
2026-03-08 14:06:37,839 - WARNING - Not found cell and umi barcode in entry 2694 of the bam file
2026-03-08 14:06:37,839 - WARNING - Not found cell and umi barcode in entry 2695 of the bam file
2026-03-08 14:06:37,839 - WARNING - Not found cell and umi barcode in entry 2696 of the bam file
2026-03-08 14:06:37,839 - WARNING - Not found cell and umi barcode in entry 2697 of the bam file
2026-03-08 14:06:37,839 - WARNING - Not found cell and umi barcode in entry 2698 of the bam file
2026-03-08 14:06:37,839 - WARNING - Not found cell and umi barcode in entry 2699 of the bam file
2026-03-08 14:06:37,839 - WARNING - Not found cell and umi barcode in entry 2700 of the bam file
2026-03-08 14:06:37,839 - WARNING - Not found cell and umi barcode in entry 2701 of the bam file
2026-03-08 14:06:37,839 - WARNING - Not found cell and umi barcode in entry 2702 of the bam file
2026-03-08 14:06:37,839 - WARNING - Not found cell and umi barcode in entry 2703 of the bam file
2026-03-08 14:06:37,839 - WARNING - Not found cell and umi barcode in entry 2704 of the bam file
2026-03-08 14:06:37,839 - WARNING - Not found cell and umi barcode in entry 2705 of the bam file
2026-03-08 14:06:37,839 - WARNING - Not found cell and umi barcode in entry 2706 of the bam file
2026-03-08 14:06:37,839 - WARNING - Not found cell and umi barcode in entry 2707 of the bam file
2026-03-08 14:06:37,839 - WARNING - Not found cell and umi barcode in entry 2708 of the bam file
2026-03-08 14:06:37,839 - WARNING - Not found cell and umi barcode in entry 2709 of the bam file
2026-03-08 14:06:37,839 - WARNING - Not found cell and umi barcode in entry 2710 of the bam file
2026-03-08 14:06:37,839 - WARNING - Not found cell and umi barcode in entry 2711 of the bam file
2026-03-08 14:06:37,839 - WARNING - Not found cell and umi barcode in entry 2712 of the bam file
2026-03-08 14:06:37,839 - WARNING - Not found cell and umi barcode in entry 2713 of the bam file
2026-03-08 14:06:37,839 - WARNING - Not found cell and umi barcode in entry 2714 of the bam file
2026-03-08 14:06:37,839 - WARNING - Not found cell and umi barcode in entry 2715 of the bam file
2026-03-08 14:06:37,839 - WARNING - Not found cell and umi barcode in entry 2716 of the bam file
2026-03-08 14:06:37,839 - WARNING - Not found cell and umi barcode in entry 2717 of the bam file
2026-03-08 14:06:37,839 - WARNING - Not found cell and umi barcode in entry 2718 of the bam file
2026-03-08 14:06:37,839 - WARNING - Not found cell and umi barcode in entry 2719 of the bam file
2026-03-08 14:06:37,839 - WARNING - Not found cell and umi barcode in entry 2720 of the bam file
2026-03-08 14:06:37,839 - WARNING - Not found cell and umi barcode in entry 2721 of the bam file
2026-03-08 14:06:37,839 - WARNING - Not found cell and umi barcode in entry 2722 of the bam file
2026-03-08 14:06:37,839 - WARNING - Not found cell and umi barcode in entry 2723 of the bam file
2026-03-08 14:06:37,839 - WARNING - Not found cell and umi barcode in entry 2724 of the bam file
2026-03-08 14:06:37,839 - WARNING - Not found cell and umi barcode in entry 2725 of the bam file
2026-03-08 14:06:37,839 - WARNING - Not found cell and umi barcode in entry 2726 of the bam file
2026-03-08 14:06:37,839 - WARNING - Not found cell and umi barcode in entry 2727 of the bam file
2026-03-08 14:06:37,839 - WARNING - Not found cell and umi barcode in entry 2728 of the bam file
2026-03-08 14:06:37,839 - WARNING - Not found cell and umi barcode in entry 2729 of the bam file
2026-03-08 14:06:37,839 - WARNING - Not found cell and umi barcode in entry 2730 of the bam file
2026-03-08 14:06:37,839 - WARNING - Not found cell and umi barcode in entry 2731 of the bam file
2026-03-08 14:06:37,840 - WARNING - Not found cell and umi barcode in entry 2732 of the bam file
2026-03-08 14:06:37,840 - WARNING - Not found cell and umi barcode in entry 2733 of the bam file
2026-03-08 14:06:37,840 - WARNING - Not found cell and umi barcode in entry 2734 of the bam file
2026-03-08 14:06:37,840 - WARNING - Not found cell and umi barcode in entry 2735 of the bam file
2026-03-08 14:06:37,840 - WARNING - Not found cell and umi barcode in entry 2736 of the bam file
2026-03-08 14:06:37,840 - WARNING - Not found cell and umi barcode in entry 2737 of the bam file
2026-03-08 14:06:37,840 - WARNING - Not found cell and umi barcode in entry 2738 of the bam file
2026-03-08 14:06:37,840 - WARNING - Not found cell and umi barcode in entry 2739 of the bam file
2026-03-08 14:06:37,840 - WARNING - Not found cell and umi barcode in entry 2740 of the bam file
2026-03-08 14:06:37,840 - WARNING - Not found cell and umi barcode in entry 2741 of the bam file
2026-03-08 14:06:37,840 - WARNING - Not found cell and umi barcode in entry 2742 of the bam file
2026-03-08 14:06:37,840 - WARNING - Not found cell and umi barcode in entry 2743 of the bam file
2026-03-08 14:06:37,840 - WARNING - Not found cell and umi barcode in entry 2744 of the bam file
2026-03-08 14:06:37,840 - WARNING - Not found cell and umi barcode in entry 2745 of the bam file
2026-03-08 14:06:37,840 - WARNING - Not found cell and umi barcode in entry 2746 of the bam file
2026-03-08 14:06:37,840 - WARNING - Not found cell and umi barcode in entry 2747 of the bam file
2026-03-08 14:06:37,840 - WARNING - Not found cell and umi barcode in entry 2748 of the bam file
2026-03-08 14:06:37,840 - WARNING - Not found cell and umi barcode in entry 2749 of the bam file
2026-03-08 14:06:37,840 - WARNING - Not found cell and umi barcode in entry 2750 of the bam file
2026-03-08 14:06:37,840 - WARNING - Not found cell and umi barcode in entry 2751 of the bam file
2026-03-08 14:06:37,840 - WARNING - Not found cell and umi barcode in entry 2752 of the bam file
2026-03-08 14:06:37,840 - WARNING - Not found cell and umi barcode in entry 2753 of the bam file
2026-03-08 14:06:37,840 - WARNING - Not found cell and umi barcode in entry 2754 of the bam file
2026-03-08 14:06:37,840 - WARNING - Not found cell and umi barcode in entry 2755 of the bam file
2026-03-08 14:06:37,840 - WARNING - Not found cell and umi barcode in entry 2756 of the bam file
2026-03-08 14:06:37,840 - WARNING - Not found cell and umi barcode in entry 2757 of the bam file
2026-03-08 14:06:37,840 - WARNING - Not found cell and umi barcode in entry 2758 of the bam file
2026-03-08 14:06:37,840 - WARNING - Not found cell and umi barcode in entry 2759 of the bam file
2026-03-08 14:06:37,840 - WARNING - Not found cell and umi barcode in entry 2760 of the bam file
2026-03-08 14:06:37,840 - WARNING - Not found cell and umi barcode in entry 2761 of the bam file
2026-03-08 14:06:37,840 - WARNING - Not found cell and umi barcode in entry 2762 of the bam file
2026-03-08 14:06:37,840 - WARNING - Not found cell and umi barcode in entry 2763 of the bam file
2026-03-08 14:06:37,840 - WARNING - Not found cell and umi barcode in entry 2764 of the bam file
2026-03-08 14:06:37,840 - WARNING - Not found cell and umi barcode in entry 2765 of the bam file
2026-03-08 14:06:37,840 - WARNING - Not found cell and umi barcode in entry 2766 of the bam file
2026-03-08 14:06:37,840 - WARNING - Not found cell and umi barcode in entry 2767 of the bam file
2026-03-08 14:06:37,840 - WARNING - Not found cell and umi barcode in entry 2768 of the bam file
2026-03-08 14:06:37,840 - WARNING - Not found cell and umi barcode in entry 2769 of the bam file
2026-03-08 14:06:37,840 - WARNING - Not found cell and umi barcode in entry 2770 of the bam file
2026-03-08 14:06:37,840 - WARNING - Not found cell and umi barcode in entry 2771 of the bam file
2026-03-08 14:06:37,840 - WARNING - Not found cell and umi barcode in entry 2772 of the bam file
2026-03-08 14:06:37,840 - WARNING - Not found cell and umi barcode in entry 2773 of the bam file
2026-03-08 14:06:37,840 - WARNING - Not found cell and umi barcode in entry 2774 of the bam file
2026-03-08 14:06:37,840 - WARNING - Not found cell and umi barcode in entry 2775 of the bam file
2026-03-08 14:06:37,840 - WARNING - Not found cell and umi barcode in entry 2776 of the bam file
2026-03-08 14:06:37,840 - WARNING - Not found cell and umi barcode in entry 2777 of the bam file
2026-03-08 14:06:37,840 - WARNING - Not found cell and umi barcode in entry 2778 of the bam file
2026-03-08 14:06:37,840 - WARNING - Not found cell and umi barcode in entry 2779 of the bam file
2026-03-08 14:06:37,840 - WARNING - Not found cell and umi barcode in entry 2780 of the bam file
2026-03-08 14:06:37,840 - WARNING - Not found cell and umi barcode in entry 2781 of the bam file
2026-03-08 14:06:37,840 - WARNING - Not found cell and umi barcode in entry 2782 of the bam file
2026-03-08 14:06:37,841 - WARNING - Not found cell and umi barcode in entry 2783 of the bam file
2026-03-08 14:06:37,841 - WARNING - Not found cell and umi barcode in entry 2784 of the bam file
2026-03-08 14:06:37,841 - WARNING - Not found cell and umi barcode in entry 2785 of the bam file
2026-03-08 14:06:37,841 - WARNING - Not found cell and umi barcode in entry 2786 of the bam file
2026-03-08 14:06:37,841 - WARNING - Not found cell and umi barcode in entry 2787 of the bam file
2026-03-08 14:06:37,841 - WARNING - Not found cell and umi barcode in entry 2788 of the bam file
2026-03-08 14:06:37,841 - WARNING - Not found cell and umi barcode in entry 2789 of the bam file
2026-03-08 14:06:37,841 - WARNING - Not found cell and umi barcode in entry 2790 of the bam file
2026-03-08 14:06:37,841 - WARNING - Not found cell and umi barcode in entry 2791 of the bam file
2026-03-08 14:06:37,841 - WARNING - Not found cell and umi barcode in entry 2792 of the bam file
2026-03-08 14:06:37,841 - WARNING - Not found cell and umi barcode in entry 2793 of the bam file
2026-03-08 14:06:37,841 - WARNING - Not found cell and umi barcode in entry 2794 of the bam file
2026-03-08 14:06:37,841 - WARNING - Not found cell and umi barcode in entry 2795 of the bam file
2026-03-08 14:06:37,841 - WARNING - Not found cell and umi barcode in entry 2796 of the bam file
2026-03-08 14:06:37,841 - WARNING - Not found cell and umi barcode in entry 2797 of the bam file
2026-03-08 14:06:37,841 - WARNING - Not found cell and umi barcode in entry 2798 of the bam file
2026-03-08 14:06:37,841 - WARNING - Not found cell and umi barcode in entry 2799 of the bam file
2026-03-08 14:06:37,841 - WARNING - Not found cell and umi barcode in entry 2800 of the bam file
2026-03-08 14:06:37,841 - WARNING - Not found cell and umi barcode in entry 2801 of the bam file
2026-03-08 14:06:37,841 - WARNING - Not found cell and umi barcode in entry 2802 of the bam file
2026-03-08 14:06:37,841 - WARNING - Not found cell and umi barcode in entry 2803 of the bam file
2026-03-08 14:06:37,841 - WARNING - Not found cell and umi barcode in entry 2804 of the bam file
2026-03-08 14:06:37,841 - WARNING - Not found cell and umi barcode in entry 2805 of the bam file
2026-03-08 14:06:37,841 - WARNING - Not found cell and umi barcode in entry 2806 of the bam file
2026-03-08 14:06:37,841 - WARNING - Not found cell and umi barcode in entry 2807 of the bam file
2026-03-08 14:06:37,841 - WARNING - Not found cell and umi barcode in entry 2808 of the bam file
2026-03-08 14:06:37,841 - WARNING - Not found cell and umi barcode in entry 2809 of the bam file
2026-03-08 14:06:37,841 - WARNING - Not found cell and umi barcode in entry 2810 of the bam file
2026-03-08 14:06:37,841 - WARNING - Not found cell and umi barcode in entry 2811 of the bam file
2026-03-08 14:06:37,841 - WARNING - Not found cell and umi barcode in entry 2812 of the bam file
2026-03-08 14:06:37,841 - WARNING - Not found cell and umi barcode in entry 2813 of the bam file
2026-03-08 14:06:37,841 - WARNING - Not found cell and umi barcode in entry 2814 of the bam file
2026-03-08 14:06:37,841 - WARNING - Not found cell and umi barcode in entry 2815 of the bam file
2026-03-08 14:06:37,841 - WARNING - Not found cell and umi barcode in entry 2816 of the bam file
2026-03-08 14:06:37,841 - WARNING - Not found cell and umi barcode in entry 2817 of the bam file
2026-03-08 14:06:37,841 - WARNING - Not found cell and umi barcode in entry 2818 of the bam file
2026-03-08 14:06:37,841 - WARNING - Not found cell and umi barcode in entry 2819 of the bam file
2026-03-08 14:06:37,841 - WARNING - Not found cell and umi barcode in entry 2820 of the bam file
2026-03-08 14:06:37,841 - WARNING - Not found cell and umi barcode in entry 2821 of the bam file
2026-03-08 14:06:37,841 - WARNING - Not found cell and umi barcode in entry 2822 of the bam file
2026-03-08 14:06:37,841 - WARNING - Not found cell and umi barcode in entry 2823 of the bam file
2026-03-08 14:06:37,841 - WARNING - Not found cell and umi barcode in entry 2824 of the bam file
2026-03-08 14:06:37,841 - WARNING - Not found cell and umi barcode in entry 2825 of the bam file
2026-03-08 14:06:37,841 - WARNING - Not found cell and umi barcode in entry 2826 of the bam file
2026-03-08 14:06:37,841 - WARNING - Not found cell and umi barcode in entry 2827 of the bam file
2026-03-08 14:06:37,841 - WARNING - Not found cell and umi barcode in entry 2828 of the bam file
2026-03-08 14:06:37,842 - WARNING - Not found cell and umi barcode in entry 2829 of the bam file
2026-03-08 14:06:37,842 - WARNING - Not found cell and umi barcode in entry 2830 of the bam file
2026-03-08 14:06:37,842 - WARNING - Not found cell and umi barcode in entry 2831 of the bam file
2026-03-08 14:06:37,842 - WARNING - Not found cell and umi barcode in entry 2832 of the bam file
2026-03-08 14:06:37,842 - WARNING - Not found cell and umi barcode in entry 2833 of the bam file
2026-03-08 14:06:37,842 - WARNING - Not found cell and umi barcode in entry 2834 of the bam file
2026-03-08 14:06:37,842 - WARNING - Not found cell and umi barcode in entry 2835 of the bam file
2026-03-08 14:06:37,842 - WARNING - Not found cell and umi barcode in entry 2836 of the bam file
2026-03-08 14:06:37,842 - WARNING - Not found cell and umi barcode in entry 2837 of the bam file
2026-03-08 14:06:37,842 - WARNING - Not found cell and umi barcode in entry 2838 of the bam file
2026-03-08 14:06:37,842 - WARNING - Not found cell and umi barcode in entry 2839 of the bam file
2026-03-08 14:06:37,842 - WARNING - Not found cell and umi barcode in entry 2840 of the bam file
2026-03-08 14:06:37,842 - WARNING - Not found cell and umi barcode in entry 2841 of the bam file
2026-03-08 14:06:37,842 - WARNING - Not found cell and umi barcode in entry 2842 of the bam file
2026-03-08 14:06:37,842 - WARNING - Not found cell and umi barcode in entry 2843 of the bam file
2026-03-08 14:06:37,842 - WARNING - Not found cell and umi barcode in entry 2844 of the bam file
2026-03-08 14:06:37,842 - WARNING - Not found cell and umi barcode in entry 2845 of the bam file
2026-03-08 14:06:37,842 - WARNING - Not found cell and umi barcode in entry 2846 of the bam file
2026-03-08 14:06:37,842 - WARNING - Not found cell and umi barcode in entry 2847 of the bam file
2026-03-08 14:06:37,842 - WARNING - Not found cell and umi barcode in entry 2848 of the bam file
2026-03-08 14:06:37,842 - WARNING - Not found cell and umi barcode in entry 2849 of the bam file
2026-03-08 14:06:37,842 - WARNING - Not found cell and umi barcode in entry 2850 of the bam file
2026-03-08 14:06:37,842 - WARNING - Not found cell and umi barcode in entry 2851 of the bam file
2026-03-08 14:06:37,842 - WARNING - Not found cell and umi barcode in entry 2852 of the bam file
2026-03-08 14:06:37,842 - WARNING - Not found cell and umi barcode in entry 2853 of the bam file
2026-03-08 14:06:37,842 - WARNING - Not found cell and umi barcode in entry 2854 of the bam file
2026-03-08 14:06:37,842 - WARNING - Not found cell and umi barcode in entry 2855 of the bam file
2026-03-08 14:06:37,842 - WARNING - Not found cell and umi barcode in entry 2856 of the bam file
2026-03-08 14:06:37,842 - WARNING - Not found cell and umi barcode in entry 2857 of the bam file
2026-03-08 14:06:37,842 - WARNING - Not found cell and umi barcode in entry 2858 of the bam file
2026-03-08 14:06:37,842 - WARNING - Not found cell and umi barcode in entry 2859 of the bam file
2026-03-08 14:06:37,842 - WARNING - Not found cell and umi barcode in entry 2860 of the bam file
2026-03-08 14:06:37,842 - WARNING - Not found cell and umi barcode in entry 2861 of the bam file
2026-03-08 14:06:37,842 - WARNING - Not found cell and umi barcode in entry 2862 of the bam file
2026-03-08 14:06:37,842 - WARNING - Not found cell and umi barcode in entry 2863 of the bam file
2026-03-08 14:06:37,842 - WARNING - Not found cell and umi barcode in entry 2864 of the bam file
2026-03-08 14:06:37,842 - WARNING - Not found cell and umi barcode in entry 2865 of the bam file
2026-03-08 14:06:37,842 - WARNING - Not found cell and umi barcode in entry 2866 of the bam file
2026-03-08 14:06:37,842 - WARNING - Not found cell and umi barcode in entry 2867 of the bam file
2026-03-08 14:06:37,842 - WARNING - Not found cell and umi barcode in entry 2868 of the bam file
2026-03-08 14:06:37,842 - WARNING - Not found cell and umi barcode in entry 2869 of the bam file
2026-03-08 14:06:37,842 - WARNING - Not found cell and umi barcode in entry 2870 of the bam file
2026-03-08 14:06:37,842 - WARNING - Not found cell and umi barcode in entry 2871 of the bam file
2026-03-08 14:06:37,842 - WARNING - Not found cell and umi barcode in entry 2872 of the bam file
2026-03-08 14:06:37,842 - WARNING - Not found cell and umi barcode in entry 2873 of the bam file
2026-03-08 14:06:37,842 - WARNING - Not found cell and umi barcode in entry 2874 of the bam file
2026-03-08 14:06:37,842 - WARNING - Not found cell and umi barcode in entry 2875 of the bam file
2026-03-08 14:06:37,842 - WARNING - Not found cell and umi barcode in entry 2876 of the bam file
2026-03-08 14:06:37,842 - WARNING - Not found cell and umi barcode in entry 2877 of the bam file
2026-03-08 14:06:37,842 - WARNING - Not found cell and umi barcode in entry 2878 of the bam file
2026-03-08 14:06:37,842 - WARNING - Not found cell and umi barcode in entry 2879 of the bam file
2026-03-08 14:06:37,843 - WARNING - Not found cell and umi barcode in entry 2880 of the bam file
2026-03-08 14:06:37,843 - WARNING - Not found cell and umi barcode in entry 2881 of the bam file
2026-03-08 14:06:37,843 - WARNING - Not found cell and umi barcode in entry 2882 of the bam file
2026-03-08 14:06:37,843 - WARNING - Not found cell and umi barcode in entry 2883 of the bam file
2026-03-08 14:06:37,843 - WARNING - Not found cell and umi barcode in entry 2884 of the bam file
2026-03-08 14:06:37,843 - WARNING - Not found cell and umi barcode in entry 2885 of the bam file
2026-03-08 14:06:37,843 - WARNING - Not found cell and umi barcode in entry 2886 of the bam file
2026-03-08 14:06:37,843 - WARNING - Not found cell and umi barcode in entry 2887 of the bam file
2026-03-08 14:06:37,843 - WARNING - Not found cell and umi barcode in entry 2888 of the bam file
2026-03-08 14:06:37,843 - WARNING - Not found cell and umi barcode in entry 2889 of the bam file
2026-03-08 14:06:37,843 - WARNING - Not found cell and umi barcode in entry 2890 of the bam file
2026-03-08 14:06:37,843 - WARNING - Not found cell and umi barcode in entry 2891 of the bam file
2026-03-08 14:06:37,843 - WARNING - Not found cell and umi barcode in entry 2892 of the bam file
2026-03-08 14:06:37,843 - WARNING - Not found cell and umi barcode in entry 2893 of the bam file
2026-03-08 14:06:37,843 - WARNING - Not found cell and umi barcode in entry 2894 of the bam file
2026-03-08 14:06:37,843 - WARNING - Not found cell and umi barcode in entry 2895 of the bam file
2026-03-08 14:06:37,843 - WARNING - Not found cell and umi barcode in entry 2896 of the bam file
2026-03-08 14:06:37,843 - WARNING - Not found cell and umi barcode in entry 2897 of the bam file
2026-03-08 14:06:37,843 - WARNING - Not found cell and umi barcode in entry 2898 of the bam file
2026-03-08 14:06:37,843 - WARNING - Not found cell and umi barcode in entry 2899 of the bam file
2026-03-08 14:06:37,843 - WARNING - Not found cell and umi barcode in entry 2900 of the bam file
2026-03-08 14:06:37,843 - WARNING - Not found cell and umi barcode in entry 2901 of the bam file
2026-03-08 14:06:37,843 - WARNING - Not found cell and umi barcode in entry 2902 of the bam file
2026-03-08 14:06:37,843 - WARNING - Not found cell and umi barcode in entry 2903 of the bam file
2026-03-08 14:06:37,843 - WARNING - Not found cell and umi barcode in entry 2904 of the bam file
2026-03-08 14:06:37,843 - WARNING - Not found cell and umi barcode in entry 2905 of the bam file
2026-03-08 14:06:37,843 - WARNING - Not found cell and umi barcode in entry 2906 of the bam file
2026-03-08 14:06:37,843 - WARNING - Not found cell and umi barcode in entry 2907 of the bam file
2026-03-08 14:06:37,843 - WARNING - Not found cell and umi barcode in entry 2908 of the bam file
2026-03-08 14:06:37,843 - WARNING - Not found cell and umi barcode in entry 2909 of the bam file
2026-03-08 14:06:37,843 - WARNING - Not found cell and umi barcode in entry 2910 of the bam file
2026-03-08 14:06:37,843 - WARNING - Not found cell and umi barcode in entry 2911 of the bam file
2026-03-08 14:06:37,843 - WARNING - Not found cell and umi barcode in entry 2912 of the bam file
2026-03-08 14:06:37,843 - WARNING - Not found cell and umi barcode in entry 2913 of the bam file
2026-03-08 14:06:37,843 - WARNING - Not found cell and umi barcode in entry 2914 of the bam file
2026-03-08 14:06:37,843 - WARNING - Not found cell and umi barcode in entry 2915 of the bam file
2026-03-08 14:06:37,843 - WARNING - Not found cell and umi barcode in entry 2916 of the bam file
2026-03-08 14:06:37,843 - WARNING - Not found cell and umi barcode in entry 2917 of the bam file
2026-03-08 14:06:37,843 - WARNING - Not found cell and umi barcode in entry 2918 of the bam file
2026-03-08 14:06:37,843 - WARNING - Not found cell and umi barcode in entry 2919 of the bam file
2026-03-08 14:06:37,843 - WARNING - Not found cell and umi barcode in entry 2920 of the bam file
2026-03-08 14:06:37,843 - WARNING - Not found cell and umi barcode in entry 2921 of the bam file
2026-03-08 14:06:37,843 - WARNING - Not found cell and umi barcode in entry 2922 of the bam file
2026-03-08 14:06:37,843 - WARNING - Not found cell and umi barcode in entry 2923 of the bam file
2026-03-08 14:06:37,843 - WARNING - Not found cell and umi barcode in entry 2924 of the bam file
2026-03-08 14:06:37,843 - WARNING - Not found cell and umi barcode in entry 2925 of the bam file
2026-03-08 14:06:37,843 - WARNING - Not found cell and umi barcode in entry 2926 of the bam file
2026-03-08 14:06:37,843 - WARNING - Not found cell and umi barcode in entry 2927 of the bam file
2026-03-08 14:06:37,843 - WARNING - Not found cell and umi barcode in entry 2928 of the bam file
2026-03-08 14:06:37,843 - WARNING - Not found cell and umi barcode in entry 2929 of the bam file
2026-03-08 14:06:37,844 - WARNING - Not found cell and umi barcode in entry 2930 of the bam file
2026-03-08 14:06:37,844 - WARNING - Not found cell and umi barcode in entry 2931 of the bam file
2026-03-08 14:06:37,844 - WARNING - Not found cell and umi barcode in entry 2932 of the bam file
2026-03-08 14:06:37,844 - WARNING - Not found cell and umi barcode in entry 2933 of the bam file
2026-03-08 14:06:37,844 - WARNING - Not found cell and umi barcode in entry 2934 of the bam file
2026-03-08 14:06:37,844 - WARNING - Not found cell and umi barcode in entry 2935 of the bam file
2026-03-08 14:06:37,844 - WARNING - Not found cell and umi barcode in entry 2936 of the bam file
2026-03-08 14:06:37,844 - WARNING - Not found cell and umi barcode in entry 2937 of the bam file
2026-03-08 14:06:37,844 - WARNING - Not found cell and umi barcode in entry 2938 of the bam file
2026-03-08 14:06:37,844 - WARNING - Not found cell and umi barcode in entry 2939 of the bam file
2026-03-08 14:06:37,844 - WARNING - Not found cell and umi barcode in entry 2940 of the bam file
2026-03-08 14:06:37,844 - WARNING - Not found cell and umi barcode in entry 2941 of the bam file
2026-03-08 14:06:37,844 - WARNING - Not found cell and umi barcode in entry 2942 of the bam file
2026-03-08 14:06:37,844 - WARNING - Not found cell and umi barcode in entry 2943 of the bam file
2026-03-08 14:06:37,844 - WARNING - Not found cell and umi barcode in entry 2944 of the bam file
2026-03-08 14:06:37,844 - WARNING - Not found cell and umi barcode in entry 2945 of the bam file
2026-03-08 14:06:37,844 - WARNING - Not found cell and umi barcode in entry 2946 of the bam file
2026-03-08 14:06:37,844 - WARNING - Not found cell and umi barcode in entry 2947 of the bam file
2026-03-08 14:06:37,844 - WARNING - Not found cell and umi barcode in entry 2948 of the bam file
2026-03-08 14:06:37,844 - WARNING - Not found cell and umi barcode in entry 2949 of the bam file
2026-03-08 14:06:37,844 - WARNING - Not found cell and umi barcode in entry 2950 of the bam file
2026-03-08 14:06:37,844 - WARNING - Not found cell and umi barcode in entry 2951 of the bam file
2026-03-08 14:06:37,844 - WARNING - Not found cell and umi barcode in entry 2952 of the bam file
2026-03-08 14:06:37,844 - WARNING - Not found cell and umi barcode in entry 2953 of the bam file
2026-03-08 14:06:37,844 - WARNING - Not found cell and umi barcode in entry 2954 of the bam file
2026-03-08 14:06:37,844 - WARNING - Not found cell and umi barcode in entry 2955 of the bam file
2026-03-08 14:06:37,844 - WARNING - Not found cell and umi barcode in entry 2956 of the bam file
2026-03-08 14:06:37,844 - WARNING - Not found cell and umi barcode in entry 2957 of the bam file
2026-03-08 14:06:37,844 - WARNING - Not found cell and umi barcode in entry 2958 of the bam file
2026-03-08 14:06:37,844 - WARNING - Not found cell and umi barcode in entry 2959 of the bam file
2026-03-08 14:06:37,844 - WARNING - Not found cell and umi barcode in entry 2960 of the bam file
2026-03-08 14:06:37,844 - WARNING - Not found cell and umi barcode in entry 2961 of the bam file
2026-03-08 14:06:37,844 - WARNING - Not found cell and umi barcode in entry 2962 of the bam file
2026-03-08 14:06:37,844 - WARNING - Not found cell and umi barcode in entry 2963 of the bam file
2026-03-08 14:06:37,844 - WARNING - Not found cell and umi barcode in entry 2964 of the bam file
2026-03-08 14:06:37,844 - WARNING - Not found cell and umi barcode in entry 2965 of the bam file
2026-03-08 14:06:37,844 - WARNING - Not found cell and umi barcode in entry 2966 of the bam file
2026-03-08 14:06:37,844 - WARNING - Not found cell and umi barcode in entry 2967 of the bam file
2026-03-08 14:06:37,844 - WARNING - Not found cell and umi barcode in entry 2968 of the bam file
2026-03-08 14:06:37,844 - WARNING - Not found cell and umi barcode in entry 2969 of the bam file
2026-03-08 14:06:37,844 - WARNING - Not found cell and umi barcode in entry 2970 of the bam file
2026-03-08 14:06:37,844 - WARNING - Not found cell and umi barcode in entry 2971 of the bam file
2026-03-08 14:06:37,844 - WARNING - Not found cell and umi barcode in entry 2972 of the bam file
2026-03-08 14:06:37,844 - WARNING - Not found cell and umi barcode in entry 2973 of the bam file
2026-03-08 14:06:37,844 - WARNING - Not found cell and umi barcode in entry 2974 of the bam file
2026-03-08 14:06:37,844 - WARNING - Not found cell and umi barcode in entry 2975 of the bam file
2026-03-08 14:06:37,844 - WARNING - Not found cell and umi barcode in entry 2976 of the bam file
2026-03-08 14:06:37,844 - WARNING - Not found cell and umi barcode in entry 2977 of the bam file
2026-03-08 14:06:37,844 - WARNING - Not found cell and umi barcode in entry 2978 of the bam file
2026-03-08 14:06:37,844 - WARNING - Not found cell and umi barcode in entry 2979 of the bam file
2026-03-08 14:06:37,845 - WARNING - Not found cell and umi barcode in entry 2980 of the bam file
2026-03-08 14:06:37,845 - WARNING - Not found cell and umi barcode in entry 2981 of the bam file
2026-03-08 14:06:37,845 - WARNING - Not found cell and umi barcode in entry 2982 of the bam file
2026-03-08 14:06:37,845 - WARNING - Not found cell and umi barcode in entry 2983 of the bam file
2026-03-08 14:06:37,845 - WARNING - Not found cell and umi barcode in entry 2984 of the bam file
2026-03-08 14:06:37,845 - WARNING - Not found cell and umi barcode in entry 2985 of the bam file
2026-03-08 14:06:37,845 - WARNING - Not found cell and umi barcode in entry 2986 of the bam file
2026-03-08 14:06:37,845 - WARNING - Not found cell and umi barcode in entry 2987 of the bam file
2026-03-08 14:06:37,845 - WARNING - Not found cell and umi barcode in entry 2988 of the bam file
2026-03-08 14:06:37,845 - WARNING - Not found cell and umi barcode in entry 2989 of the bam file
2026-03-08 14:06:37,845 - WARNING - Not found cell and umi barcode in entry 2990 of the bam file
2026-03-08 14:06:37,845 - WARNING - Not found cell and umi barcode in entry 2991 of the bam file
2026-03-08 14:06:37,845 - WARNING - Not found cell and umi barcode in entry 2992 of the bam file
2026-03-08 14:06:37,845 - WARNING - Not found cell and umi barcode in entry 2993 of the bam file
2026-03-08 14:06:37,845 - WARNING - Not found cell and umi barcode in entry 2994 of the bam file
2026-03-08 14:06:37,845 - WARNING - Not found cell and umi barcode in entry 2995 of the bam file
2026-03-08 14:06:37,845 - WARNING - Not found cell and umi barcode in entry 2996 of the bam file
2026-03-08 14:06:37,845 - WARNING - Not found cell and umi barcode in entry 2997 of the bam file
2026-03-08 14:06:37,845 - WARNING - Not found cell and umi barcode in entry 2998 of the bam file
2026-03-08 14:06:37,845 - WARNING - Not found cell and umi barcode in entry 2999 of the bam file
2026-03-08 14:06:37,845 - WARNING - Not found cell and umi barcode in entry 3000 of the bam file
2026-03-08 14:06:37,845 - WARNING - Not found cell and umi barcode in entry 3001 of the bam file
2026-03-08 14:06:37,845 - WARNING - Not found cell and umi barcode in entry 3002 of the bam file
2026-03-08 14:06:37,845 - WARNING - Not found cell and umi barcode in entry 3003 of the bam file
2026-03-08 14:06:37,845 - WARNING - Not found cell and umi barcode in entry 3004 of the bam file
2026-03-08 14:06:37,845 - WARNING - Not found cell and umi barcode in entry 3005 of the bam file
2026-03-08 14:06:37,845 - WARNING - Not found cell and umi barcode in entry 3006 of the bam file
2026-03-08 14:06:37,845 - WARNING - Not found cell and umi barcode in entry 3007 of the bam file
2026-03-08 14:06:37,845 - WARNING - Not found cell and umi barcode in entry 3008 of the bam file
2026-03-08 14:06:37,845 - WARNING - Not found cell and umi barcode in entry 3009 of the bam file
2026-03-08 14:06:37,845 - WARNING - Not found cell and umi barcode in entry 3010 of the bam file
2026-03-08 14:06:37,845 - WARNING - Not found cell and umi barcode in entry 3011 of the bam file
2026-03-08 14:06:37,845 - WARNING - Not found cell and umi barcode in entry 3012 of the bam file
2026-03-08 14:06:37,845 - WARNING - Not found cell and umi barcode in entry 3013 of the bam file
2026-03-08 14:06:37,845 - WARNING - Not found cell and umi barcode in entry 3014 of the bam file
2026-03-08 14:06:37,845 - WARNING - Not found cell and umi barcode in entry 3015 of the bam file
2026-03-08 14:06:37,845 - WARNING - Not found cell and umi barcode in entry 3016 of the bam file
2026-03-08 14:06:37,845 - WARNING - Not found cell and umi barcode in entry 3017 of the bam file
2026-03-08 14:06:37,845 - WARNING - Not found cell and umi barcode in entry 3018 of the bam file
2026-03-08 14:06:37,845 - WARNING - Not found cell and umi barcode in entry 3019 of the bam file
2026-03-08 14:06:37,845 - WARNING - Not found cell and umi barcode in entry 3020 of the bam file
2026-03-08 14:06:37,845 - WARNING - Not found cell and umi barcode in entry 3021 of the bam file
2026-03-08 14:06:37,845 - WARNING - Not found cell and umi barcode in entry 3022 of the bam file
2026-03-08 14:06:37,845 - WARNING - Not found cell and umi barcode in entry 3023 of the bam file
2026-03-08 14:06:37,845 - WARNING - Not found cell and umi barcode in entry 3024 of the bam file
2026-03-08 14:06:37,845 - WARNING - Not found cell and umi barcode in entry 3025 of the bam file
2026-03-08 14:06:37,845 - WARNING - Not found cell and umi barcode in entry 3026 of the bam file
2026-03-08 14:06:37,845 - WARNING - Not found cell and umi barcode in entry 3027 of the bam file
2026-03-08 14:06:37,846 - WARNING - Not found cell and umi barcode in entry 3028 of the bam file
2026-03-08 14:06:37,846 - WARNING - Not found cell and umi barcode in entry 3029 of the bam file
2026-03-08 14:06:37,846 - WARNING - Not found cell and umi barcode in entry 3030 of the bam file
2026-03-08 14:06:37,846 - WARNING - Not found cell and umi barcode in entry 3031 of the bam file
2026-03-08 14:06:37,846 - WARNING - Not found cell and umi barcode in entry 3032 of the bam file
2026-03-08 14:06:37,846 - WARNING - Not found cell and umi barcode in entry 3033 of the bam file
2026-03-08 14:06:37,846 - WARNING - Not found cell and umi barcode in entry 3034 of the bam file
2026-03-08 14:06:37,846 - WARNING - Not found cell and umi barcode in entry 3035 of the bam file
2026-03-08 14:06:37,846 - WARNING - Not found cell and umi barcode in entry 3036 of the bam file
2026-03-08 14:06:37,846 - WARNING - Not found cell and umi barcode in entry 3037 of the bam file
2026-03-08 14:06:37,846 - WARNING - Not found cell and umi barcode in entry 3038 of the bam file
2026-03-08 14:06:37,846 - WARNING - Not found cell and umi barcode in entry 3039 of the bam file
2026-03-08 14:06:37,846 - WARNING - Not found cell and umi barcode in entry 3040 of the bam file
2026-03-08 14:06:37,846 - WARNING - Not found cell and umi barcode in entry 3041 of the bam file
2026-03-08 14:06:37,846 - WARNING - Not found cell and umi barcode in entry 3042 of the bam file
2026-03-08 14:06:37,846 - WARNING - Not found cell and umi barcode in entry 3043 of the bam file
2026-03-08 14:06:37,846 - WARNING - Not found cell and umi barcode in entry 3044 of the bam file
2026-03-08 14:06:37,846 - WARNING - Not found cell and umi barcode in entry 3045 of the bam file
2026-03-08 14:06:37,846 - WARNING - Not found cell and umi barcode in entry 3046 of the bam file
2026-03-08 14:06:37,846 - WARNING - Not found cell and umi barcode in entry 3047 of the bam file
2026-03-08 14:06:37,846 - WARNING - Not found cell and umi barcode in entry 3048 of the bam file
2026-03-08 14:06:37,846 - WARNING - Not found cell and umi barcode in entry 3049 of the bam file
2026-03-08 14:06:37,846 - WARNING - Not found cell and umi barcode in entry 3050 of the bam file
2026-03-08 14:06:37,846 - WARNING - Not found cell and umi barcode in entry 3051 of the bam file
2026-03-08 14:06:37,846 - WARNING - Not found cell and umi barcode in entry 3052 of the bam file
2026-03-08 14:06:37,846 - WARNING - Not found cell and umi barcode in entry 3053 of the bam file
2026-03-08 14:06:37,846 - WARNING - Not found cell and umi barcode in entry 3054 of the bam file
2026-03-08 14:06:37,846 - WARNING - Not found cell and umi barcode in entry 3055 of the bam file
2026-03-08 14:06:37,846 - WARNING - Not found cell and umi barcode in entry 3056 of the bam file
2026-03-08 14:06:37,846 - WARNING - Not found cell and umi barcode in entry 3057 of the bam file
2026-03-08 14:06:37,846 - WARNING - Not found cell and umi barcode in entry 3058 of the bam file
2026-03-08 14:06:37,846 - WARNING - Not found cell and umi barcode in entry 3059 of the bam file
2026-03-08 14:06:37,846 - WARNING - Not found cell and umi barcode in entry 3060 of the bam file
2026-03-08 14:06:37,846 - WARNING - Not found cell and umi barcode in entry 3061 of the bam file
2026-03-08 14:06:37,846 - WARNING - Not found cell and umi barcode in entry 3062 of the bam file
2026-03-08 14:06:37,846 - WARNING - Not found cell and umi barcode in entry 3063 of the bam file
2026-03-08 14:06:37,846 - WARNING - Not found cell and umi barcode in entry 3064 of the bam file
2026-03-08 14:06:37,846 - WARNING - Not found cell and umi barcode in entry 3065 of the bam file
2026-03-08 14:06:37,846 - WARNING - Not found cell and umi barcode in entry 3066 of the bam file
2026-03-08 14:06:37,846 - WARNING - Not found cell and umi barcode in entry 3067 of the bam file
2026-03-08 14:06:37,846 - WARNING - Not found cell and umi barcode in entry 3068 of the bam file
2026-03-08 14:06:37,846 - WARNING - Not found cell and umi barcode in entry 3069 of the bam file
2026-03-08 14:06:37,846 - WARNING - Not found cell and umi barcode in entry 3070 of the bam file
2026-03-08 14:06:37,846 - WARNING - Not found cell and umi barcode in entry 3071 of the bam file
2026-03-08 14:06:37,846 - WARNING - Not found cell and umi barcode in entry 3072 of the bam file
2026-03-08 14:06:37,846 - WARNING - Not found cell and umi barcode in entry 3073 of the bam file
2026-03-08 14:06:37,846 - WARNING - Not found cell and umi barcode in entry 3074 of the bam file
2026-03-08 14:06:37,846 - WARNING - Not found cell and umi barcode in entry 3075 of the bam file
2026-03-08 14:06:37,846 - WARNING - Not found cell and umi barcode in entry 3076 of the bam file
2026-03-08 14:06:37,846 - WARNING - Not found cell and umi barcode in entry 3077 of the bam file
2026-03-08 14:06:37,847 - WARNING - Not found cell and umi barcode in entry 3078 of the bam file
2026-03-08 14:06:37,847 - WARNING - Not found cell and umi barcode in entry 3079 of the bam file
2026-03-08 14:06:37,847 - WARNING - Not found cell and umi barcode in entry 3080 of the bam file
2026-03-08 14:06:37,847 - WARNING - Not found cell and umi barcode in entry 3081 of the bam file
2026-03-08 14:06:37,847 - WARNING - Not found cell and umi barcode in entry 3082 of the bam file
2026-03-08 14:06:37,847 - WARNING - Not found cell and umi barcode in entry 3083 of the bam file
2026-03-08 14:06:37,847 - WARNING - Not found cell and umi barcode in entry 3084 of the bam file
2026-03-08 14:06:37,847 - WARNING - Not found cell and umi barcode in entry 3085 of the bam file
2026-03-08 14:06:37,847 - WARNING - Not found cell and umi barcode in entry 3086 of the bam file
2026-03-08 14:06:37,847 - WARNING - Not found cell and umi barcode in entry 3087 of the bam file
2026-03-08 14:06:37,847 - WARNING - Not found cell and umi barcode in entry 3088 of the bam file
2026-03-08 14:06:37,847 - WARNING - Not found cell and umi barcode in entry 3089 of the bam file
2026-03-08 14:06:37,847 - WARNING - Not found cell and umi barcode in entry 3090 of the bam file
2026-03-08 14:06:37,847 - WARNING - Not found cell and umi barcode in entry 3091 of the bam file
2026-03-08 14:06:37,847 - WARNING - Not found cell and umi barcode in entry 3092 of the bam file
2026-03-08 14:06:37,847 - WARNING - Not found cell and umi barcode in entry 3093 of the bam file
2026-03-08 14:06:37,847 - WARNING - Not found cell and umi barcode in entry 3094 of the bam file
2026-03-08 14:06:37,847 - WARNING - Not found cell and umi barcode in entry 3095 of the bam file
2026-03-08 14:06:37,847 - WARNING - Not found cell and umi barcode in entry 3096 of the bam file
2026-03-08 14:06:37,847 - WARNING - Not found cell and umi barcode in entry 3097 of the bam file
2026-03-08 14:06:37,847 - WARNING - Not found cell and umi barcode in entry 3098 of the bam file
2026-03-08 14:06:37,847 - WARNING - Not found cell and umi barcode in entry 3099 of the bam file
2026-03-08 14:06:37,847 - WARNING - Not found cell and umi barcode in entry 3100 of the bam file
2026-03-08 14:06:37,847 - WARNING - Not found cell and umi barcode in entry 3101 of the bam file
2026-03-08 14:06:37,847 - WARNING - Not found cell and umi barcode in entry 3102 of the bam file
2026-03-08 14:06:37,847 - WARNING - Not found cell and umi barcode in entry 3103 of the bam file
2026-03-08 14:06:37,847 - WARNING - Not found cell and umi barcode in entry 3104 of the bam file
2026-03-08 14:06:37,847 - WARNING - Not found cell and umi barcode in entry 3105 of the bam file
2026-03-08 14:06:37,847 - WARNING - Not found cell and umi barcode in entry 3106 of the bam file
2026-03-08 14:06:37,847 - WARNING - Not found cell and umi barcode in entry 3107 of the bam file
2026-03-08 14:06:37,847 - WARNING - Not found cell and umi barcode in entry 3108 of the bam file
2026-03-08 14:06:37,847 - WARNING - Not found cell and umi barcode in entry 3109 of the bam file
2026-03-08 14:06:37,847 - WARNING - Not found cell and umi barcode in entry 3110 of the bam file
2026-03-08 14:06:37,847 - WARNING - Not found cell and umi barcode in entry 3111 of the bam file
2026-03-08 14:06:37,847 - WARNING - Not found cell and umi barcode in entry 3112 of the bam file
2026-03-08 14:06:37,847 - WARNING - Not found cell and umi barcode in entry 3113 of the bam file
2026-03-08 14:06:37,847 - WARNING - Not found cell and umi barcode in entry 3114 of the bam file
2026-03-08 14:06:37,847 - WARNING - Not found cell and umi barcode in entry 3115 of the bam file
2026-03-08 14:06:37,847 - WARNING - Not found cell and umi barcode in entry 3116 of the bam file
2026-03-08 14:06:37,847 - WARNING - Not found cell and umi barcode in entry 3117 of the bam file
2026-03-08 14:06:37,847 - WARNING - Not found cell and umi barcode in entry 3118 of the bam file
2026-03-08 14:06:37,847 - WARNING - Not found cell and umi barcode in entry 3119 of the bam file
2026-03-08 14:06:37,847 - WARNING - Not found cell and umi barcode in entry 3120 of the bam file
2026-03-08 14:06:37,847 - WARNING - Not found cell and umi barcode in entry 3121 of the bam file
2026-03-08 14:06:37,847 - WARNING - Not found cell and umi barcode in entry 3122 of the bam file
2026-03-08 14:06:37,847 - WARNING - Not found cell and umi barcode in entry 3123 of the bam file
2026-03-08 14:06:37,847 - WARNING - Not found cell and umi barcode in entry 3124 of the bam file
2026-03-08 14:06:37,847 - WARNING - Not found cell and umi barcode in entry 3125 of the bam file
2026-03-08 14:06:37,847 - WARNING - Not found cell and umi barcode in entry 3126 of the bam file
2026-03-08 14:06:37,847 - WARNING - Not found cell and umi barcode in entry 3127 of the bam file
2026-03-08 14:06:37,847 - WARNING - Not found cell and umi barcode in entry 3128 of the bam file
2026-03-08 14:06:37,848 - WARNING - Not found cell and umi barcode in entry 3129 of the bam file
2026-03-08 14:06:37,848 - WARNING - Not found cell and umi barcode in entry 3130 of the bam file
2026-03-08 14:06:37,848 - WARNING - Not found cell and umi barcode in entry 3131 of the bam file
2026-03-08 14:06:37,848 - WARNING - Not found cell and umi barcode in entry 3132 of the bam file
2026-03-08 14:06:37,848 - WARNING - Not found cell and umi barcode in entry 3133 of the bam file
2026-03-08 14:06:37,848 - WARNING - Not found cell and umi barcode in entry 3134 of the bam file
2026-03-08 14:06:37,848 - WARNING - Not found cell and umi barcode in entry 3135 of the bam file
2026-03-08 14:06:37,848 - WARNING - Not found cell and umi barcode in entry 3136 of the bam file
2026-03-08 14:06:37,848 - WARNING - Not found cell and umi barcode in entry 3137 of the bam file
2026-03-08 14:06:37,848 - WARNING - Not found cell and umi barcode in entry 3138 of the bam file
2026-03-08 14:06:37,848 - WARNING - Not found cell and umi barcode in entry 3139 of the bam file
2026-03-08 14:06:37,848 - WARNING - Not found cell and umi barcode in entry 3140 of the bam file
2026-03-08 14:06:37,848 - WARNING - Not found cell and umi barcode in entry 3141 of the bam file
2026-03-08 14:06:37,848 - WARNING - Not found cell and umi barcode in entry 3142 of the bam file
2026-03-08 14:06:37,848 - WARNING - Not found cell and umi barcode in entry 3143 of the bam file
2026-03-08 14:06:37,848 - WARNING - Not found cell and umi barcode in entry 3144 of the bam file
2026-03-08 14:06:37,848 - WARNING - Not found cell and umi barcode in entry 3145 of the bam file
2026-03-08 14:06:37,848 - WARNING - Not found cell and umi barcode in entry 3146 of the bam file
2026-03-08 14:06:37,848 - WARNING - Not found cell and umi barcode in entry 3147 of the bam file
2026-03-08 14:06:37,848 - WARNING - Not found cell and umi barcode in entry 3148 of the bam file
2026-03-08 14:06:37,848 - WARNING - Not found cell and umi barcode in entry 3149 of the bam file
2026-03-08 14:06:37,848 - WARNING - Not found cell and umi barcode in entry 3150 of the bam file
2026-03-08 14:06:37,848 - WARNING - Not found cell and umi barcode in entry 3151 of the bam file
2026-03-08 14:06:37,848 - WARNING - Not found cell and umi barcode in entry 3152 of the bam file
2026-03-08 14:06:37,848 - WARNING - Not found cell and umi barcode in entry 3153 of the bam file
2026-03-08 14:06:37,848 - WARNING - Not found cell and umi barcode in entry 3154 of the bam file
2026-03-08 14:06:37,848 - WARNING - Not found cell and umi barcode in entry 3155 of the bam file
2026-03-08 14:06:37,848 - WARNING - Not found cell and umi barcode in entry 3156 of the bam file
2026-03-08 14:06:37,848 - WARNING - Not found cell and umi barcode in entry 3157 of the bam file
2026-03-08 14:06:37,848 - WARNING - Not found cell and umi barcode in entry 3158 of the bam file
2026-03-08 14:06:37,848 - WARNING - Not found cell and umi barcode in entry 3159 of the bam file
2026-03-08 14:06:37,848 - WARNING - Not found cell and umi barcode in entry 3160 of the bam file
2026-03-08 14:06:37,848 - WARNING - Not found cell and umi barcode in entry 3161 of the bam file
2026-03-08 14:06:37,848 - WARNING - Not found cell and umi barcode in entry 3162 of the bam file
2026-03-08 14:06:37,848 - WARNING - Not found cell and umi barcode in entry 3163 of the bam file
2026-03-08 14:06:37,848 - WARNING - Not found cell and umi barcode in entry 3164 of the bam file
2026-03-08 14:06:37,848 - WARNING - Not found cell and umi barcode in entry 3165 of the bam file
2026-03-08 14:06:37,848 - WARNING - Not found cell and umi barcode in entry 3166 of the bam file
2026-03-08 14:06:37,848 - WARNING - Not found cell and umi barcode in entry 3167 of the bam file
2026-03-08 14:06:37,848 - WARNING - Not found cell and umi barcode in entry 3168 of the bam file
2026-03-08 14:06:37,848 - WARNING - Not found cell and umi barcode in entry 3169 of the bam file
2026-03-08 14:06:37,848 - WARNING - Not found cell and umi barcode in entry 3170 of the bam file
2026-03-08 14:06:37,848 - WARNING - Not found cell and umi barcode in entry 3171 of the bam file
2026-03-08 14:06:37,848 - WARNING - Not found cell and umi barcode in entry 3172 of the bam file
2026-03-08 14:06:37,848 - WARNING - Not found cell and umi barcode in entry 3173 of the bam file
2026-03-08 14:06:37,848 - WARNING - Not found cell and umi barcode in entry 3174 of the bam file
2026-03-08 14:06:37,848 - WARNING - Not found cell and umi barcode in entry 3175 of the bam file
2026-03-08 14:06:37,849 - WARNING - Not found cell and umi barcode in entry 3176 of the bam file
2026-03-08 14:06:37,849 - WARNING - Not found cell and umi barcode in entry 3177 of the bam file
2026-03-08 14:06:37,849 - WARNING - Not found cell and umi barcode in entry 3178 of the bam file
2026-03-08 14:06:37,849 - WARNING - Not found cell and umi barcode in entry 3179 of the bam file
2026-03-08 14:06:37,849 - WARNING - Not found cell and umi barcode in entry 3180 of the bam file
2026-03-08 14:06:37,849 - WARNING - Not found cell and umi barcode in entry 3181 of the bam file
2026-03-08 14:06:37,849 - WARNING - Not found cell and umi barcode in entry 3182 of the bam file
2026-03-08 14:06:37,849 - WARNING - Not found cell and umi barcode in entry 3183 of the bam file
2026-03-08 14:06:37,849 - WARNING - Not found cell and umi barcode in entry 3184 of the bam file
2026-03-08 14:06:37,849 - WARNING - Not found cell and umi barcode in entry 3185 of the bam file
2026-03-08 14:06:37,849 - WARNING - Not found cell and umi barcode in entry 3186 of the bam file
2026-03-08 14:06:37,849 - WARNING - Not found cell and umi barcode in entry 3187 of the bam file
2026-03-08 14:06:37,849 - WARNING - Not found cell and umi barcode in entry 3188 of the bam file
2026-03-08 14:06:37,849 - WARNING - Not found cell and umi barcode in entry 3189 of the bam file
2026-03-08 14:06:37,849 - WARNING - Not found cell and umi barcode in entry 3190 of the bam file
2026-03-08 14:06:37,849 - WARNING - Not found cell and umi barcode in entry 3191 of the bam file
2026-03-08 14:06:37,849 - WARNING - Not found cell and umi barcode in entry 3192 of the bam file
2026-03-08 14:06:37,849 - WARNING - Not found cell and umi barcode in entry 3193 of the bam file
2026-03-08 14:06:37,849 - WARNING - Not found cell and umi barcode in entry 3194 of the bam file
2026-03-08 14:06:37,849 - WARNING - Not found cell and umi barcode in entry 3195 of the bam file
2026-03-08 14:06:37,849 - WARNING - Not found cell and umi barcode in entry 3196 of the bam file
2026-03-08 14:06:37,849 - WARNING - Not found cell and umi barcode in entry 3197 of the bam file
2026-03-08 14:06:37,849 - WARNING - Not found cell and umi barcode in entry 3198 of the bam file
2026-03-08 14:06:37,849 - WARNING - Not found cell and umi barcode in entry 3199 of the bam file
2026-03-08 14:06:37,849 - WARNING - Not found cell and umi barcode in entry 3200 of the bam file
2026-03-08 14:06:37,849 - WARNING - Not found cell and umi barcode in entry 3201 of the bam file
2026-03-08 14:06:37,849 - WARNING - Not found cell and umi barcode in entry 3202 of the bam file
2026-03-08 14:06:37,849 - WARNING - Not found cell and umi barcode in entry 3203 of the bam file
2026-03-08 14:06:37,849 - WARNING - Not found cell and umi barcode in entry 3204 of the bam file
2026-03-08 14:06:37,849 - WARNING - Not found cell and umi barcode in entry 3205 of the bam file
2026-03-08 14:06:37,849 - WARNING - Not found cell and umi barcode in entry 3206 of the bam file
2026-03-08 14:06:37,849 - WARNING - Not found cell and umi barcode in entry 3207 of the bam file
2026-03-08 14:06:37,849 - WARNING - Not found cell and umi barcode in entry 3208 of the bam file
2026-03-08 14:06:37,849 - WARNING - Not found cell and umi barcode in entry 3209 of the bam file
2026-03-08 14:06:37,849 - WARNING - Not found cell and umi barcode in entry 3210 of the bam file
2026-03-08 14:06:37,849 - WARNING - Not found cell and umi barcode in entry 3211 of the bam file
2026-03-08 14:06:37,849 - WARNING - Not found cell and umi barcode in entry 3212 of the bam file
2026-03-08 14:06:37,849 - WARNING - Not found cell and umi barcode in entry 3213 of the bam file
2026-03-08 14:06:37,849 - WARNING - Not found cell and umi barcode in entry 3214 of the bam file
2026-03-08 14:06:37,849 - WARNING - Not found cell and umi barcode in entry 3215 of the bam file
2026-03-08 14:06:37,849 - WARNING - Not found cell and umi barcode in entry 3216 of the bam file
2026-03-08 14:06:37,849 - WARNING - Not found cell and umi barcode in entry 3217 of the bam file
2026-03-08 14:06:37,849 - WARNING - Not found cell and umi barcode in entry 3218 of the bam file
2026-03-08 14:06:37,849 - WARNING - Not found cell and umi barcode in entry 3219 of the bam file
2026-03-08 14:06:37,849 - WARNING - Not found cell and umi barcode in entry 3220 of the bam file
2026-03-08 14:06:37,849 - WARNING - Not found cell and umi barcode in entry 3221 of the bam file
2026-03-08 14:06:37,849 - WARNING - Not found cell and umi barcode in entry 3222 of the bam file
2026-03-08 14:06:37,849 - WARNING - Not found cell and umi barcode in entry 3223 of the bam file
2026-03-08 14:06:37,849 - WARNING - Not found cell and umi barcode in entry 3224 of the bam file
2026-03-08 14:06:37,849 - WARNING - Not found cell and umi barcode in entry 3225 of the bam file
2026-03-08 14:06:37,849 - WARNING - Not found cell and umi barcode in entry 3226 of the bam file
2026-03-08 14:06:37,850 - WARNING - Not found cell and umi barcode in entry 3227 of the bam file
2026-03-08 14:06:37,850 - WARNING - Not found cell and umi barcode in entry 3228 of the bam file
2026-03-08 14:06:37,850 - WARNING - Not found cell and umi barcode in entry 3229 of the bam file
2026-03-08 14:06:37,850 - WARNING - Not found cell and umi barcode in entry 3230 of the bam file
2026-03-08 14:06:37,850 - WARNING - Not found cell and umi barcode in entry 3231 of the bam file
2026-03-08 14:06:37,850 - WARNING - Not found cell and umi barcode in entry 3232 of the bam file
2026-03-08 14:06:37,850 - WARNING - Not found cell and umi barcode in entry 3233 of the bam file
2026-03-08 14:06:37,850 - WARNING - Not found cell and umi barcode in entry 3234 of the bam file
2026-03-08 14:06:37,850 - WARNING - Not found cell and umi barcode in entry 3235 of the bam file
2026-03-08 14:06:37,850 - WARNING - Not found cell and umi barcode in entry 3236 of the bam file
2026-03-08 14:06:37,850 - WARNING - Not found cell and umi barcode in entry 3237 of the bam file
2026-03-08 14:06:37,850 - WARNING - Not found cell and umi barcode in entry 3238 of the bam file
2026-03-08 14:06:37,850 - WARNING - Not found cell and umi barcode in entry 3239 of the bam file
2026-03-08 14:06:37,850 - WARNING - Not found cell and umi barcode in entry 3240 of the bam file
2026-03-08 14:06:37,850 - WARNING - Not found cell and umi barcode in entry 3241 of the bam file
2026-03-08 14:06:37,850 - WARNING - Not found cell and umi barcode in entry 3242 of the bam file
2026-03-08 14:06:37,850 - WARNING - Not found cell and umi barcode in entry 3243 of the bam file
2026-03-08 14:06:37,850 - WARNING - Not found cell and umi barcode in entry 3244 of the bam file
2026-03-08 14:06:37,850 - WARNING - Not found cell and umi barcode in entry 3245 of the bam file
2026-03-08 14:06:37,850 - WARNING - Not found cell and umi barcode in entry 3246 of the bam file
2026-03-08 14:06:37,850 - WARNING - Not found cell and umi barcode in entry 3247 of the bam file
2026-03-08 14:06:37,850 - WARNING - Not found cell and umi barcode in entry 3248 of the bam file
2026-03-08 14:06:37,850 - WARNING - Not found cell and umi barcode in entry 3249 of the bam file
2026-03-08 14:06:37,850 - WARNING - Not found cell and umi barcode in entry 3250 of the bam file
2026-03-08 14:06:37,850 - WARNING - Not found cell and umi barcode in entry 3251 of the bam file
2026-03-08 14:06:37,850 - WARNING - Not found cell and umi barcode in entry 3252 of the bam file
2026-03-08 14:06:37,850 - WARNING - Not found cell and umi barcode in entry 3253 of the bam file
2026-03-08 14:06:37,850 - WARNING - Not found cell and umi barcode in entry 3254 of the bam file
2026-03-08 14:06:37,850 - WARNING - Not found cell and umi barcode in entry 3255 of the bam file
2026-03-08 14:06:37,850 - WARNING - Not found cell and umi barcode in entry 3256 of the bam file
2026-03-08 14:06:37,850 - WARNING - Not found cell and umi barcode in entry 3257 of the bam file
2026-03-08 14:06:37,850 - WARNING - Not found cell and umi barcode in entry 3258 of the bam file
2026-03-08 14:06:37,850 - WARNING - Not found cell and umi barcode in entry 3259 of the bam file
2026-03-08 14:06:37,850 - WARNING - Not found cell and umi barcode in entry 3260 of the bam file
2026-03-08 14:06:37,850 - WARNING - Not found cell and umi barcode in entry 3261 of the bam file
2026-03-08 14:06:37,850 - WARNING - Not found cell and umi barcode in entry 3262 of the bam file
2026-03-08 14:06:37,850 - WARNING - Not found cell and umi barcode in entry 3263 of the bam file
2026-03-08 14:06:37,850 - WARNING - Not found cell and umi barcode in entry 3264 of the bam file
2026-03-08 14:06:37,850 - WARNING - Not found cell and umi barcode in entry 3265 of the bam file
2026-03-08 14:06:37,850 - WARNING - Not found cell and umi barcode in entry 3266 of the bam file
2026-03-08 14:06:37,850 - WARNING - Not found cell and umi barcode in entry 3267 of the bam file
2026-03-08 14:06:37,850 - WARNING - Not found cell and umi barcode in entry 3268 of the bam file
2026-03-08 14:06:37,850 - WARNING - Not found cell and umi barcode in entry 3269 of the bam file
2026-03-08 14:06:37,850 - WARNING - Not found cell and umi barcode in entry 3270 of the bam file
2026-03-08 14:06:37,850 - WARNING - Not found cell and umi barcode in entry 3271 of the bam file
2026-03-08 14:06:37,850 - WARNING - Not found cell and umi barcode in entry 3272 of the bam file
2026-03-08 14:06:37,850 - WARNING - Not found cell and umi barcode in entry 3273 of the bam file
2026-03-08 14:06:37,850 - WARNING - Not found cell and umi barcode in entry 3274 of the bam file
2026-03-08 14:06:37,850 - WARNING - Not found cell and umi barcode in entry 3275 of the bam file
2026-03-08 14:06:37,850 - WARNING - Not found cell and umi barcode in entry 3276 of the bam file
2026-03-08 14:06:37,851 - WARNING - Not found cell and umi barcode in entry 3277 of the bam file
2026-03-08 14:06:37,851 - WARNING - Not found cell and umi barcode in entry 3278 of the bam file
2026-03-08 14:06:37,851 - WARNING - Not found cell and umi barcode in entry 3279 of the bam file
2026-03-08 14:06:37,851 - WARNING - Not found cell and umi barcode in entry 3280 of the bam file
2026-03-08 14:06:37,851 - WARNING - Not found cell and umi barcode in entry 3281 of the bam file
2026-03-08 14:06:37,851 - WARNING - Not found cell and umi barcode in entry 3282 of the bam file
2026-03-08 14:06:37,851 - WARNING - Not found cell and umi barcode in entry 3283 of the bam file
2026-03-08 14:06:37,851 - WARNING - Not found cell and umi barcode in entry 3284 of the bam file
2026-03-08 14:06:37,851 - WARNING - Not found cell and umi barcode in entry 3285 of the bam file
2026-03-08 14:06:37,851 - WARNING - Not found cell and umi barcode in entry 3286 of the bam file
2026-03-08 14:06:37,851 - WARNING - Not found cell and umi barcode in entry 3287 of the bam file
2026-03-08 14:06:37,851 - WARNING - Not found cell and umi barcode in entry 3288 of the bam file
2026-03-08 14:06:37,851 - WARNING - Not found cell and umi barcode in entry 3289 of the bam file
2026-03-08 14:06:37,851 - WARNING - Not found cell and umi barcode in entry 3290 of the bam file
2026-03-08 14:06:37,851 - WARNING - Not found cell and umi barcode in entry 3291 of the bam file
2026-03-08 14:06:37,851 - WARNING - Not found cell and umi barcode in entry 3292 of the bam file
2026-03-08 14:06:37,851 - WARNING - Not found cell and umi barcode in entry 3293 of the bam file
2026-03-08 14:06:37,851 - WARNING - Not found cell and umi barcode in entry 3294 of the bam file
2026-03-08 14:06:37,851 - WARNING - Not found cell and umi barcode in entry 3295 of the bam file
2026-03-08 14:06:37,851 - WARNING - Not found cell and umi barcode in entry 3296 of the bam file
2026-03-08 14:06:37,851 - WARNING - Not found cell and umi barcode in entry 3297 of the bam file
2026-03-08 14:06:37,851 - WARNING - Not found cell and umi barcode in entry 3298 of the bam file
2026-03-08 14:06:37,851 - WARNING - Not found cell and umi barcode in entry 3299 of the bam file
2026-03-08 14:06:37,851 - WARNING - Not found cell and umi barcode in entry 3300 of the bam file
2026-03-08 14:06:37,851 - WARNING - Not found cell and umi barcode in entry 3301 of the bam file
2026-03-08 14:06:37,851 - WARNING - Not found cell and umi barcode in entry 3302 of the bam file
2026-03-08 14:06:37,851 - WARNING - Not found cell and umi barcode in entry 3303 of the bam file
2026-03-08 14:06:37,851 - WARNING - Not found cell and umi barcode in entry 3304 of the bam file
2026-03-08 14:06:37,851 - WARNING - Not found cell and umi barcode in entry 3305 of the bam file
2026-03-08 14:06:37,851 - WARNING - Not found cell and umi barcode in entry 3306 of the bam file
2026-03-08 14:06:37,851 - WARNING - Not found cell and umi barcode in entry 3307 of the bam file
2026-03-08 14:06:37,851 - WARNING - Not found cell and umi barcode in entry 3308 of the bam file
2026-03-08 14:06:37,851 - WARNING - Not found cell and umi barcode in entry 3309 of the bam file
2026-03-08 14:06:37,851 - WARNING - Not found cell and umi barcode in entry 3310 of the bam file
2026-03-08 14:06:37,851 - WARNING - Not found cell and umi barcode in entry 3311 of the bam file
2026-03-08 14:06:37,851 - WARNING - Not found cell and umi barcode in entry 3312 of the bam file
2026-03-08 14:06:37,851 - WARNING - Not found cell and umi barcode in entry 3313 of the bam file
2026-03-08 14:06:37,851 - WARNING - Not found cell and umi barcode in entry 3314 of the bam file
2026-03-08 14:06:37,851 - WARNING - Not found cell and umi barcode in entry 3315 of the bam file
2026-03-08 14:06:37,851 - WARNING - Not found cell and umi barcode in entry 3316 of the bam file
2026-03-08 14:06:37,851 - WARNING - Not found cell and umi barcode in entry 3317 of the bam file
2026-03-08 14:06:37,851 - WARNING - Not found cell and umi barcode in entry 3318 of the bam file
2026-03-08 14:06:37,851 - WARNING - Not found cell and umi barcode in entry 3319 of the bam file
2026-03-08 14:06:37,851 - WARNING - Not found cell and umi barcode in entry 3320 of the bam file
2026-03-08 14:06:37,851 - WARNING - Not found cell and umi barcode in entry 3321 of the bam file
2026-03-08 14:06:37,851 - WARNING - Not found cell and umi barcode in entry 3322 of the bam file
2026-03-08 14:06:37,851 - WARNING - Not found cell and umi barcode in entry 3323 of the bam file
2026-03-08 14:06:37,851 - WARNING - Not found cell and umi barcode in entry 3324 of the bam file
2026-03-08 14:06:37,851 - WARNING - Not found cell and umi barcode in entry 3325 of the bam file
2026-03-08 14:06:37,851 - WARNING - Not found cell and umi barcode in entry 3326 of the bam file
2026-03-08 14:06:37,851 - WARNING - Not found cell and umi barcode in entry 3327 of the bam file
2026-03-08 14:06:37,852 - WARNING - Not found cell and umi barcode in entry 3328 of the bam file
2026-03-08 14:06:37,852 - WARNING - Not found cell and umi barcode in entry 3329 of the bam file
2026-03-08 14:06:37,852 - WARNING - Not found cell and umi barcode in entry 3330 of the bam file
2026-03-08 14:06:37,852 - WARNING - Not found cell and umi barcode in entry 3331 of the bam file
2026-03-08 14:06:37,852 - WARNING - Not found cell and umi barcode in entry 3332 of the bam file
2026-03-08 14:06:37,852 - WARNING - Not found cell and umi barcode in entry 3333 of the bam file
2026-03-08 14:06:37,852 - WARNING - Not found cell and umi barcode in entry 3334 of the bam file
2026-03-08 14:06:37,852 - WARNING - Not found cell and umi barcode in entry 3335 of the bam file
2026-03-08 14:06:37,852 - WARNING - Not found cell and umi barcode in entry 3336 of the bam file
2026-03-08 14:06:37,852 - WARNING - Not found cell and umi barcode in entry 3337 of the bam file
2026-03-08 14:06:37,852 - WARNING - Not found cell and umi barcode in entry 3338 of the bam file
2026-03-08 14:06:37,852 - WARNING - Not found cell and umi barcode in entry 3339 of the bam file
2026-03-08 14:06:37,852 - WARNING - Not found cell and umi barcode in entry 3340 of the bam file
2026-03-08 14:06:37,852 - WARNING - Not found cell and umi barcode in entry 3341 of the bam file
2026-03-08 14:06:37,852 - WARNING - Not found cell and umi barcode in entry 3342 of the bam file
2026-03-08 14:06:37,852 - WARNING - Not found cell and umi barcode in entry 3343 of the bam file
2026-03-08 14:06:37,852 - WARNING - Not found cell and umi barcode in entry 3344 of the bam file
2026-03-08 14:06:37,852 - WARNING - Not found cell and umi barcode in entry 3345 of the bam file
2026-03-08 14:06:37,852 - WARNING - Not found cell and umi barcode in entry 3346 of the bam file
2026-03-08 14:06:37,852 - WARNING - Not found cell and umi barcode in entry 3347 of the bam file
2026-03-08 14:06:37,852 - WARNING - Not found cell and umi barcode in entry 3348 of the bam file
2026-03-08 14:06:37,852 - WARNING - Not found cell and umi barcode in entry 3349 of the bam file
2026-03-08 14:06:37,852 - WARNING - Not found cell and umi barcode in entry 3350 of the bam file
2026-03-08 14:06:37,852 - WARNING - Not found cell and umi barcode in entry 3351 of the bam file
2026-03-08 14:06:37,852 - WARNING - Not found cell and umi barcode in entry 3352 of the bam file
2026-03-08 14:06:37,852 - WARNING - Not found cell and umi barcode in entry 3353 of the bam file
2026-03-08 14:06:37,852 - WARNING - Not found cell and umi barcode in entry 3354 of the bam file
2026-03-08 14:06:37,852 - WARNING - Not found cell and umi barcode in entry 3355 of the bam file
2026-03-08 14:06:37,852 - WARNING - Not found cell and umi barcode in entry 3356 of the bam file
2026-03-08 14:06:37,852 - WARNING - Not found cell and umi barcode in entry 3357 of the bam file
2026-03-08 14:06:37,852 - WARNING - Not found cell and umi barcode in entry 3358 of the bam file
2026-03-08 14:06:37,852 - WARNING - Not found cell and umi barcode in entry 3359 of the bam file
2026-03-08 14:06:37,852 - WARNING - Not found cell and umi barcode in entry 3360 of the bam file
2026-03-08 14:06:37,852 - WARNING - Not found cell and umi barcode in entry 3361 of the bam file
2026-03-08 14:06:37,852 - WARNING - Not found cell and umi barcode in entry 3362 of the bam file
2026-03-08 14:06:37,852 - WARNING - Not found cell and umi barcode in entry 3363 of the bam file
2026-03-08 14:06:37,852 - WARNING - Not found cell and umi barcode in entry 3364 of the bam file
2026-03-08 14:06:37,852 - WARNING - Not found cell and umi barcode in entry 3365 of the bam file
2026-03-08 14:06:37,852 - WARNING - Not found cell and umi barcode in entry 3366 of the bam file
2026-03-08 14:06:37,852 - WARNING - Not found cell and umi barcode in entry 3367 of the bam file
2026-03-08 14:06:37,852 - WARNING - Not found cell and umi barcode in entry 3368 of the bam file
2026-03-08 14:06:37,852 - WARNING - Not found cell and umi barcode in entry 3369 of the bam file
2026-03-08 14:06:37,852 - WARNING - Not found cell and umi barcode in entry 3370 of the bam file
2026-03-08 14:06:37,852 - WARNING - Not found cell and umi barcode in entry 3371 of the bam file
2026-03-08 14:06:37,852 - WARNING - Not found cell and umi barcode in entry 3372 of the bam file
2026-03-08 14:06:37,852 - WARNING - Not found cell and umi barcode in entry 3373 of the bam file
2026-03-08 14:06:37,853 - WARNING - Not found cell and umi barcode in entry 3374 of the bam file
2026-03-08 14:06:37,853 - WARNING - Not found cell and umi barcode in entry 3375 of the bam file
2026-03-08 14:06:37,853 - WARNING - Not found cell and umi barcode in entry 3376 of the bam file
2026-03-08 14:06:37,853 - WARNING - Not found cell and umi barcode in entry 3377 of the bam file
2026-03-08 14:06:37,853 - WARNING - Not found cell and umi barcode in entry 3378 of the bam file
2026-03-08 14:06:37,853 - WARNING - Not found cell and umi barcode in entry 3379 of the bam file
2026-03-08 14:06:37,853 - WARNING - Not found cell and umi barcode in entry 3380 of the bam file
2026-03-08 14:06:37,853 - WARNING - Not found cell and umi barcode in entry 3381 of the bam file
2026-03-08 14:06:37,853 - WARNING - Not found cell and umi barcode in entry 3382 of the bam file
2026-03-08 14:06:37,853 - WARNING - Not found cell and umi barcode in entry 3383 of the bam file
2026-03-08 14:06:37,853 - WARNING - Not found cell and umi barcode in entry 3384 of the bam file
2026-03-08 14:06:37,853 - WARNING - Not found cell and umi barcode in entry 3385 of the bam file
2026-03-08 14:06:37,853 - WARNING - Not found cell and umi barcode in entry 3386 of the bam file
2026-03-08 14:06:37,853 - WARNING - Not found cell and umi barcode in entry 3387 of the bam file
2026-03-08 14:06:37,853 - WARNING - Not found cell and umi barcode in entry 3388 of the bam file
2026-03-08 14:06:37,853 - WARNING - Not found cell and umi barcode in entry 3389 of the bam file
2026-03-08 14:06:37,853 - WARNING - Not found cell and umi barcode in entry 3390 of the bam file
2026-03-08 14:06:37,853 - WARNING - Not found cell and umi barcode in entry 3391 of the bam file
2026-03-08 14:06:37,853 - WARNING - Not found cell and umi barcode in entry 3392 of the bam file
2026-03-08 14:06:37,853 - WARNING - Not found cell and umi barcode in entry 3393 of the bam file
2026-03-08 14:06:37,853 - WARNING - Not found cell and umi barcode in entry 3394 of the bam file
2026-03-08 14:06:37,853 - WARNING - Not found cell and umi barcode in entry 3395 of the bam file
2026-03-08 14:06:37,853 - WARNING - Not found cell and umi barcode in entry 3396 of the bam file
2026-03-08 14:06:37,853 - WARNING - Not found cell and umi barcode in entry 3397 of the bam file
2026-03-08 14:06:37,853 - WARNING - Not found cell and umi barcode in entry 3398 of the bam file
2026-03-08 14:06:37,853 - WARNING - Not found cell and umi barcode in entry 3399 of the bam file
2026-03-08 14:06:37,853 - WARNING - Not found cell and umi barcode in entry 3400 of the bam file
2026-03-08 14:06:37,853 - WARNING - Not found cell and umi barcode in entry 3401 of the bam file
2026-03-08 14:06:37,853 - WARNING - Not found cell and umi barcode in entry 3402 of the bam file
2026-03-08 14:06:37,853 - WARNING - Not found cell and umi barcode in entry 3403 of the bam file
2026-03-08 14:06:37,853 - WARNING - Not found cell and umi barcode in entry 3404 of the bam file
2026-03-08 14:06:37,853 - WARNING - Not found cell and umi barcode in entry 3405 of the bam file
2026-03-08 14:06:37,853 - WARNING - Not found cell and umi barcode in entry 3406 of the bam file
2026-03-08 14:06:37,853 - WARNING - Not found cell and umi barcode in entry 3407 of the bam file
2026-03-08 14:06:37,853 - WARNING - Not found cell and umi barcode in entry 3408 of the bam file
2026-03-08 14:06:37,853 - WARNING - Not found cell and umi barcode in entry 3409 of the bam file
2026-03-08 14:06:37,853 - WARNING - Not found cell and umi barcode in entry 3410 of the bam file
2026-03-08 14:06:37,853 - WARNING - Not found cell and umi barcode in entry 3411 of the bam file
2026-03-08 14:06:37,853 - WARNING - Not found cell and umi barcode in entry 3412 of the bam file
2026-03-08 14:06:37,853 - WARNING - Not found cell and umi barcode in entry 3413 of the bam file
2026-03-08 14:06:37,853 - WARNING - Not found cell and umi barcode in entry 3414 of the bam file
2026-03-08 14:06:37,853 - WARNING - Not found cell and umi barcode in entry 3415 of the bam file
2026-03-08 14:06:37,853 - WARNING - Not found cell and umi barcode in entry 3416 of the bam file
2026-03-08 14:06:37,853 - WARNING - Not found cell and umi barcode in entry 3417 of the bam file
2026-03-08 14:06:37,853 - WARNING - Not found cell and umi barcode in entry 3418 of the bam file
2026-03-08 14:06:37,853 - WARNING - Not found cell and umi barcode in entry 3419 of the bam file
2026-03-08 14:06:37,853 - WARNING - Not found cell and umi barcode in entry 3420 of the bam file
2026-03-08 14:06:37,853 - WARNING - Not found cell and umi barcode in entry 3421 of the bam file
2026-03-08 14:06:37,853 - WARNING - Not found cell and umi barcode in entry 3422 of the bam file
2026-03-08 14:06:37,853 - WARNING - Not found cell and umi barcode in entry 3423 of the bam file
2026-03-08 14:06:37,854 - WARNING - Not found cell and umi barcode in entry 3424 of the bam file
2026-03-08 14:06:37,854 - WARNING - Not found cell and umi barcode in entry 3425 of the bam file
2026-03-08 14:06:37,854 - WARNING - Not found cell and umi barcode in entry 3426 of the bam file
2026-03-08 14:06:37,854 - WARNING - Not found cell and umi barcode in entry 3427 of the bam file
2026-03-08 14:06:37,854 - WARNING - Not found cell and umi barcode in entry 3428 of the bam file
2026-03-08 14:06:37,854 - WARNING - Not found cell and umi barcode in entry 3429 of the bam file
2026-03-08 14:06:37,854 - WARNING - Not found cell and umi barcode in entry 3430 of the bam file
2026-03-08 14:06:37,854 - WARNING - Not found cell and umi barcode in entry 3431 of the bam file
2026-03-08 14:06:37,854 - WARNING - Not found cell and umi barcode in entry 3432 of the bam file
2026-03-08 14:06:37,854 - WARNING - Not found cell and umi barcode in entry 3433 of the bam file
2026-03-08 14:06:37,854 - WARNING - Not found cell and umi barcode in entry 3434 of the bam file
2026-03-08 14:06:37,854 - WARNING - Not found cell and umi barcode in entry 3435 of the bam file
2026-03-08 14:06:37,854 - WARNING - Not found cell and umi barcode in entry 3436 of the bam file
2026-03-08 14:06:37,854 - WARNING - Not found cell and umi barcode in entry 3437 of the bam file
2026-03-08 14:06:37,854 - WARNING - Not found cell and umi barcode in entry 3438 of the bam file
2026-03-08 14:06:37,854 - WARNING - Not found cell and umi barcode in entry 3439 of the bam file
2026-03-08 14:06:37,854 - WARNING - Not found cell and umi barcode in entry 3440 of the bam file
2026-03-08 14:06:37,854 - WARNING - Not found cell and umi barcode in entry 3441 of the bam file
2026-03-08 14:06:37,854 - WARNING - Not found cell and umi barcode in entry 3442 of the bam file
2026-03-08 14:06:37,854 - WARNING - Not found cell and umi barcode in entry 3443 of the bam file
2026-03-08 14:06:37,854 - WARNING - Not found cell and umi barcode in entry 3444 of the bam file
2026-03-08 14:06:37,854 - WARNING - Not found cell and umi barcode in entry 3445 of the bam file
2026-03-08 14:06:37,854 - WARNING - Not found cell and umi barcode in entry 3446 of the bam file
2026-03-08 14:06:37,854 - WARNING - Not found cell and umi barcode in entry 3447 of the bam file
2026-03-08 14:06:37,854 - WARNING - Not found cell and umi barcode in entry 3448 of the bam file
2026-03-08 14:06:37,854 - WARNING - Not found cell and umi barcode in entry 3449 of the bam file
2026-03-08 14:06:37,854 - WARNING - Not found cell and umi barcode in entry 3450 of the bam file
2026-03-08 14:06:37,854 - WARNING - Not found cell and umi barcode in entry 3451 of the bam file
2026-03-08 14:06:37,854 - WARNING - Not found cell and umi barcode in entry 3452 of the bam file
2026-03-08 14:06:37,854 - WARNING - Not found cell and umi barcode in entry 3453 of the bam file
2026-03-08 14:06:37,854 - WARNING - Not found cell and umi barcode in entry 3454 of the bam file
2026-03-08 14:06:37,854 - WARNING - Not found cell and umi barcode in entry 3455 of the bam file
2026-03-08 14:06:37,854 - WARNING - Not found cell and umi barcode in entry 3456 of the bam file
2026-03-08 14:06:37,854 - WARNING - Not found cell and umi barcode in entry 3457 of the bam file
2026-03-08 14:06:37,854 - WARNING - Not found cell and umi barcode in entry 3458 of the bam file
2026-03-08 14:06:37,854 - WARNING - Not found cell and umi barcode in entry 3459 of the bam file
2026-03-08 14:06:37,854 - WARNING - Not found cell and umi barcode in entry 3460 of the bam file
2026-03-08 14:06:37,854 - WARNING - Not found cell and umi barcode in entry 3461 of the bam file
2026-03-08 14:06:37,854 - WARNING - Not found cell and umi barcode in entry 3462 of the bam file
2026-03-08 14:06:37,854 - WARNING - Not found cell and umi barcode in entry 3463 of the bam file
2026-03-08 14:06:37,854 - WARNING - Not found cell and umi barcode in entry 3464 of the bam file
2026-03-08 14:06:37,854 - WARNING - Not found cell and umi barcode in entry 3465 of the bam file
2026-03-08 14:06:37,854 - WARNING - Not found cell and umi barcode in entry 3466 of the bam file
2026-03-08 14:06:37,854 - WARNING - Not found cell and umi barcode in entry 3467 of the bam file
2026-03-08 14:06:37,854 - WARNING - Not found cell and umi barcode in entry 3468 of the bam file
2026-03-08 14:06:37,854 - WARNING - Not found cell and umi barcode in entry 3469 of the bam file
2026-03-08 14:06:37,854 - WARNING - Not found cell and umi barcode in entry 3470 of the bam file
2026-03-08 14:06:37,854 - WARNING - Not found cell and umi barcode in entry 3471 of the bam file
2026-03-08 14:06:37,854 - WARNING - Not found cell and umi barcode in entry 3472 of the bam file
2026-03-08 14:06:37,854 - WARNING - Not found cell and umi barcode in entry 3473 of the bam file
2026-03-08 14:06:37,854 - WARNING - Not found cell and umi barcode in entry 3474 of the bam file
2026-03-08 14:06:37,855 - WARNING - Not found cell and umi barcode in entry 3475 of the bam file
2026-03-08 14:06:37,855 - WARNING - Not found cell and umi barcode in entry 3476 of the bam file
2026-03-08 14:06:37,855 - WARNING - Not found cell and umi barcode in entry 3477 of the bam file
2026-03-08 14:06:37,855 - WARNING - Not found cell and umi barcode in entry 3478 of the bam file
2026-03-08 14:06:37,855 - WARNING - Not found cell and umi barcode in entry 3479 of the bam file
2026-03-08 14:06:37,855 - WARNING - Not found cell and umi barcode in entry 3480 of the bam file
2026-03-08 14:06:37,855 - WARNING - Not found cell and umi barcode in entry 3481 of the bam file
2026-03-08 14:06:37,855 - WARNING - Not found cell and umi barcode in entry 3482 of the bam file
2026-03-08 14:06:37,855 - WARNING - Not found cell and umi barcode in entry 3483 of the bam file
2026-03-08 14:06:37,855 - WARNING - Not found cell and umi barcode in entry 3484 of the bam file
2026-03-08 14:06:37,855 - WARNING - Not found cell and umi barcode in entry 3485 of the bam file
2026-03-08 14:06:37,855 - WARNING - Not found cell and umi barcode in entry 3486 of the bam file
2026-03-08 14:06:37,855 - WARNING - Not found cell and umi barcode in entry 3487 of the bam file
2026-03-08 14:06:37,855 - WARNING - Not found cell and umi barcode in entry 3488 of the bam file
2026-03-08 14:06:37,855 - WARNING - Not found cell and umi barcode in entry 3489 of the bam file
2026-03-08 14:06:37,855 - WARNING - Not found cell and umi barcode in entry 3490 of the bam file
2026-03-08 14:06:37,855 - WARNING - Not found cell and umi barcode in entry 3491 of the bam file
2026-03-08 14:06:37,855 - WARNING - Not found cell and umi barcode in entry 3492 of the bam file
2026-03-08 14:06:37,855 - WARNING - Not found cell and umi barcode in entry 3493 of the bam file
2026-03-08 14:06:37,855 - WARNING - Not found cell and umi barcode in entry 3494 of the bam file
2026-03-08 14:06:37,855 - WARNING - Not found cell and umi barcode in entry 3495 of the bam file
2026-03-08 14:06:37,855 - WARNING - Not found cell and umi barcode in entry 3496 of the bam file
2026-03-08 14:06:37,855 - WARNING - Not found cell and umi barcode in entry 3497 of the bam file
2026-03-08 14:06:37,855 - WARNING - Not found cell and umi barcode in entry 3498 of the bam file
2026-03-08 14:06:37,855 - WARNING - Not found cell and umi barcode in entry 3499 of the bam file
2026-03-08 14:06:37,855 - WARNING - Not found cell and umi barcode in entry 3500 of the bam file
2026-03-08 14:06:37,855 - WARNING - Not found cell and umi barcode in entry 3501 of the bam file
2026-03-08 14:06:37,855 - WARNING - Not found cell and umi barcode in entry 3502 of the bam file
2026-03-08 14:06:37,855 - WARNING - Not found cell and umi barcode in entry 3503 of the bam file
2026-03-08 14:06:37,855 - WARNING - Not found cell and umi barcode in entry 3504 of the bam file
2026-03-08 14:06:37,855 - WARNING - Not found cell and umi barcode in entry 3505 of the bam file
2026-03-08 14:06:37,855 - WARNING - Not found cell and umi barcode in entry 3506 of the bam file
2026-03-08 14:06:37,855 - WARNING - Not found cell and umi barcode in entry 3507 of the bam file
2026-03-08 14:06:37,855 - WARNING - Not found cell and umi barcode in entry 3508 of the bam file
2026-03-08 14:06:37,855 - WARNING - Not found cell and umi barcode in entry 3509 of the bam file
2026-03-08 14:06:37,855 - WARNING - Not found cell and umi barcode in entry 3510 of the bam file
2026-03-08 14:06:37,855 - WARNING - Not found cell and umi barcode in entry 3511 of the bam file
2026-03-08 14:06:37,855 - WARNING - Not found cell and umi barcode in entry 3512 of the bam file
2026-03-08 14:06:37,855 - WARNING - Not found cell and umi barcode in entry 3513 of the bam file
2026-03-08 14:06:37,855 - WARNING - Not found cell and umi barcode in entry 3514 of the bam file
2026-03-08 14:06:37,855 - WARNING - Not found cell and umi barcode in entry 3515 of the bam file
2026-03-08 14:06:37,855 - WARNING - Not found cell and umi barcode in entry 3516 of the bam file
2026-03-08 14:06:37,855 - WARNING - Not found cell and umi barcode in entry 3517 of the bam file
2026-03-08 14:06:37,855 - WARNING - Not found cell and umi barcode in entry 3518 of the bam file
2026-03-08 14:06:37,855 - WARNING - Not found cell and umi barcode in entry 3519 of the bam file
2026-03-08 14:06:37,855 - WARNING - Not found cell and umi barcode in entry 3520 of the bam file
2026-03-08 14:06:37,856 - WARNING - Not found cell and umi barcode in entry 3521 of the bam file
2026-03-08 14:06:37,856 - WARNING - Not found cell and umi barcode in entry 3522 of the bam file
2026-03-08 14:06:37,856 - WARNING - Not found cell and umi barcode in entry 3523 of the bam file
2026-03-08 14:06:37,856 - WARNING - Not found cell and umi barcode in entry 3524 of the bam file
2026-03-08 14:06:37,856 - WARNING - Not found cell and umi barcode in entry 3525 of the bam file
2026-03-08 14:06:37,856 - WARNING - Not found cell and umi barcode in entry 3526 of the bam file
2026-03-08 14:06:37,856 - WARNING - Not found cell and umi barcode in entry 3527 of the bam file
2026-03-08 14:06:37,856 - WARNING - Not found cell and umi barcode in entry 3528 of the bam file
2026-03-08 14:06:37,856 - WARNING - Not found cell and umi barcode in entry 3529 of the bam file
2026-03-08 14:06:37,856 - WARNING - Not found cell and umi barcode in entry 3530 of the bam file
2026-03-08 14:06:37,856 - WARNING - Not found cell and umi barcode in entry 3531 of the bam file
2026-03-08 14:06:37,856 - WARNING - Not found cell and umi barcode in entry 3532 of the bam file
2026-03-08 14:06:37,856 - WARNING - Not found cell and umi barcode in entry 3533 of the bam file
2026-03-08 14:06:37,856 - WARNING - Not found cell and umi barcode in entry 3534 of the bam file
2026-03-08 14:06:37,856 - WARNING - Not found cell and umi barcode in entry 3535 of the bam file
2026-03-08 14:06:37,856 - WARNING - Not found cell and umi barcode in entry 3536 of the bam file
2026-03-08 14:06:37,856 - WARNING - Not found cell and umi barcode in entry 3537 of the bam file
2026-03-08 14:06:37,856 - WARNING - Not found cell and umi barcode in entry 3538 of the bam file
2026-03-08 14:06:37,856 - WARNING - Not found cell and umi barcode in entry 3539 of the bam file
2026-03-08 14:06:37,856 - WARNING - Not found cell and umi barcode in entry 3540 of the bam file
2026-03-08 14:06:37,856 - WARNING - Not found cell and umi barcode in entry 3541 of the bam file
2026-03-08 14:06:37,856 - WARNING - Not found cell and umi barcode in entry 3542 of the bam file
2026-03-08 14:06:37,856 - WARNING - Not found cell and umi barcode in entry 3543 of the bam file
2026-03-08 14:06:37,856 - WARNING - Not found cell and umi barcode in entry 3544 of the bam file
2026-03-08 14:06:37,856 - WARNING - Not found cell and umi barcode in entry 3545 of the bam file
2026-03-08 14:06:37,856 - WARNING - Not found cell and umi barcode in entry 3546 of the bam file
2026-03-08 14:06:37,856 - WARNING - Not found cell and umi barcode in entry 3547 of the bam file
2026-03-08 14:06:37,856 - WARNING - Not found cell and umi barcode in entry 3548 of the bam file
2026-03-08 14:06:37,856 - WARNING - Not found cell and umi barcode in entry 3549 of the bam file
2026-03-08 14:06:37,856 - WARNING - Not found cell and umi barcode in entry 3550 of the bam file
2026-03-08 14:06:37,856 - WARNING - Not found cell and umi barcode in entry 3551 of the bam file
2026-03-08 14:06:37,856 - WARNING - Not found cell and umi barcode in entry 3552 of the bam file
2026-03-08 14:06:37,856 - WARNING - Not found cell and umi barcode in entry 3553 of the bam file
2026-03-08 14:06:37,856 - WARNING - Not found cell and umi barcode in entry 3554 of the bam file
2026-03-08 14:06:37,856 - WARNING - Not found cell and umi barcode in entry 3555 of the bam file
2026-03-08 14:06:37,856 - WARNING - Not found cell and umi barcode in entry 3556 of the bam file
2026-03-08 14:06:37,856 - WARNING - Not found cell and umi barcode in entry 3557 of the bam file
2026-03-08 14:06:37,856 - WARNING - Not found cell and umi barcode in entry 3558 of the bam file
2026-03-08 14:06:37,856 - WARNING - Not found cell and umi barcode in entry 3559 of the bam file
2026-03-08 14:06:37,856 - WARNING - Not found cell and umi barcode in entry 3560 of the bam file
2026-03-08 14:06:37,856 - WARNING - Not found cell and umi barcode in entry 3561 of the bam file
2026-03-08 14:06:37,856 - WARNING - Not found cell and umi barcode in entry 3562 of the bam file
2026-03-08 14:06:37,856 - WARNING - Not found cell and umi barcode in entry 3563 of the bam file
2026-03-08 14:06:37,856 - WARNING - Not found cell and umi barcode in entry 3564 of the bam file
2026-03-08 14:06:37,856 - WARNING - Not found cell and umi barcode in entry 3565 of the bam file
2026-03-08 14:06:37,856 - WARNING - Not found cell and umi barcode in entry 3566 of the bam file
2026-03-08 14:06:37,856 - WARNING - Not found cell and umi barcode in entry 3567 of the bam file
2026-03-08 14:06:37,856 - WARNING - Not found cell and umi barcode in entry 3568 of the bam file
2026-03-08 14:06:37,856 - WARNING - Not found cell and umi barcode in entry 3569 of the bam file
2026-03-08 14:06:37,856 - WARNING - Not found cell and umi barcode in entry 3570 of the bam file
2026-03-08 14:06:37,856 - WARNING - Not found cell and umi barcode in entry 3571 of the bam file
2026-03-08 14:06:37,857 - WARNING - Not found cell and umi barcode in entry 3572 of the bam file
2026-03-08 14:06:37,857 - WARNING - Not found cell and umi barcode in entry 3573 of the bam file
2026-03-08 14:06:37,857 - WARNING - Not found cell and umi barcode in entry 3574 of the bam file
2026-03-08 14:06:37,857 - WARNING - Not found cell and umi barcode in entry 3575 of the bam file
2026-03-08 14:06:37,857 - WARNING - Not found cell and umi barcode in entry 3576 of the bam file
2026-03-08 14:06:37,857 - WARNING - Not found cell and umi barcode in entry 3577 of the bam file
2026-03-08 14:06:37,857 - WARNING - Not found cell and umi barcode in entry 3578 of the bam file
2026-03-08 14:06:37,857 - WARNING - Not found cell and umi barcode in entry 3579 of the bam file
2026-03-08 14:06:37,857 - WARNING - Not found cell and umi barcode in entry 3580 of the bam file
2026-03-08 14:06:37,857 - WARNING - Not found cell and umi barcode in entry 3581 of the bam file
2026-03-08 14:06:37,857 - WARNING - Not found cell and umi barcode in entry 3582 of the bam file
2026-03-08 14:06:37,857 - WARNING - Not found cell and umi barcode in entry 3583 of the bam file
2026-03-08 14:06:37,857 - WARNING - Not found cell and umi barcode in entry 3584 of the bam file
2026-03-08 14:06:37,857 - WARNING - Not found cell and umi barcode in entry 3585 of the bam file
2026-03-08 14:06:37,857 - WARNING - Not found cell and umi barcode in entry 3586 of the bam file
2026-03-08 14:06:37,857 - WARNING - Not found cell and umi barcode in entry 3587 of the bam file
2026-03-08 14:06:37,857 - WARNING - Not found cell and umi barcode in entry 3588 of the bam file
2026-03-08 14:06:37,857 - WARNING - Not found cell and umi barcode in entry 3589 of the bam file
2026-03-08 14:06:37,857 - WARNING - Not found cell and umi barcode in entry 3590 of the bam file
2026-03-08 14:06:37,857 - WARNING - Not found cell and umi barcode in entry 3591 of the bam file
2026-03-08 14:06:37,857 - WARNING - Not found cell and umi barcode in entry 3592 of the bam file
2026-03-08 14:06:37,857 - WARNING - Not found cell and umi barcode in entry 3593 of the bam file
2026-03-08 14:06:37,857 - WARNING - Not found cell and umi barcode in entry 3594 of the bam file
2026-03-08 14:06:37,857 - WARNING - Not found cell and umi barcode in entry 3595 of the bam file
2026-03-08 14:06:37,857 - WARNING - Not found cell and umi barcode in entry 3596 of the bam file
2026-03-08 14:06:37,857 - WARNING - Not found cell and umi barcode in entry 3597 of the bam file
2026-03-08 14:06:37,857 - WARNING - Not found cell and umi barcode in entry 3598 of the bam file
2026-03-08 14:06:37,857 - WARNING - Not found cell and umi barcode in entry 3599 of the bam file
2026-03-08 14:06:37,857 - WARNING - Not found cell and umi barcode in entry 3600 of the bam file
2026-03-08 14:06:37,857 - WARNING - Not found cell and umi barcode in entry 3601 of the bam file
2026-03-08 14:06:37,857 - WARNING - Not found cell and umi barcode in entry 3602 of the bam file
2026-03-08 14:06:37,857 - WARNING - Not found cell and umi barcode in entry 3603 of the bam file
2026-03-08 14:06:37,857 - WARNING - Not found cell and umi barcode in entry 3604 of the bam file
2026-03-08 14:06:37,857 - WARNING - Not found cell and umi barcode in entry 3605 of the bam file
2026-03-08 14:06:37,857 - WARNING - Not found cell and umi barcode in entry 3606 of the bam file
2026-03-08 14:06:37,857 - WARNING - Not found cell and umi barcode in entry 3607 of the bam file
2026-03-08 14:06:37,857 - WARNING - Not found cell and umi barcode in entry 3608 of the bam file
2026-03-08 14:06:37,857 - WARNING - Not found cell and umi barcode in entry 3609 of the bam file
2026-03-08 14:06:37,857 - WARNING - Not found cell and umi barcode in entry 3610 of the bam file
2026-03-08 14:06:37,857 - WARNING - Not found cell and umi barcode in entry 3611 of the bam file
2026-03-08 14:06:37,857 - WARNING - Not found cell and umi barcode in entry 3612 of the bam file
2026-03-08 14:06:37,857 - WARNING - Not found cell and umi barcode in entry 3613 of the bam file
2026-03-08 14:06:37,857 - WARNING - Not found cell and umi barcode in entry 3614 of the bam file
2026-03-08 14:06:37,857 - WARNING - Not found cell and umi barcode in entry 3615 of the bam file
2026-03-08 14:06:37,857 - WARNING - Not found cell and umi barcode in entry 3616 of the bam file
2026-03-08 14:06:37,857 - WARNING - Not found cell and umi barcode in entry 3617 of the bam file
2026-03-08 14:06:37,857 - WARNING - Not found cell and umi barcode in entry 3618 of the bam file
2026-03-08 14:06:37,857 - WARNING - Not found cell and umi barcode in entry 3619 of the bam file
2026-03-08 14:06:37,857 - WARNING - Not found cell and umi barcode in entry 3620 of the bam file
2026-03-08 14:06:37,857 - WARNING - Not found cell and umi barcode in entry 3621 of the bam file
2026-03-08 14:06:37,858 - WARNING - Not found cell and umi barcode in entry 3622 of the bam file
2026-03-08 14:06:37,858 - WARNING - Not found cell and umi barcode in entry 3623 of the bam file
2026-03-08 14:06:37,858 - WARNING - Not found cell and umi barcode in entry 3624 of the bam file
2026-03-08 14:06:37,858 - WARNING - Not found cell and umi barcode in entry 3625 of the bam file
2026-03-08 14:06:37,858 - WARNING - Not found cell and umi barcode in entry 3626 of the bam file
2026-03-08 14:06:37,858 - WARNING - Not found cell and umi barcode in entry 3627 of the bam file
2026-03-08 14:06:37,858 - WARNING - Not found cell and umi barcode in entry 3628 of the bam file
2026-03-08 14:06:37,858 - WARNING - Not found cell and umi barcode in entry 3629 of the bam file
2026-03-08 14:06:37,858 - WARNING - Not found cell and umi barcode in entry 3630 of the bam file
2026-03-08 14:06:37,858 - WARNING - Not found cell and umi barcode in entry 3631 of the bam file
2026-03-08 14:06:37,858 - WARNING - Not found cell and umi barcode in entry 3632 of the bam file
2026-03-08 14:06:37,858 - WARNING - Not found cell and umi barcode in entry 3633 of the bam file
2026-03-08 14:06:37,858 - WARNING - Not found cell and umi barcode in entry 3634 of the bam file
2026-03-08 14:06:37,858 - WARNING - Not found cell and umi barcode in entry 3635 of the bam file
2026-03-08 14:06:37,858 - WARNING - Not found cell and umi barcode in entry 3636 of the bam file
2026-03-08 14:06:37,858 - WARNING - Not found cell and umi barcode in entry 3637 of the bam file
2026-03-08 14:06:37,858 - WARNING - Not found cell and umi barcode in entry 3638 of the bam file
2026-03-08 14:06:37,858 - WARNING - Not found cell and umi barcode in entry 3639 of the bam file
2026-03-08 14:06:37,858 - WARNING - Not found cell and umi barcode in entry 3640 of the bam file
2026-03-08 14:06:37,858 - WARNING - Not found cell and umi barcode in entry 3641 of the bam file
2026-03-08 14:06:37,858 - WARNING - Not found cell and umi barcode in entry 3642 of the bam file
2026-03-08 14:06:37,858 - WARNING - Not found cell and umi barcode in entry 3643 of the bam file
2026-03-08 14:06:37,858 - WARNING - Not found cell and umi barcode in entry 3644 of the bam file
2026-03-08 14:06:37,858 - WARNING - Not found cell and umi barcode in entry 3645 of the bam file
2026-03-08 14:06:37,858 - WARNING - Not found cell and umi barcode in entry 3646 of the bam file
2026-03-08 14:06:37,858 - WARNING - Not found cell and umi barcode in entry 3647 of the bam file
2026-03-08 14:06:37,858 - WARNING - Not found cell and umi barcode in entry 3648 of the bam file
2026-03-08 14:06:37,858 - WARNING - Not found cell and umi barcode in entry 3649 of the bam file
2026-03-08 14:06:37,858 - WARNING - Not found cell and umi barcode in entry 3650 of the bam file
2026-03-08 14:06:37,858 - WARNING - Not found cell and umi barcode in entry 3651 of the bam file
2026-03-08 14:06:37,858 - WARNING - Not found cell and umi barcode in entry 3652 of the bam file
2026-03-08 14:06:37,858 - WARNING - Not found cell and umi barcode in entry 3653 of the bam file
2026-03-08 14:06:37,858 - WARNING - Not found cell and umi barcode in entry 3654 of the bam file
2026-03-08 14:06:37,858 - WARNING - Not found cell and umi barcode in entry 3655 of the bam file
2026-03-08 14:06:37,858 - WARNING - Not found cell and umi barcode in entry 3656 of the bam file
2026-03-08 14:06:37,858 - WARNING - Not found cell and umi barcode in entry 3657 of the bam file
2026-03-08 14:06:37,858 - WARNING - Not found cell and umi barcode in entry 3658 of the bam file
2026-03-08 14:06:37,858 - WARNING - Not found cell and umi barcode in entry 3659 of the bam file
2026-03-08 14:06:37,858 - WARNING - Not found cell and umi barcode in entry 3660 of the bam file
2026-03-08 14:06:37,858 - WARNING - Not found cell and umi barcode in entry 3661 of the bam file
2026-03-08 14:06:37,858 - WARNING - Not found cell and umi barcode in entry 3662 of the bam file
2026-03-08 14:06:37,858 - WARNING - Not found cell and umi barcode in entry 3663 of the bam file
2026-03-08 14:06:37,858 - WARNING - Not found cell and umi barcode in entry 3664 of the bam file
2026-03-08 14:06:37,858 - WARNING - Not found cell and umi barcode in entry 3665 of the bam file
2026-03-08 14:06:37,858 - WARNING - Not found cell and umi barcode in entry 3666 of the bam file
2026-03-08 14:06:37,858 - WARNING - Not found cell and umi barcode in entry 3667 of the bam file
2026-03-08 14:06:37,858 - WARNING - Not found cell and umi barcode in entry 3668 of the bam file
2026-03-08 14:06:37,858 - WARNING - Not found cell and umi barcode in entry 3669 of the bam file
2026-03-08 14:06:37,858 - WARNING - Not found cell and umi barcode in entry 3670 of the bam file
2026-03-08 14:06:37,858 - WARNING - Not found cell and umi barcode in entry 3671 of the bam file
2026-03-08 14:06:37,858 - WARNING - Not found cell and umi barcode in entry 3672 of the bam file
2026-03-08 14:06:37,859 - WARNING - Not found cell and umi barcode in entry 3673 of the bam file
2026-03-08 14:06:37,859 - WARNING - Not found cell and umi barcode in entry 3674 of the bam file
2026-03-08 14:06:37,859 - WARNING - Not found cell and umi barcode in entry 3675 of the bam file
2026-03-08 14:06:37,859 - WARNING - Not found cell and umi barcode in entry 3676 of the bam file
2026-03-08 14:06:37,859 - WARNING - Not found cell and umi barcode in entry 3677 of the bam file
2026-03-08 14:06:37,859 - WARNING - Not found cell and umi barcode in entry 3678 of the bam file
2026-03-08 14:06:37,859 - WARNING - Not found cell and umi barcode in entry 3679 of the bam file
2026-03-08 14:06:37,859 - WARNING - Not found cell and umi barcode in entry 3680 of the bam file
2026-03-08 14:06:37,859 - WARNING - Not found cell and umi barcode in entry 3681 of the bam file
2026-03-08 14:06:37,859 - WARNING - Not found cell and umi barcode in entry 3682 of the bam file
2026-03-08 14:06:37,859 - WARNING - Not found cell and umi barcode in entry 3683 of the bam file
2026-03-08 14:06:37,859 - WARNING - Not found cell and umi barcode in entry 3684 of the bam file
2026-03-08 14:06:37,859 - WARNING - Not found cell and umi barcode in entry 3685 of the bam file
2026-03-08 14:06:37,859 - WARNING - Not found cell and umi barcode in entry 3686 of the bam file
2026-03-08 14:06:37,859 - WARNING - Not found cell and umi barcode in entry 3687 of the bam file
2026-03-08 14:06:37,859 - WARNING - Not found cell and umi barcode in entry 3688 of the bam file
2026-03-08 14:06:37,859 - WARNING - Not found cell and umi barcode in entry 3689 of the bam file
2026-03-08 14:06:37,859 - WARNING - Not found cell and umi barcode in entry 3690 of the bam file
2026-03-08 14:06:37,859 - WARNING - Not found cell and umi barcode in entry 3691 of the bam file
2026-03-08 14:06:37,859 - WARNING - Not found cell and umi barcode in entry 3692 of the bam file
2026-03-08 14:06:37,859 - WARNING - Not found cell and umi barcode in entry 3693 of the bam file
2026-03-08 14:06:37,859 - WARNING - Not found cell and umi barcode in entry 3694 of the bam file
2026-03-08 14:06:37,859 - WARNING - Not found cell and umi barcode in entry 3695 of the bam file
2026-03-08 14:06:37,859 - WARNING - Not found cell and umi barcode in entry 3696 of the bam file
2026-03-08 14:06:37,859 - WARNING - Not found cell and umi barcode in entry 3697 of the bam file
2026-03-08 14:06:37,859 - WARNING - Not found cell and umi barcode in entry 3698 of the bam file
2026-03-08 14:06:37,859 - WARNING - Not found cell and umi barcode in entry 3699 of the bam file
2026-03-08 14:06:37,859 - WARNING - Not found cell and umi barcode in entry 3700 of the bam file
2026-03-08 14:06:37,859 - WARNING - Not found cell and umi barcode in entry 3701 of the bam file
2026-03-08 14:06:37,859 - WARNING - Not found cell and umi barcode in entry 3702 of the bam file
2026-03-08 14:06:37,859 - WARNING - Not found cell and umi barcode in entry 3703 of the bam file
2026-03-08 14:06:37,859 - WARNING - Not found cell and umi barcode in entry 3704 of the bam file
2026-03-08 14:06:37,859 - WARNING - Not found cell and umi barcode in entry 3705 of the bam file
2026-03-08 14:06:37,859 - WARNING - Not found cell and umi barcode in entry 3706 of the bam file
2026-03-08 14:06:37,859 - WARNING - Not found cell and umi barcode in entry 3707 of the bam file
2026-03-08 14:06:37,859 - WARNING - Not found cell and umi barcode in entry 3708 of the bam file
2026-03-08 14:06:37,859 - WARNING - Not found cell and umi barcode in entry 3709 of the bam file
2026-03-08 14:06:37,859 - WARNING - Not found cell and umi barcode in entry 3710 of the bam file
2026-03-08 14:06:37,859 - WARNING - Not found cell and umi barcode in entry 3711 of the bam file
2026-03-08 14:06:37,859 - WARNING - Not found cell and umi barcode in entry 3712 of the bam file
2026-03-08 14:06:37,859 - WARNING - Not found cell and umi barcode in entry 3713 of the bam file
2026-03-08 14:06:37,859 - WARNING - Not found cell and umi barcode in entry 3714 of the bam file
2026-03-08 14:06:37,859 - WARNING - Not found cell and umi barcode in entry 3715 of the bam file
2026-03-08 14:06:37,859 - WARNING - Not found cell and umi barcode in entry 3716 of the bam file
2026-03-08 14:06:37,859 - WARNING - Not found cell and umi barcode in entry 3717 of the bam file
2026-03-08 14:06:37,859 - WARNING - Not found cell and umi barcode in entry 3718 of the bam file
2026-03-08 14:06:37,860 - WARNING - Not found cell and umi barcode in entry 3719 of the bam file
2026-03-08 14:06:37,860 - WARNING - Not found cell and umi barcode in entry 3720 of the bam file
2026-03-08 14:06:37,860 - WARNING - Not found cell and umi barcode in entry 3721 of the bam file
2026-03-08 14:06:37,860 - WARNING - Not found cell and umi barcode in entry 3722 of the bam file
2026-03-08 14:06:37,860 - WARNING - Not found cell and umi barcode in entry 3723 of the bam file
2026-03-08 14:06:37,860 - WARNING - Not found cell and umi barcode in entry 3724 of the bam file
2026-03-08 14:06:37,860 - WARNING - Not found cell and umi barcode in entry 3725 of the bam file
2026-03-08 14:06:37,860 - WARNING - Not found cell and umi barcode in entry 3726 of the bam file
2026-03-08 14:06:37,860 - WARNING - Not found cell and umi barcode in entry 3727 of the bam file
2026-03-08 14:06:37,860 - WARNING - Not found cell and umi barcode in entry 3728 of the bam file
2026-03-08 14:06:37,860 - WARNING - Not found cell and umi barcode in entry 3729 of the bam file
2026-03-08 14:06:37,860 - WARNING - Not found cell and umi barcode in entry 3730 of the bam file
2026-03-08 14:06:37,860 - WARNING - Not found cell and umi barcode in entry 3731 of the bam file
2026-03-08 14:06:37,860 - WARNING - Not found cell and umi barcode in entry 3732 of the bam file
2026-03-08 14:06:37,860 - WARNING - Not found cell and umi barcode in entry 3733 of the bam file
2026-03-08 14:06:37,860 - WARNING - Not found cell and umi barcode in entry 3734 of the bam file
2026-03-08 14:06:37,860 - WARNING - Not found cell and umi barcode in entry 3735 of the bam file
2026-03-08 14:06:37,860 - WARNING - Not found cell and umi barcode in entry 3736 of the bam file
2026-03-08 14:06:37,860 - WARNING - Not found cell and umi barcode in entry 3737 of the bam file
2026-03-08 14:06:37,860 - WARNING - Not found cell and umi barcode in entry 3738 of the bam file
2026-03-08 14:06:37,860 - WARNING - Not found cell and umi barcode in entry 3739 of the bam file
2026-03-08 14:06:37,860 - WARNING - Not found cell and umi barcode in entry 3740 of the bam file
2026-03-08 14:06:37,860 - WARNING - Not found cell and umi barcode in entry 3741 of the bam file
2026-03-08 14:06:37,860 - WARNING - Not found cell and umi barcode in entry 3742 of the bam file
2026-03-08 14:06:37,860 - WARNING - Not found cell and umi barcode in entry 3743 of the bam file
2026-03-08 14:06:37,860 - WARNING - Not found cell and umi barcode in entry 3744 of the bam file
2026-03-08 14:06:37,860 - WARNING - Not found cell and umi barcode in entry 3745 of the bam file
2026-03-08 14:06:37,860 - WARNING - Not found cell and umi barcode in entry 3746 of the bam file
2026-03-08 14:06:37,860 - WARNING - Not found cell and umi barcode in entry 3747 of the bam file
2026-03-08 14:06:37,860 - WARNING - Not found cell and umi barcode in entry 3748 of the bam file
2026-03-08 14:06:37,860 - WARNING - Not found cell and umi barcode in entry 3749 of the bam file
2026-03-08 14:06:37,860 - WARNING - Not found cell and umi barcode in entry 3750 of the bam file
2026-03-08 14:06:37,860 - WARNING - Not found cell and umi barcode in entry 3751 of the bam file
2026-03-08 14:06:37,860 - WARNING - Not found cell and umi barcode in entry 3752 of the bam file
2026-03-08 14:06:37,860 - WARNING - Not found cell and umi barcode in entry 3753 of the bam file
2026-03-08 14:06:37,860 - WARNING - Not found cell and umi barcode in entry 3754 of the bam file
2026-03-08 14:06:37,860 - WARNING - Not found cell and umi barcode in entry 3755 of the bam file
2026-03-08 14:06:37,860 - WARNING - Not found cell and umi barcode in entry 3756 of the bam file
2026-03-08 14:06:37,860 - WARNING - Not found cell and umi barcode in entry 3757 of the bam file
2026-03-08 14:06:37,860 - WARNING - Not found cell and umi barcode in entry 3758 of the bam file
2026-03-08 14:06:37,860 - WARNING - Not found cell and umi barcode in entry 3759 of the bam file
2026-03-08 14:06:37,860 - WARNING - Not found cell and umi barcode in entry 3760 of the bam file
2026-03-08 14:06:37,860 - WARNING - Not found cell and umi barcode in entry 3761 of the bam file
2026-03-08 14:06:37,860 - WARNING - Not found cell and umi barcode in entry 3762 of the bam file
2026-03-08 14:06:37,860 - WARNING - Not found cell and umi barcode in entry 3763 of the bam file
2026-03-08 14:06:37,860 - WARNING - Not found cell and umi barcode in entry 3764 of the bam file
2026-03-08 14:06:37,860 - WARNING - Not found cell and umi barcode in entry 3765 of the bam file
2026-03-08 14:06:37,860 - WARNING - Not found cell and umi barcode in entry 3766 of the bam file
2026-03-08 14:06:37,860 - WARNING - Not found cell and umi barcode in entry 3767 of the bam file
2026-03-08 14:06:37,860 - WARNING - Not found cell and umi barcode in entry 3768 of the bam file
2026-03-08 14:06:37,860 - WARNING - Not found cell and umi barcode in entry 3769 of the bam file
2026-03-08 14:06:37,861 - WARNING - Not found cell and umi barcode in entry 3770 of the bam file
2026-03-08 14:06:37,861 - WARNING - Not found cell and umi barcode in entry 3771 of the bam file
2026-03-08 14:06:37,861 - WARNING - Not found cell and umi barcode in entry 3772 of the bam file
2026-03-08 14:06:37,861 - WARNING - Not found cell and umi barcode in entry 3773 of the bam file
2026-03-08 14:06:37,861 - WARNING - Not found cell and umi barcode in entry 3774 of the bam file
2026-03-08 14:06:37,861 - WARNING - Not found cell and umi barcode in entry 3775 of the bam file
2026-03-08 14:06:37,861 - WARNING - Not found cell and umi barcode in entry 3776 of the bam file
2026-03-08 14:06:37,861 - WARNING - Not found cell and umi barcode in entry 3777 of the bam file
2026-03-08 14:06:37,861 - WARNING - Not found cell and umi barcode in entry 3778 of the bam file
2026-03-08 14:06:37,861 - WARNING - Not found cell and umi barcode in entry 3779 of the bam file
2026-03-08 14:06:37,861 - WARNING - Not found cell and umi barcode in entry 3780 of the bam file
2026-03-08 14:06:37,861 - WARNING - Not found cell and umi barcode in entry 3781 of the bam file
2026-03-08 14:06:37,861 - WARNING - Not found cell and umi barcode in entry 3782 of the bam file
2026-03-08 14:06:37,861 - WARNING - Not found cell and umi barcode in entry 3783 of the bam file
2026-03-08 14:06:37,861 - WARNING - Not found cell and umi barcode in entry 3784 of the bam file
2026-03-08 14:06:37,861 - WARNING - Not found cell and umi barcode in entry 3785 of the bam file
2026-03-08 14:06:37,861 - WARNING - Not found cell and umi barcode in entry 3786 of the bam file
2026-03-08 14:06:37,861 - WARNING - Not found cell and umi barcode in entry 3787 of the bam file
2026-03-08 14:06:37,861 - WARNING - Not found cell and umi barcode in entry 3788 of the bam file
2026-03-08 14:06:37,861 - WARNING - Not found cell and umi barcode in entry 3789 of the bam file
2026-03-08 14:06:37,861 - WARNING - Not found cell and umi barcode in entry 3790 of the bam file
2026-03-08 14:06:37,861 - WARNING - Not found cell and umi barcode in entry 3791 of the bam file
2026-03-08 14:06:37,861 - WARNING - Not found cell and umi barcode in entry 3792 of the bam file
2026-03-08 14:06:37,861 - WARNING - Not found cell and umi barcode in entry 3793 of the bam file
2026-03-08 14:06:37,861 - WARNING - Not found cell and umi barcode in entry 3794 of the bam file
2026-03-08 14:06:37,861 - WARNING - Not found cell and umi barcode in entry 3795 of the bam file
2026-03-08 14:06:37,861 - WARNING - Not found cell and umi barcode in entry 3796 of the bam file
2026-03-08 14:06:37,861 - WARNING - Not found cell and umi barcode in entry 3797 of the bam file
2026-03-08 14:06:37,861 - WARNING - Not found cell and umi barcode in entry 3798 of the bam file
2026-03-08 14:06:37,861 - WARNING - Not found cell and umi barcode in entry 3799 of the bam file
2026-03-08 14:06:37,861 - WARNING - Not found cell and umi barcode in entry 3800 of the bam file
2026-03-08 14:06:37,861 - WARNING - Not found cell and umi barcode in entry 3801 of the bam file
2026-03-08 14:06:37,861 - WARNING - Not found cell and umi barcode in entry 3802 of the bam file
2026-03-08 14:06:37,861 - WARNING - Not found cell and umi barcode in entry 3803 of the bam file
2026-03-08 14:06:37,861 - WARNING - Not found cell and umi barcode in entry 3804 of the bam file
2026-03-08 14:06:37,861 - WARNING - Not found cell and umi barcode in entry 3805 of the bam file
2026-03-08 14:06:37,861 - WARNING - Not found cell and umi barcode in entry 3806 of the bam file
2026-03-08 14:06:37,861 - WARNING - Not found cell and umi barcode in entry 3807 of the bam file
2026-03-08 14:06:37,861 - WARNING - Not found cell and umi barcode in entry 3808 of the bam file
2026-03-08 14:06:37,861 - WARNING - Not found cell and umi barcode in entry 3809 of the bam file
2026-03-08 14:06:37,861 - WARNING - Not found cell and umi barcode in entry 3810 of the bam file
2026-03-08 14:06:37,861 - WARNING - Not found cell and umi barcode in entry 3811 of the bam file
2026-03-08 14:06:37,861 - WARNING - Not found cell and umi barcode in entry 3812 of the bam file
2026-03-08 14:06:37,861 - WARNING - Not found cell and umi barcode in entry 3813 of the bam file
2026-03-08 14:06:37,861 - WARNING - Not found cell and umi barcode in entry 3814 of the bam file
2026-03-08 14:06:37,861 - WARNING - Not found cell and umi barcode in entry 3815 of the bam file
2026-03-08 14:06:37,861 - WARNING - Not found cell and umi barcode in entry 3816 of the bam file
2026-03-08 14:06:37,861 - WARNING - Not found cell and umi barcode in entry 3817 of the bam file
2026-03-08 14:06:37,861 - WARNING - Not found cell and umi barcode in entry 3818 of the bam file
2026-03-08 14:06:37,861 - WARNING - Not found cell and umi barcode in entry 3819 of the bam file
2026-03-08 14:06:37,862 - WARNING - Not found cell and umi barcode in entry 3820 of the bam file
2026-03-08 14:06:37,862 - WARNING - Not found cell and umi barcode in entry 3821 of the bam file
2026-03-08 14:06:37,862 - WARNING - Not found cell and umi barcode in entry 3822 of the bam file
2026-03-08 14:06:37,862 - WARNING - Not found cell and umi barcode in entry 3823 of the bam file
2026-03-08 14:06:37,862 - WARNING - Not found cell and umi barcode in entry 3824 of the bam file
2026-03-08 14:06:37,862 - WARNING - Not found cell and umi barcode in entry 3825 of the bam file
2026-03-08 14:06:37,862 - WARNING - Not found cell and umi barcode in entry 3826 of the bam file
2026-03-08 14:06:37,862 - WARNING - Not found cell and umi barcode in entry 3827 of the bam file
2026-03-08 14:06:37,862 - WARNING - Not found cell and umi barcode in entry 3828 of the bam file
2026-03-08 14:06:37,862 - WARNING - Not found cell and umi barcode in entry 3829 of the bam file
2026-03-08 14:06:37,862 - WARNING - Not found cell and umi barcode in entry 3830 of the bam file
2026-03-08 14:06:37,862 - WARNING - Not found cell and umi barcode in entry 3831 of the bam file
2026-03-08 14:06:37,862 - WARNING - Not found cell and umi barcode in entry 3832 of the bam file
2026-03-08 14:06:37,862 - WARNING - Not found cell and umi barcode in entry 3833 of the bam file
2026-03-08 14:06:37,862 - WARNING - Not found cell and umi barcode in entry 3834 of the bam file
2026-03-08 14:06:37,862 - WARNING - Not found cell and umi barcode in entry 3835 of the bam file
2026-03-08 14:06:37,862 - WARNING - Not found cell and umi barcode in entry 3836 of the bam file
2026-03-08 14:06:37,862 - WARNING - Not found cell and umi barcode in entry 3837 of the bam file
2026-03-08 14:06:37,862 - WARNING - Not found cell and umi barcode in entry 3838 of the bam file
2026-03-08 14:06:37,862 - WARNING - Not found cell and umi barcode in entry 3839 of the bam file
2026-03-08 14:06:37,862 - WARNING - Not found cell and umi barcode in entry 3840 of the bam file
2026-03-08 14:06:37,862 - WARNING - Not found cell and umi barcode in entry 3841 of the bam file
2026-03-08 14:06:37,862 - WARNING - Not found cell and umi barcode in entry 3842 of the bam file
2026-03-08 14:06:37,862 - WARNING - Not found cell and umi barcode in entry 3843 of the bam file
2026-03-08 14:06:37,862 - WARNING - Not found cell and umi barcode in entry 3844 of the bam file
2026-03-08 14:06:37,862 - WARNING - Not found cell and umi barcode in entry 3845 of the bam file
2026-03-08 14:06:37,862 - WARNING - Not found cell and umi barcode in entry 3846 of the bam file
2026-03-08 14:06:37,862 - WARNING - Not found cell and umi barcode in entry 3847 of the bam file
2026-03-08 14:06:37,862 - WARNING - Not found cell and umi barcode in entry 3848 of the bam file
2026-03-08 14:06:37,862 - WARNING - Not found cell and umi barcode in entry 3849 of the bam file
2026-03-08 14:06:37,862 - WARNING - Not found cell and umi barcode in entry 3850 of the bam file
2026-03-08 14:06:37,862 - WARNING - Not found cell and umi barcode in entry 3851 of the bam file
2026-03-08 14:06:37,862 - WARNING - Not found cell and umi barcode in entry 3852 of the bam file
2026-03-08 14:06:37,862 - WARNING - Not found cell and umi barcode in entry 3853 of the bam file
2026-03-08 14:06:37,862 - WARNING - Not found cell and umi barcode in entry 3854 of the bam file
2026-03-08 14:06:37,862 - WARNING - Not found cell and umi barcode in entry 3855 of the bam file
2026-03-08 14:06:37,862 - WARNING - Not found cell and umi barcode in entry 3856 of the bam file
2026-03-08 14:06:37,862 - WARNING - Not found cell and umi barcode in entry 3857 of the bam file
2026-03-08 14:06:37,862 - WARNING - Not found cell and umi barcode in entry 3858 of the bam file
2026-03-08 14:06:37,862 - WARNING - Not found cell and umi barcode in entry 3859 of the bam file
2026-03-08 14:06:37,862 - WARNING - Not found cell and umi barcode in entry 3860 of the bam file
2026-03-08 14:06:37,862 - WARNING - Not found cell and umi barcode in entry 3861 of the bam file
2026-03-08 14:06:37,862 - WARNING - Not found cell and umi barcode in entry 3862 of the bam file
2026-03-08 14:06:37,862 - WARNING - Not found cell and umi barcode in entry 3863 of the bam file
2026-03-08 14:06:37,862 - WARNING - Not found cell and umi barcode in entry 3864 of the bam file
2026-03-08 14:06:37,862 - WARNING - Not found cell and umi barcode in entry 3865 of the bam file
2026-03-08 14:06:37,862 - WARNING - Not found cell and umi barcode in entry 3866 of the bam file
2026-03-08 14:06:37,863 - WARNING - Not found cell and umi barcode in entry 3867 of the bam file
2026-03-08 14:06:37,863 - WARNING - Not found cell and umi barcode in entry 3868 of the bam file
2026-03-08 14:06:37,863 - WARNING - Not found cell and umi barcode in entry 3869 of the bam file
2026-03-08 14:06:37,863 - WARNING - Not found cell and umi barcode in entry 3870 of the bam file
2026-03-08 14:06:37,863 - WARNING - Not found cell and umi barcode in entry 3871 of the bam file
2026-03-08 14:06:37,863 - WARNING - Not found cell and umi barcode in entry 3872 of the bam file
2026-03-08 14:06:37,863 - WARNING - Not found cell and umi barcode in entry 3873 of the bam file
2026-03-08 14:06:37,863 - WARNING - Not found cell and umi barcode in entry 3874 of the bam file
2026-03-08 14:06:37,863 - WARNING - Not found cell and umi barcode in entry 3875 of the bam file
2026-03-08 14:06:37,863 - WARNING - Not found cell and umi barcode in entry 3876 of the bam file
2026-03-08 14:06:37,863 - WARNING - Not found cell and umi barcode in entry 3877 of the bam file
2026-03-08 14:06:37,863 - WARNING - Not found cell and umi barcode in entry 3878 of the bam file
2026-03-08 14:06:37,863 - WARNING - Not found cell and umi barcode in entry 3879 of the bam file
2026-03-08 14:06:37,863 - WARNING - Not found cell and umi barcode in entry 3880 of the bam file
2026-03-08 14:06:37,863 - WARNING - Not found cell and umi barcode in entry 3881 of the bam file
2026-03-08 14:06:37,863 - WARNING - Not found cell and umi barcode in entry 3882 of the bam file
2026-03-08 14:06:37,863 - WARNING - Not found cell and umi barcode in entry 3883 of the bam file
2026-03-08 14:06:37,863 - WARNING - Not found cell and umi barcode in entry 3884 of the bam file
2026-03-08 14:06:37,863 - WARNING - Not found cell and umi barcode in entry 3885 of the bam file
2026-03-08 14:06:37,863 - WARNING - Not found cell and umi barcode in entry 3886 of the bam file
2026-03-08 14:06:37,863 - WARNING - Not found cell and umi barcode in entry 3887 of the bam file
2026-03-08 14:06:37,863 - WARNING - Not found cell and umi barcode in entry 3888 of the bam file
2026-03-08 14:06:37,863 - WARNING - Not found cell and umi barcode in entry 3889 of the bam file
2026-03-08 14:06:37,863 - WARNING - Not found cell and umi barcode in entry 3890 of the bam file
2026-03-08 14:06:37,863 - WARNING - Not found cell and umi barcode in entry 3891 of the bam file
2026-03-08 14:06:37,863 - WARNING - Not found cell and umi barcode in entry 3892 of the bam file
2026-03-08 14:06:37,863 - WARNING - Not found cell and umi barcode in entry 3893 of the bam file
2026-03-08 14:06:37,863 - WARNING - Not found cell and umi barcode in entry 3894 of the bam file
2026-03-08 14:06:37,863 - WARNING - Not found cell and umi barcode in entry 3895 of the bam file
2026-03-08 14:06:37,863 - WARNING - Not found cell and umi barcode in entry 3896 of the bam file
2026-03-08 14:06:37,863 - WARNING - Not found cell and umi barcode in entry 3897 of the bam file
2026-03-08 14:06:37,863 - WARNING - Not found cell and umi barcode in entry 3898 of the bam file
2026-03-08 14:06:37,863 - WARNING - Not found cell and umi barcode in entry 3899 of the bam file
2026-03-08 14:06:37,863 - WARNING - Not found cell and umi barcode in entry 3900 of the bam file
2026-03-08 14:06:37,863 - WARNING - Not found cell and umi barcode in entry 3901 of the bam file
2026-03-08 14:06:37,863 - WARNING - Not found cell and umi barcode in entry 3902 of the bam file
2026-03-08 14:06:37,863 - WARNING - Not found cell and umi barcode in entry 3903 of the bam file
2026-03-08 14:06:37,863 - WARNING - Not found cell and umi barcode in entry 3904 of the bam file
2026-03-08 14:06:37,863 - WARNING - Not found cell and umi barcode in entry 3905 of the bam file
2026-03-08 14:06:37,863 - WARNING - Not found cell and umi barcode in entry 3906 of the bam file
2026-03-08 14:06:37,863 - WARNING - Not found cell and umi barcode in entry 3907 of the bam file
2026-03-08 14:06:37,863 - WARNING - Not found cell and umi barcode in entry 3908 of the bam file
2026-03-08 14:06:37,863 - WARNING - Not found cell and umi barcode in entry 3909 of the bam file
2026-03-08 14:06:37,863 - WARNING - Not found cell and umi barcode in entry 3910 of the bam file
2026-03-08 14:06:37,863 - WARNING - Not found cell and umi barcode in entry 3911 of the bam file
2026-03-08 14:06:37,863 - WARNING - Not found cell and umi barcode in entry 3912 of the bam file
2026-03-08 14:06:37,863 - WARNING - Not found cell and umi barcode in entry 3913 of the bam file
2026-03-08 14:06:37,863 - WARNING - Not found cell and umi barcode in entry 3914 of the bam file
2026-03-08 14:06:37,863 - WARNING - Not found cell and umi barcode in entry 3915 of the bam file
2026-03-08 14:06:37,863 - WARNING - Not found cell and umi barcode in entry 3916 of the bam file
2026-03-08 14:06:37,864 - WARNING - Not found cell and umi barcode in entry 3917 of the bam file
2026-03-08 14:06:37,864 - WARNING - Not found cell and umi barcode in entry 3918 of the bam file
2026-03-08 14:06:37,864 - WARNING - Not found cell and umi barcode in entry 3919 of the bam file
2026-03-08 14:06:37,864 - WARNING - Not found cell and umi barcode in entry 3920 of the bam file
2026-03-08 14:06:37,864 - WARNING - Not found cell and umi barcode in entry 3921 of the bam file
2026-03-08 14:06:37,864 - WARNING - Not found cell and umi barcode in entry 3922 of the bam file
2026-03-08 14:06:37,864 - WARNING - Not found cell and umi barcode in entry 3923 of the bam file
2026-03-08 14:06:37,864 - WARNING - Not found cell and umi barcode in entry 3924 of the bam file
2026-03-08 14:06:37,864 - WARNING - Not found cell and umi barcode in entry 3925 of the bam file
2026-03-08 14:06:37,864 - WARNING - Not found cell and umi barcode in entry 3926 of the bam file
2026-03-08 14:06:37,864 - WARNING - Not found cell and umi barcode in entry 3927 of the bam file
2026-03-08 14:06:37,864 - WARNING - Not found cell and umi barcode in entry 3928 of the bam file
2026-03-08 14:06:37,864 - WARNING - Not found cell and umi barcode in entry 3929 of the bam file
2026-03-08 14:06:37,864 - WARNING - Not found cell and umi barcode in entry 3930 of the bam file
2026-03-08 14:06:37,864 - WARNING - Not found cell and umi barcode in entry 3931 of the bam file
2026-03-08 14:06:37,864 - WARNING - Not found cell and umi barcode in entry 3932 of the bam file
2026-03-08 14:06:37,864 - WARNING - Not found cell and umi barcode in entry 3933 of the bam file
2026-03-08 14:06:37,864 - WARNING - Not found cell and umi barcode in entry 3934 of the bam file
2026-03-08 14:06:37,864 - WARNING - Not found cell and umi barcode in entry 3935 of the bam file
2026-03-08 14:06:37,864 - WARNING - Not found cell and umi barcode in entry 3936 of the bam file
2026-03-08 14:06:37,864 - WARNING - Not found cell and umi barcode in entry 3937 of the bam file
2026-03-08 14:06:37,864 - WARNING - Not found cell and umi barcode in entry 3938 of the bam file
2026-03-08 14:06:37,864 - WARNING - Not found cell and umi barcode in entry 3939 of the bam file
2026-03-08 14:06:37,864 - WARNING - Not found cell and umi barcode in entry 3940 of the bam file
2026-03-08 14:06:37,864 - WARNING - Not found cell and umi barcode in entry 3941 of the bam file
2026-03-08 14:06:37,864 - WARNING - Not found cell and umi barcode in entry 3942 of the bam file
2026-03-08 14:06:37,864 - WARNING - Not found cell and umi barcode in entry 3943 of the bam file
2026-03-08 14:06:37,864 - WARNING - Not found cell and umi barcode in entry 3944 of the bam file
2026-03-08 14:06:37,864 - WARNING - Not found cell and umi barcode in entry 3945 of the bam file
2026-03-08 14:06:37,864 - WARNING - Not found cell and umi barcode in entry 3946 of the bam file
2026-03-08 14:06:37,864 - WARNING - Not found cell and umi barcode in entry 3947 of the bam file
2026-03-08 14:06:37,864 - WARNING - Not found cell and umi barcode in entry 3948 of the bam file
2026-03-08 14:06:37,864 - WARNING - Not found cell and umi barcode in entry 3949 of the bam file
2026-03-08 14:06:37,864 - WARNING - Not found cell and umi barcode in entry 3950 of the bam file
2026-03-08 14:06:37,864 - WARNING - Not found cell and umi barcode in entry 3951 of the bam file
2026-03-08 14:06:37,864 - WARNING - Not found cell and umi barcode in entry 3952 of the bam file
2026-03-08 14:06:37,864 - WARNING - Not found cell and umi barcode in entry 3953 of the bam file
2026-03-08 14:06:37,864 - WARNING - Not found cell and umi barcode in entry 3954 of the bam file
2026-03-08 14:06:37,864 - WARNING - Not found cell and umi barcode in entry 3955 of the bam file
2026-03-08 14:06:37,864 - WARNING - Not found cell and umi barcode in entry 3956 of the bam file
2026-03-08 14:06:37,864 - WARNING - Not found cell and umi barcode in entry 3957 of the bam file
2026-03-08 14:06:37,864 - WARNING - Not found cell and umi barcode in entry 3958 of the bam file
2026-03-08 14:06:37,864 - WARNING - Not found cell and umi barcode in entry 3959 of the bam file
2026-03-08 14:06:37,864 - WARNING - Not found cell and umi barcode in entry 3960 of the bam file
2026-03-08 14:06:37,864 - WARNING - Not found cell and umi barcode in entry 3961 of the bam file
2026-03-08 14:06:37,864 - WARNING - Not found cell and umi barcode in entry 3962 of the bam file
2026-03-08 14:06:37,864 - WARNING - Not found cell and umi barcode in entry 3963 of the bam file
2026-03-08 14:06:37,864 - WARNING - Not found cell and umi barcode in entry 3964 of the bam file
2026-03-08 14:06:37,864 - WARNING - Not found cell and umi barcode in entry 3965 of the bam file
2026-03-08 14:06:37,864 - WARNING - Not found cell and umi barcode in entry 3966 of the bam file
2026-03-08 14:06:37,864 - WARNING - Not found cell and umi barcode in entry 3967 of the bam file
2026-03-08 14:06:37,865 - WARNING - Not found cell and umi barcode in entry 3968 of the bam file
2026-03-08 14:06:37,865 - WARNING - Not found cell and umi barcode in entry 3969 of the bam file
2026-03-08 14:06:37,865 - WARNING - Not found cell and umi barcode in entry 3970 of the bam file
2026-03-08 14:06:37,865 - WARNING - Not found cell and umi barcode in entry 3971 of the bam file
2026-03-08 14:06:37,865 - WARNING - Not found cell and umi barcode in entry 3972 of the bam file
2026-03-08 14:06:37,865 - WARNING - Not found cell and umi barcode in entry 3973 of the bam file
2026-03-08 14:06:37,865 - WARNING - Not found cell and umi barcode in entry 3974 of the bam file
2026-03-08 14:06:37,865 - WARNING - Not found cell and umi barcode in entry 3975 of the bam file
2026-03-08 14:06:37,865 - WARNING - Not found cell and umi barcode in entry 3976 of the bam file
2026-03-08 14:06:37,865 - WARNING - Not found cell and umi barcode in entry 3977 of the bam file
2026-03-08 14:06:37,865 - WARNING - Not found cell and umi barcode in entry 3978 of the bam file
2026-03-08 14:06:37,865 - WARNING - Not found cell and umi barcode in entry 3979 of the bam file
2026-03-08 14:06:37,865 - WARNING - Not found cell and umi barcode in entry 3980 of the bam file
2026-03-08 14:06:37,865 - WARNING - Not found cell and umi barcode in entry 3981 of the bam file
2026-03-08 14:06:37,865 - WARNING - Not found cell and umi barcode in entry 3982 of the bam file
2026-03-08 14:06:37,865 - WARNING - Not found cell and umi barcode in entry 3983 of the bam file
2026-03-08 14:06:37,865 - WARNING - Not found cell and umi barcode in entry 3984 of the bam file
2026-03-08 14:06:37,865 - WARNING - Not found cell and umi barcode in entry 3985 of the bam file
2026-03-08 14:06:37,865 - WARNING - Not found cell and umi barcode in entry 3986 of the bam file
2026-03-08 14:06:37,865 - WARNING - Not found cell and umi barcode in entry 3987 of the bam file
2026-03-08 14:06:37,865 - WARNING - Not found cell and umi barcode in entry 3988 of the bam file
2026-03-08 14:06:37,865 - WARNING - Not found cell and umi barcode in entry 3989 of the bam file
2026-03-08 14:06:37,865 - WARNING - Not found cell and umi barcode in entry 3990 of the bam file
2026-03-08 14:06:37,865 - WARNING - Not found cell and umi barcode in entry 3991 of the bam file
2026-03-08 14:06:37,865 - WARNING - Not found cell and umi barcode in entry 3992 of the bam file
2026-03-08 14:06:37,865 - WARNING - Not found cell and umi barcode in entry 3993 of the bam file
2026-03-08 14:06:37,865 - WARNING - Not found cell and umi barcode in entry 3994 of the bam file
2026-03-08 14:06:37,865 - WARNING - Not found cell and umi barcode in entry 3995 of the bam file
2026-03-08 14:06:37,865 - WARNING - Not found cell and umi barcode in entry 3996 of the bam file
2026-03-08 14:06:37,865 - WARNING - Not found cell and umi barcode in entry 3997 of the bam file
2026-03-08 14:06:37,865 - WARNING - Not found cell and umi barcode in entry 3998 of the bam file
2026-03-08 14:06:37,865 - WARNING - Not found cell and umi barcode in entry 3999 of the bam file
2026-03-08 14:06:37,865 - WARNING - Not found cell and umi barcode in entry 4000 of the bam file
2026-03-08 14:06:37,865 - WARNING - Not found cell and umi barcode in entry 4001 of the bam file
2026-03-08 14:06:37,865 - WARNING - Not found cell and umi barcode in entry 4002 of the bam file
2026-03-08 14:06:37,865 - WARNING - Not found cell and umi barcode in entry 4003 of the bam file
2026-03-08 14:06:37,865 - WARNING - Not found cell and umi barcode in entry 4004 of the bam file
2026-03-08 14:06:37,865 - WARNING - Not found cell and umi barcode in entry 4005 of the bam file
2026-03-08 14:06:37,865 - WARNING - Not found cell and umi barcode in entry 4006 of the bam file
2026-03-08 14:06:37,865 - WARNING - Not found cell and umi barcode in entry 4007 of the bam file
2026-03-08 14:06:37,865 - WARNING - Not found cell and umi barcode in entry 4008 of the bam file
2026-03-08 14:06:37,865 - WARNING - Not found cell and umi barcode in entry 4009 of the bam file
2026-03-08 14:06:37,865 - WARNING - Not found cell and umi barcode in entry 4010 of the bam file
2026-03-08 14:06:37,865 - WARNING - Not found cell and umi barcode in entry 4011 of the bam file
2026-03-08 14:06:37,865 - WARNING - Not found cell and umi barcode in entry 4012 of the bam file
2026-03-08 14:06:37,865 - WARNING - Not found cell and umi barcode in entry 4013 of the bam file
2026-03-08 14:06:37,865 - WARNING - Not found cell and umi barcode in entry 4014 of the bam file
2026-03-08 14:06:37,865 - WARNING - Not found cell and umi barcode in entry 4015 of the bam file
2026-03-08 14:06:37,865 - WARNING - Not found cell and umi barcode in entry 4016 of the bam file
2026-03-08 14:06:37,865 - WARNING - Not found cell and umi barcode in entry 4017 of the bam file
2026-03-08 14:06:37,866 - WARNING - Not found cell and umi barcode in entry 4018 of the bam file
2026-03-08 14:06:37,866 - WARNING - Not found cell and umi barcode in entry 4019 of the bam file
2026-03-08 14:06:37,866 - WARNING - Not found cell and umi barcode in entry 4020 of the bam file
2026-03-08 14:06:37,866 - WARNING - Not found cell and umi barcode in entry 4021 of the bam file
2026-03-08 14:06:37,866 - WARNING - Not found cell and umi barcode in entry 4022 of the bam file
2026-03-08 14:06:37,866 - WARNING - Not found cell and umi barcode in entry 4023 of the bam file
2026-03-08 14:06:37,866 - WARNING - Not found cell and umi barcode in entry 4024 of the bam file
2026-03-08 14:06:37,866 - WARNING - Not found cell and umi barcode in entry 4025 of the bam file
2026-03-08 14:06:37,866 - WARNING - Not found cell and umi barcode in entry 4026 of the bam file
2026-03-08 14:06:37,866 - WARNING - Not found cell and umi barcode in entry 4027 of the bam file
2026-03-08 14:06:37,866 - WARNING - Not found cell and umi barcode in entry 4028 of the bam file
2026-03-08 14:06:37,866 - WARNING - Not found cell and umi barcode in entry 4029 of the bam file
2026-03-08 14:06:37,866 - WARNING - Not found cell and umi barcode in entry 4030 of the bam file
2026-03-08 14:06:37,866 - WARNING - Not found cell and umi barcode in entry 4031 of the bam file
2026-03-08 14:06:37,866 - WARNING - Not found cell and umi barcode in entry 4032 of the bam file
2026-03-08 14:06:37,866 - WARNING - Not found cell and umi barcode in entry 4033 of the bam file
2026-03-08 14:06:37,866 - WARNING - Not found cell and umi barcode in entry 4034 of the bam file
2026-03-08 14:06:37,866 - WARNING - Not found cell and umi barcode in entry 4035 of the bam file
2026-03-08 14:06:37,866 - WARNING - Not found cell and umi barcode in entry 4036 of the bam file
2026-03-08 14:06:37,866 - WARNING - Not found cell and umi barcode in entry 4037 of the bam file
2026-03-08 14:06:37,866 - WARNING - Not found cell and umi barcode in entry 4038 of the bam file
2026-03-08 14:06:37,866 - WARNING - Not found cell and umi barcode in entry 4039 of the bam file
2026-03-08 14:06:37,866 - WARNING - Not found cell and umi barcode in entry 4040 of the bam file
2026-03-08 14:06:37,866 - WARNING - Not found cell and umi barcode in entry 4041 of the bam file
2026-03-08 14:06:37,866 - WARNING - Not found cell and umi barcode in entry 4042 of the bam file
2026-03-08 14:06:37,866 - WARNING - Not found cell and umi barcode in entry 4043 of the bam file
2026-03-08 14:06:37,866 - WARNING - Not found cell and umi barcode in entry 4044 of the bam file
2026-03-08 14:06:37,866 - WARNING - Not found cell and umi barcode in entry 4045 of the bam file
2026-03-08 14:06:37,866 - WARNING - Not found cell and umi barcode in entry 4046 of the bam file
2026-03-08 14:06:37,866 - WARNING - Not found cell and umi barcode in entry 4047 of the bam file
2026-03-08 14:06:37,866 - WARNING - Not found cell and umi barcode in entry 4048 of the bam file
2026-03-08 14:06:37,866 - WARNING - Not found cell and umi barcode in entry 4049 of the bam file
2026-03-08 14:06:37,866 - WARNING - Not found cell and umi barcode in entry 4050 of the bam file
2026-03-08 14:06:37,866 - WARNING - Not found cell and umi barcode in entry 4051 of the bam file
2026-03-08 14:06:37,866 - WARNING - Not found cell and umi barcode in entry 4052 of the bam file
2026-03-08 14:06:37,866 - WARNING - Not found cell and umi barcode in entry 4053 of the bam file
2026-03-08 14:06:37,866 - WARNING - Not found cell and umi barcode in entry 4054 of the bam file
2026-03-08 14:06:37,866 - WARNING - Not found cell and umi barcode in entry 4055 of the bam file
2026-03-08 14:06:37,866 - WARNING - Not found cell and umi barcode in entry 4056 of the bam file
2026-03-08 14:06:37,866 - WARNING - Not found cell and umi barcode in entry 4057 of the bam file
2026-03-08 14:06:37,866 - WARNING - Not found cell and umi barcode in entry 4058 of the bam file
2026-03-08 14:06:37,866 - WARNING - Not found cell and umi barcode in entry 4059 of the bam file
2026-03-08 14:06:37,866 - WARNING - Not found cell and umi barcode in entry 4060 of the bam file
2026-03-08 14:06:37,866 - WARNING - Not found cell and umi barcode in entry 4061 of the bam file
2026-03-08 14:06:37,866 - WARNING - Not found cell and umi barcode in entry 4062 of the bam file
2026-03-08 14:06:37,866 - WARNING - Not found cell and umi barcode in entry 4063 of the bam file
2026-03-08 14:06:37,867 - WARNING - Not found cell and umi barcode in entry 4064 of the bam file
2026-03-08 14:06:37,867 - WARNING - Not found cell and umi barcode in entry 4065 of the bam file
2026-03-08 14:06:37,867 - WARNING - Not found cell and umi barcode in entry 4066 of the bam file
2026-03-08 14:06:37,867 - WARNING - Not found cell and umi barcode in entry 4067 of the bam file
2026-03-08 14:06:37,867 - WARNING - Not found cell and umi barcode in entry 4068 of the bam file
2026-03-08 14:06:37,867 - WARNING - Not found cell and umi barcode in entry 4069 of the bam file
2026-03-08 14:06:37,867 - WARNING - Not found cell and umi barcode in entry 4070 of the bam file
2026-03-08 14:06:37,867 - WARNING - Not found cell and umi barcode in entry 4071 of the bam file
2026-03-08 14:06:37,867 - WARNING - Not found cell and umi barcode in entry 4072 of the bam file
2026-03-08 14:06:37,867 - WARNING - Not found cell and umi barcode in entry 4073 of the bam file
2026-03-08 14:06:37,867 - WARNING - Not found cell and umi barcode in entry 4074 of the bam file
2026-03-08 14:06:37,867 - WARNING - Not found cell and umi barcode in entry 4075 of the bam file
2026-03-08 14:06:37,867 - WARNING - Not found cell and umi barcode in entry 4076 of the bam file
2026-03-08 14:06:37,867 - WARNING - Not found cell and umi barcode in entry 4077 of the bam file
2026-03-08 14:06:37,867 - WARNING - Not found cell and umi barcode in entry 4078 of the bam file
2026-03-08 14:06:37,867 - WARNING - Not found cell and umi barcode in entry 4079 of the bam file
2026-03-08 14:06:37,867 - WARNING - Not found cell and umi barcode in entry 4080 of the bam file
2026-03-08 14:06:37,867 - WARNING - Not found cell and umi barcode in entry 4081 of the bam file
2026-03-08 14:06:37,867 - WARNING - Not found cell and umi barcode in entry 4082 of the bam file
2026-03-08 14:06:37,867 - WARNING - Not found cell and umi barcode in entry 4083 of the bam file
2026-03-08 14:06:37,867 - WARNING - Not found cell and umi barcode in entry 4084 of the bam file
2026-03-08 14:06:37,867 - WARNING - Not found cell and umi barcode in entry 4085 of the bam file
2026-03-08 14:06:37,867 - WARNING - Not found cell and umi barcode in entry 4086 of the bam file
2026-03-08 14:06:37,867 - WARNING - Not found cell and umi barcode in entry 4087 of the bam file
2026-03-08 14:06:37,867 - WARNING - Not found cell and umi barcode in entry 4088 of the bam file
2026-03-08 14:06:37,867 - WARNING - Not found cell and umi barcode in entry 4089 of the bam file
2026-03-08 14:06:37,867 - WARNING - Not found cell and umi barcode in entry 4090 of the bam file
2026-03-08 14:06:37,867 - WARNING - Not found cell and umi barcode in entry 4091 of the bam file
2026-03-08 14:06:37,867 - WARNING - Not found cell and umi barcode in entry 4092 of the bam file
2026-03-08 14:06:37,867 - WARNING - Not found cell and umi barcode in entry 4093 of the bam file
2026-03-08 14:06:37,867 - WARNING - Not found cell and umi barcode in entry 4094 of the bam file
2026-03-08 14:06:37,867 - WARNING - Not found cell and umi barcode in entry 4095 of the bam file
2026-03-08 14:06:37,867 - WARNING - Not found cell and umi barcode in entry 4096 of the bam file
2026-03-08 14:06:37,867 - WARNING - Not found cell and umi barcode in entry 4097 of the bam file
2026-03-08 14:06:37,867 - WARNING - Not found cell and umi barcode in entry 4098 of the bam file
2026-03-08 14:06:37,867 - WARNING - Not found cell and umi barcode in entry 4099 of the bam file
2026-03-08 14:06:37,867 - WARNING - Not found cell and umi barcode in entry 4100 of the bam file
2026-03-08 14:06:37,867 - WARNING - Not found cell and umi barcode in entry 4101 of the bam file
2026-03-08 14:06:37,867 - WARNING - Not found cell and umi barcode in entry 4102 of the bam file
2026-03-08 14:06:37,867 - WARNING - Not found cell and umi barcode in entry 4103 of the bam file
2026-03-08 14:06:37,867 - WARNING - Not found cell and umi barcode in entry 4104 of the bam file
2026-03-08 14:06:37,867 - WARNING - Not found cell and umi barcode in entry 4105 of the bam file
2026-03-08 14:06:37,867 - WARNING - Not found cell and umi barcode in entry 4106 of the bam file
2026-03-08 14:06:37,867 - WARNING - Not found cell and umi barcode in entry 4107 of the bam file
2026-03-08 14:06:37,867 - WARNING - Not found cell and umi barcode in entry 4108 of the bam file
2026-03-08 14:06:37,867 - WARNING - Not found cell and umi barcode in entry 4109 of the bam file
2026-03-08 14:06:37,867 - WARNING - Not found cell and umi barcode in entry 4110 of the bam file
2026-03-08 14:06:37,867 - WARNING - Not found cell and umi barcode in entry 4111 of the bam file
2026-03-08 14:06:37,867 - WARNING - Not found cell and umi barcode in entry 4112 of the bam file
2026-03-08 14:06:37,867 - WARNING - Not found cell and umi barcode in entry 4113 of the bam file
2026-03-08 14:06:37,867 - WARNING - Not found cell and umi barcode in entry 4114 of the bam file
2026-03-08 14:06:37,868 - WARNING - Not found cell and umi barcode in entry 4115 of the bam file
2026-03-08 14:06:37,868 - WARNING - Not found cell and umi barcode in entry 4116 of the bam file
2026-03-08 14:06:37,868 - WARNING - Not found cell and umi barcode in entry 4117 of the bam file
2026-03-08 14:06:37,868 - WARNING - Not found cell and umi barcode in entry 4118 of the bam file
2026-03-08 14:06:37,868 - WARNING - Not found cell and umi barcode in entry 4119 of the bam file
2026-03-08 14:06:37,868 - WARNING - Not found cell and umi barcode in entry 4120 of the bam file
2026-03-08 14:06:37,868 - WARNING - Not found cell and umi barcode in entry 4121 of the bam file
2026-03-08 14:06:37,868 - WARNING - Not found cell and umi barcode in entry 4122 of the bam file
2026-03-08 14:06:37,868 - WARNING - Not found cell and umi barcode in entry 4123 of the bam file
2026-03-08 14:06:37,868 - WARNING - Not found cell and umi barcode in entry 4124 of the bam file
2026-03-08 14:06:37,868 - WARNING - Not found cell and umi barcode in entry 4125 of the bam file
2026-03-08 14:06:37,868 - WARNING - Not found cell and umi barcode in entry 4126 of the bam file
2026-03-08 14:06:37,868 - WARNING - Not found cell and umi barcode in entry 4127 of the bam file
2026-03-08 14:06:37,868 - WARNING - Not found cell and umi barcode in entry 4128 of the bam file
2026-03-08 14:06:37,868 - WARNING - Not found cell and umi barcode in entry 4129 of the bam file
2026-03-08 14:06:37,868 - WARNING - Not found cell and umi barcode in entry 4130 of the bam file
2026-03-08 14:06:37,868 - WARNING - Not found cell and umi barcode in entry 4131 of the bam file
2026-03-08 14:06:37,868 - WARNING - Not found cell and umi barcode in entry 4132 of the bam file
2026-03-08 14:06:37,868 - WARNING - Not found cell and umi barcode in entry 4133 of the bam file
2026-03-08 14:06:37,868 - WARNING - Not found cell and umi barcode in entry 4134 of the bam file
2026-03-08 14:06:37,868 - WARNING - Not found cell and umi barcode in entry 4135 of the bam file
2026-03-08 14:06:37,868 - WARNING - Not found cell and umi barcode in entry 4136 of the bam file
2026-03-08 14:06:37,868 - WARNING - Not found cell and umi barcode in entry 4137 of the bam file
2026-03-08 14:06:37,868 - WARNING - Not found cell and umi barcode in entry 4138 of the bam file
2026-03-08 14:06:37,868 - WARNING - Not found cell and umi barcode in entry 4139 of the bam file
2026-03-08 14:06:37,868 - WARNING - Not found cell and umi barcode in entry 4140 of the bam file
2026-03-08 14:06:37,868 - WARNING - Not found cell and umi barcode in entry 4141 of the bam file
2026-03-08 14:06:37,868 - WARNING - Not found cell and umi barcode in entry 4142 of the bam file
2026-03-08 14:06:37,868 - WARNING - Not found cell and umi barcode in entry 4143 of the bam file
2026-03-08 14:06:37,868 - WARNING - Not found cell and umi barcode in entry 4144 of the bam file
2026-03-08 14:06:37,868 - WARNING - Not found cell and umi barcode in entry 4145 of the bam file
2026-03-08 14:06:37,868 - WARNING - Not found cell and umi barcode in entry 4146 of the bam file
2026-03-08 14:06:37,868 - WARNING - Not found cell and umi barcode in entry 4147 of the bam file
2026-03-08 14:06:37,868 - WARNING - Not found cell and umi barcode in entry 4148 of the bam file
2026-03-08 14:06:37,868 - WARNING - Not found cell and umi barcode in entry 4149 of the bam file
2026-03-08 14:06:37,868 - WARNING - Not found cell and umi barcode in entry 4150 of the bam file
2026-03-08 14:06:37,868 - WARNING - Not found cell and umi barcode in entry 4151 of the bam file
2026-03-08 14:06:37,868 - WARNING - Not found cell and umi barcode in entry 4152 of the bam file
2026-03-08 14:06:37,868 - WARNING - Not found cell and umi barcode in entry 4153 of the bam file
2026-03-08 14:06:37,868 - WARNING - Not found cell and umi barcode in entry 4154 of the bam file
2026-03-08 14:06:37,868 - WARNING - Not found cell and umi barcode in entry 4155 of the bam file
2026-03-08 14:06:37,868 - WARNING - Not found cell and umi barcode in entry 4156 of the bam file
2026-03-08 14:06:37,868 - WARNING - Not found cell and umi barcode in entry 4157 of the bam file
2026-03-08 14:06:37,868 - WARNING - Not found cell and umi barcode in entry 4158 of the bam file
2026-03-08 14:06:37,868 - WARNING - Not found cell and umi barcode in entry 4159 of the bam file
2026-03-08 14:06:37,868 - WARNING - Not found cell and umi barcode in entry 4160 of the bam file
2026-03-08 14:06:37,868 - WARNING - Not found cell and umi barcode in entry 4161 of the bam file
2026-03-08 14:06:37,868 - WARNING - Not found cell and umi barcode in entry 4162 of the bam file
2026-03-08 14:06:37,868 - WARNING - Not found cell and umi barcode in entry 4163 of the bam file
2026-03-08 14:06:37,868 - WARNING - Not found cell and umi barcode in entry 4164 of the bam file
2026-03-08 14:06:37,868 - WARNING - Not found cell and umi barcode in entry 4165 of the bam file
2026-03-08 14:06:37,869 - WARNING - Not found cell and umi barcode in entry 4166 of the bam file
2026-03-08 14:06:37,869 - WARNING - Not found cell and umi barcode in entry 4167 of the bam file
2026-03-08 14:06:37,869 - WARNING - Not found cell and umi barcode in entry 4168 of the bam file
2026-03-08 14:06:37,869 - WARNING - Not found cell and umi barcode in entry 4169 of the bam file
2026-03-08 14:06:37,869 - WARNING - Not found cell and umi barcode in entry 4170 of the bam file
2026-03-08 14:06:37,869 - WARNING - Not found cell and umi barcode in entry 4171 of the bam file
2026-03-08 14:06:37,869 - WARNING - Not found cell and umi barcode in entry 4172 of the bam file
2026-03-08 14:06:37,869 - WARNING - Not found cell and umi barcode in entry 4173 of the bam file
2026-03-08 14:06:37,869 - WARNING - Not found cell and umi barcode in entry 4174 of the bam file
2026-03-08 14:06:37,869 - WARNING - Not found cell and umi barcode in entry 4175 of the bam file
2026-03-08 14:06:37,869 - WARNING - Not found cell and umi barcode in entry 4176 of the bam file
2026-03-08 14:06:37,869 - WARNING - Not found cell and umi barcode in entry 4177 of the bam file
2026-03-08 14:06:37,869 - WARNING - Not found cell and umi barcode in entry 4178 of the bam file
2026-03-08 14:06:37,869 - WARNING - Not found cell and umi barcode in entry 4179 of the bam file
2026-03-08 14:06:37,869 - WARNING - Not found cell and umi barcode in entry 4180 of the bam file
2026-03-08 14:06:37,869 - WARNING - Not found cell and umi barcode in entry 4181 of the bam file
2026-03-08 14:06:37,869 - WARNING - Not found cell and umi barcode in entry 4182 of the bam file
2026-03-08 14:06:37,869 - WARNING - Not found cell and umi barcode in entry 4183 of the bam file
2026-03-08 14:06:37,869 - WARNING - Not found cell and umi barcode in entry 4184 of the bam file
2026-03-08 14:06:37,869 - WARNING - Not found cell and umi barcode in entry 4185 of the bam file
2026-03-08 14:06:37,869 - WARNING - Not found cell and umi barcode in entry 4186 of the bam file
2026-03-08 14:06:37,869 - WARNING - Not found cell and umi barcode in entry 4187 of the bam file
2026-03-08 14:06:37,869 - WARNING - Not found cell and umi barcode in entry 4188 of the bam file
2026-03-08 14:06:37,869 - WARNING - Not found cell and umi barcode in entry 4189 of the bam file
2026-03-08 14:06:37,869 - WARNING - Not found cell and umi barcode in entry 4190 of the bam file
2026-03-08 14:06:37,869 - WARNING - Not found cell and umi barcode in entry 4191 of the bam file
2026-03-08 14:06:37,869 - WARNING - Not found cell and umi barcode in entry 4192 of the bam file
2026-03-08 14:06:37,869 - WARNING - Not found cell and umi barcode in entry 4193 of the bam file
2026-03-08 14:06:37,869 - WARNING - Not found cell and umi barcode in entry 4194 of the bam file
2026-03-08 14:06:37,869 - WARNING - Not found cell and umi barcode in entry 4195 of the bam file
2026-03-08 14:06:37,869 - WARNING - Not found cell and umi barcode in entry 4196 of the bam file
2026-03-08 14:06:37,869 - WARNING - Not found cell and umi barcode in entry 4197 of the bam file
2026-03-08 14:06:37,869 - WARNING - Not found cell and umi barcode in entry 4198 of the bam file
2026-03-08 14:06:37,869 - WARNING - Not found cell and umi barcode in entry 4199 of the bam file
2026-03-08 14:06:37,869 - WARNING - Not found cell and umi barcode in entry 4200 of the bam file
2026-03-08 14:06:37,869 - WARNING - Not found cell and umi barcode in entry 4201 of the bam file
2026-03-08 14:06:37,869 - WARNING - Not found cell and umi barcode in entry 4202 of the bam file
2026-03-08 14:06:37,869 - WARNING - Not found cell and umi barcode in entry 4203 of the bam file
2026-03-08 14:06:37,869 - WARNING - Not found cell and umi barcode in entry 4204 of the bam file
2026-03-08 14:06:37,869 - WARNING - Not found cell and umi barcode in entry 4205 of the bam file
2026-03-08 14:06:37,869 - WARNING - Not found cell and umi barcode in entry 4206 of the bam file
2026-03-08 14:06:37,869 - WARNING - Not found cell and umi barcode in entry 4207 of the bam file
2026-03-08 14:06:37,869 - WARNING - Not found cell and umi barcode in entry 4208 of the bam file
2026-03-08 14:06:37,869 - WARNING - Not found cell and umi barcode in entry 4209 of the bam file
2026-03-08 14:06:37,869 - WARNING - Not found cell and umi barcode in entry 4210 of the bam file
2026-03-08 14:06:37,869 - WARNING - Not found cell and umi barcode in entry 4211 of the bam file
2026-03-08 14:06:37,870 - WARNING - Not found cell and umi barcode in entry 4212 of the bam file
2026-03-08 14:06:37,870 - WARNING - Not found cell and umi barcode in entry 4213 of the bam file
2026-03-08 14:06:37,870 - WARNING - Not found cell and umi barcode in entry 4214 of the bam file
2026-03-08 14:06:37,870 - WARNING - Not found cell and umi barcode in entry 4215 of the bam file
2026-03-08 14:06:37,870 - WARNING - Not found cell and umi barcode in entry 4216 of the bam file
2026-03-08 14:06:37,870 - WARNING - Not found cell and umi barcode in entry 4217 of the bam file
2026-03-08 14:06:37,870 - WARNING - Not found cell and umi barcode in entry 4218 of the bam file
2026-03-08 14:06:37,870 - WARNING - Not found cell and umi barcode in entry 4219 of the bam file
2026-03-08 14:06:37,870 - WARNING - Not found cell and umi barcode in entry 4220 of the bam file
2026-03-08 14:06:37,870 - WARNING - Not found cell and umi barcode in entry 4221 of the bam file
2026-03-08 14:06:37,870 - WARNING - Not found cell and umi barcode in entry 4222 of the bam file
2026-03-08 14:06:37,870 - WARNING - Not found cell and umi barcode in entry 4223 of the bam file
2026-03-08 14:06:37,870 - WARNING - Not found cell and umi barcode in entry 4224 of the bam file
2026-03-08 14:06:37,870 - WARNING - Not found cell and umi barcode in entry 4225 of the bam file
2026-03-08 14:06:37,870 - WARNING - Not found cell and umi barcode in entry 4226 of the bam file
2026-03-08 14:06:37,870 - WARNING - Not found cell and umi barcode in entry 4227 of the bam file
2026-03-08 14:06:37,870 - WARNING - Not found cell and umi barcode in entry 4228 of the bam file
2026-03-08 14:06:37,870 - WARNING - Not found cell and umi barcode in entry 4229 of the bam file
2026-03-08 14:06:37,870 - WARNING - Not found cell and umi barcode in entry 4230 of the bam file
2026-03-08 14:06:37,870 - WARNING - Not found cell and umi barcode in entry 4231 of the bam file
2026-03-08 14:06:37,870 - WARNING - Not found cell and umi barcode in entry 4232 of the bam file
2026-03-08 14:06:37,870 - WARNING - Not found cell and umi barcode in entry 4233 of the bam file
2026-03-08 14:06:37,870 - WARNING - Not found cell and umi barcode in entry 4234 of the bam file
2026-03-08 14:06:37,870 - WARNING - Not found cell and umi barcode in entry 4235 of the bam file
2026-03-08 14:06:37,870 - WARNING - Not found cell and umi barcode in entry 4236 of the bam file
2026-03-08 14:06:37,870 - WARNING - Not found cell and umi barcode in entry 4237 of the bam file
2026-03-08 14:06:37,870 - WARNING - Not found cell and umi barcode in entry 4238 of the bam file
2026-03-08 14:06:37,870 - WARNING - Not found cell and umi barcode in entry 4239 of the bam file
2026-03-08 14:06:37,870 - WARNING - Not found cell and umi barcode in entry 4240 of the bam file
2026-03-08 14:06:37,870 - WARNING - Not found cell and umi barcode in entry 4241 of the bam file
2026-03-08 14:06:37,870 - WARNING - Not found cell and umi barcode in entry 4242 of the bam file
2026-03-08 14:06:37,870 - WARNING - Not found cell and umi barcode in entry 4243 of the bam file
2026-03-08 14:06:37,870 - WARNING - Not found cell and umi barcode in entry 4244 of the bam file
2026-03-08 14:06:37,870 - WARNING - Not found cell and umi barcode in entry 4245 of the bam file
2026-03-08 14:06:37,870 - WARNING - Not found cell and umi barcode in entry 4246 of the bam file
2026-03-08 14:06:37,870 - WARNING - Not found cell and umi barcode in entry 4247 of the bam file
2026-03-08 14:06:37,870 - WARNING - Not found cell and umi barcode in entry 4248 of the bam file
2026-03-08 14:06:37,870 - WARNING - Not found cell and umi barcode in entry 4249 of the bam file
2026-03-08 14:06:37,870 - WARNING - Not found cell and umi barcode in entry 4250 of the bam file
2026-03-08 14:06:37,870 - WARNING - Not found cell and umi barcode in entry 4251 of the bam file
2026-03-08 14:06:37,870 - WARNING - Not found cell and umi barcode in entry 4252 of the bam file
2026-03-08 14:06:37,870 - WARNING - Not found cell and umi barcode in entry 4253 of the bam file
2026-03-08 14:06:37,870 - WARNING - Not found cell and umi barcode in entry 4254 of the bam file
2026-03-08 14:06:37,870 - WARNING - Not found cell and umi barcode in entry 4255 of the bam file
2026-03-08 14:06:37,870 - WARNING - Not found cell and umi barcode in entry 4256 of the bam file
2026-03-08 14:06:37,870 - WARNING - Not found cell and umi barcode in entry 4257 of the bam file
2026-03-08 14:06:37,870 - WARNING - Not found cell and umi barcode in entry 4258 of the bam file
2026-03-08 14:06:37,870 - WARNING - Not found cell and umi barcode in entry 4259 of the bam file
2026-03-08 14:06:37,870 - WARNING - Not found cell and umi barcode in entry 4260 of the bam file
2026-03-08 14:06:37,870 - WARNING - Not found cell and umi barcode in entry 4261 of the bam file
2026-03-08 14:06:37,871 - WARNING - Not found cell and umi barcode in entry 4262 of the bam file
2026-03-08 14:06:37,871 - WARNING - Not found cell and umi barcode in entry 4263 of the bam file
2026-03-08 14:06:37,871 - WARNING - Not found cell and umi barcode in entry 4264 of the bam file
2026-03-08 14:06:37,871 - WARNING - Not found cell and umi barcode in entry 4265 of the bam file
2026-03-08 14:06:37,871 - WARNING - Not found cell and umi barcode in entry 4266 of the bam file
2026-03-08 14:06:37,871 - WARNING - Not found cell and umi barcode in entry 4267 of the bam file
2026-03-08 14:06:37,871 - WARNING - Not found cell and umi barcode in entry 4268 of the bam file
2026-03-08 14:06:37,871 - WARNING - Not found cell and umi barcode in entry 4269 of the bam file
2026-03-08 14:06:37,871 - WARNING - Not found cell and umi barcode in entry 4270 of the bam file
2026-03-08 14:06:37,871 - WARNING - Not found cell and umi barcode in entry 4271 of the bam file
2026-03-08 14:06:37,871 - WARNING - Not found cell and umi barcode in entry 4272 of the bam file
2026-03-08 14:06:37,871 - WARNING - Not found cell and umi barcode in entry 4273 of the bam file
2026-03-08 14:06:37,871 - WARNING - Not found cell and umi barcode in entry 4274 of the bam file
2026-03-08 14:06:37,871 - WARNING - Not found cell and umi barcode in entry 4275 of the bam file
2026-03-08 14:06:37,871 - WARNING - Not found cell and umi barcode in entry 4276 of the bam file
2026-03-08 14:06:37,871 - WARNING - Not found cell and umi barcode in entry 4277 of the bam file
2026-03-08 14:06:37,871 - WARNING - Not found cell and umi barcode in entry 4278 of the bam file
2026-03-08 14:06:37,871 - WARNING - Not found cell and umi barcode in entry 4279 of the bam file
2026-03-08 14:06:37,871 - WARNING - Not found cell and umi barcode in entry 4280 of the bam file
2026-03-08 14:06:37,871 - WARNING - Not found cell and umi barcode in entry 4281 of the bam file
2026-03-08 14:06:37,871 - WARNING - Not found cell and umi barcode in entry 4282 of the bam file
2026-03-08 14:06:37,871 - WARNING - Not found cell and umi barcode in entry 4283 of the bam file
2026-03-08 14:06:37,871 - WARNING - Not found cell and umi barcode in entry 4284 of the bam file
2026-03-08 14:06:37,871 - WARNING - Not found cell and umi barcode in entry 4285 of the bam file
2026-03-08 14:06:37,871 - WARNING - Not found cell and umi barcode in entry 4286 of the bam file
2026-03-08 14:06:37,871 - WARNING - Not found cell and umi barcode in entry 4287 of the bam file
2026-03-08 14:06:37,871 - WARNING - Not found cell and umi barcode in entry 4288 of the bam file
2026-03-08 14:06:37,871 - WARNING - Not found cell and umi barcode in entry 4289 of the bam file
2026-03-08 14:06:37,871 - WARNING - Not found cell and umi barcode in entry 4290 of the bam file
2026-03-08 14:06:37,871 - WARNING - Not found cell and umi barcode in entry 4291 of the bam file
2026-03-08 14:06:37,871 - WARNING - Not found cell and umi barcode in entry 4292 of the bam file
2026-03-08 14:06:37,871 - WARNING - Not found cell and umi barcode in entry 4293 of the bam file
2026-03-08 14:06:37,871 - WARNING - Not found cell and umi barcode in entry 4294 of the bam file
2026-03-08 14:06:37,871 - WARNING - Not found cell and umi barcode in entry 4295 of the bam file
2026-03-08 14:06:37,871 - WARNING - Not found cell and umi barcode in entry 4296 of the bam file
2026-03-08 14:06:37,871 - WARNING - Not found cell and umi barcode in entry 4297 of the bam file
2026-03-08 14:06:37,871 - WARNING - Not found cell and umi barcode in entry 4298 of the bam file
2026-03-08 14:06:37,871 - WARNING - Not found cell and umi barcode in entry 4299 of the bam file
2026-03-08 14:06:37,871 - WARNING - Not found cell and umi barcode in entry 4300 of the bam file
2026-03-08 14:06:37,871 - WARNING - Not found cell and umi barcode in entry 4301 of the bam file
2026-03-08 14:06:37,871 - WARNING - Not found cell and umi barcode in entry 4302 of the bam file
2026-03-08 14:06:37,871 - WARNING - Not found cell and umi barcode in entry 4303 of the bam file
2026-03-08 14:06:37,871 - WARNING - Not found cell and umi barcode in entry 4304 of the bam file
2026-03-08 14:06:37,871 - WARNING - Not found cell and umi barcode in entry 4305 of the bam file
2026-03-08 14:06:37,871 - WARNING - Not found cell and umi barcode in entry 4306 of the bam file
2026-03-08 14:06:37,871 - WARNING - Not found cell and umi barcode in entry 4307 of the bam file
2026-03-08 14:06:37,871 - WARNING - Not found cell and umi barcode in entry 4308 of the bam file
2026-03-08 14:06:37,871 - WARNING - Not found cell and umi barcode in entry 4309 of the bam file
2026-03-08 14:06:37,871 - WARNING - Not found cell and umi barcode in entry 4310 of the bam file
2026-03-08 14:06:37,871 - WARNING - Not found cell and umi barcode in entry 4311 of the bam file
2026-03-08 14:06:37,871 - WARNING - Not found cell and umi barcode in entry 4312 of the bam file
2026-03-08 14:06:37,872 - WARNING - Not found cell and umi barcode in entry 4313 of the bam file
2026-03-08 14:06:37,872 - WARNING - Not found cell and umi barcode in entry 4314 of the bam file
2026-03-08 14:06:37,872 - WARNING - Not found cell and umi barcode in entry 4315 of the bam file
2026-03-08 14:06:37,872 - WARNING - Not found cell and umi barcode in entry 4316 of the bam file
2026-03-08 14:06:37,872 - WARNING - Not found cell and umi barcode in entry 4317 of the bam file
2026-03-08 14:06:37,872 - WARNING - Not found cell and umi barcode in entry 4318 of the bam file
2026-03-08 14:06:37,872 - WARNING - Not found cell and umi barcode in entry 4319 of the bam file
2026-03-08 14:06:37,872 - WARNING - Not found cell and umi barcode in entry 4320 of the bam file
2026-03-08 14:06:37,872 - WARNING - Not found cell and umi barcode in entry 4321 of the bam file
2026-03-08 14:06:37,872 - WARNING - Not found cell and umi barcode in entry 4322 of the bam file
2026-03-08 14:06:37,872 - WARNING - Not found cell and umi barcode in entry 4323 of the bam file
2026-03-08 14:06:37,872 - WARNING - Not found cell and umi barcode in entry 4324 of the bam file
2026-03-08 14:06:37,872 - WARNING - Not found cell and umi barcode in entry 4325 of the bam file
2026-03-08 14:06:37,872 - WARNING - Not found cell and umi barcode in entry 4326 of the bam file
2026-03-08 14:06:37,872 - WARNING - Not found cell and umi barcode in entry 4327 of the bam file
2026-03-08 14:06:37,872 - WARNING - Not found cell and umi barcode in entry 4328 of the bam file
2026-03-08 14:06:37,872 - WARNING - Not found cell and umi barcode in entry 4329 of the bam file
2026-03-08 14:06:37,872 - WARNING - Not found cell and umi barcode in entry 4330 of the bam file
2026-03-08 14:06:37,872 - WARNING - Not found cell and umi barcode in entry 4331 of the bam file
2026-03-08 14:06:37,872 - WARNING - Not found cell and umi barcode in entry 4332 of the bam file
2026-03-08 14:06:37,872 - WARNING - Not found cell and umi barcode in entry 4333 of the bam file
2026-03-08 14:06:37,872 - WARNING - Not found cell and umi barcode in entry 4334 of the bam file
2026-03-08 14:06:37,872 - WARNING - Not found cell and umi barcode in entry 4335 of the bam file
2026-03-08 14:06:37,872 - WARNING - Not found cell and umi barcode in entry 4336 of the bam file
2026-03-08 14:06:37,872 - WARNING - Not found cell and umi barcode in entry 4337 of the bam file
2026-03-08 14:06:37,872 - WARNING - Not found cell and umi barcode in entry 4338 of the bam file
2026-03-08 14:06:37,872 - WARNING - Not found cell and umi barcode in entry 4339 of the bam file
2026-03-08 14:06:37,872 - WARNING - Not found cell and umi barcode in entry 4340 of the bam file
2026-03-08 14:06:37,872 - WARNING - Not found cell and umi barcode in entry 4341 of the bam file
2026-03-08 14:06:37,872 - WARNING - Not found cell and umi barcode in entry 4342 of the bam file
2026-03-08 14:06:37,872 - WARNING - Not found cell and umi barcode in entry 4343 of the bam file
2026-03-08 14:06:37,872 - WARNING - Not found cell and umi barcode in entry 4344 of the bam file
2026-03-08 14:06:37,872 - WARNING - Not found cell and umi barcode in entry 4345 of the bam file
2026-03-08 14:06:37,872 - WARNING - Not found cell and umi barcode in entry 4346 of the bam file
2026-03-08 14:06:37,872 - WARNING - Not found cell and umi barcode in entry 4347 of the bam file
2026-03-08 14:06:37,872 - WARNING - Not found cell and umi barcode in entry 4348 of the bam file
2026-03-08 14:06:37,872 - WARNING - Not found cell and umi barcode in entry 4349 of the bam file
2026-03-08 14:06:37,872 - WARNING - Not found cell and umi barcode in entry 4350 of the bam file
2026-03-08 14:06:37,872 - WARNING - Not found cell and umi barcode in entry 4351 of the bam file
2026-03-08 14:06:37,872 - WARNING - Not found cell and umi barcode in entry 4352 of the bam file
2026-03-08 14:06:37,872 - WARNING - Not found cell and umi barcode in entry 4353 of the bam file
2026-03-08 14:06:37,872 - WARNING - Not found cell and umi barcode in entry 4354 of the bam file
2026-03-08 14:06:37,872 - WARNING - Not found cell and umi barcode in entry 4355 of the bam file
2026-03-08 14:06:37,872 - WARNING - Not found cell and umi barcode in entry 4356 of the bam file
2026-03-08 14:06:37,872 - WARNING - Not found cell and umi barcode in entry 4357 of the bam file
2026-03-08 14:06:37,872 - WARNING - Not found cell and umi barcode in entry 4358 of the bam file
2026-03-08 14:06:37,872 - WARNING - Not found cell and umi barcode in entry 4359 of the bam file
2026-03-08 14:06:37,872 - WARNING - Not found cell and umi barcode in entry 4360 of the bam file
2026-03-08 14:06:37,872 - WARNING - Not found cell and umi barcode in entry 4361 of the bam file
2026-03-08 14:06:37,872 - WARNING - Not found cell and umi barcode in entry 4362 of the bam file
2026-03-08 14:06:37,873 - WARNING - Not found cell and umi barcode in entry 4363 of the bam file
2026-03-08 14:06:37,873 - WARNING - Not found cell and umi barcode in entry 4364 of the bam file
2026-03-08 14:06:37,873 - WARNING - Not found cell and umi barcode in entry 4365 of the bam file
2026-03-08 14:06:37,873 - WARNING - Not found cell and umi barcode in entry 4366 of the bam file
2026-03-08 14:06:37,873 - WARNING - Not found cell and umi barcode in entry 4367 of the bam file
2026-03-08 14:06:37,873 - WARNING - Not found cell and umi barcode in entry 4368 of the bam file
2026-03-08 14:06:37,873 - WARNING - Not found cell and umi barcode in entry 4369 of the bam file
2026-03-08 14:06:37,873 - WARNING - Not found cell and umi barcode in entry 4370 of the bam file
2026-03-08 14:06:37,873 - WARNING - Not found cell and umi barcode in entry 4371 of the bam file
2026-03-08 14:06:37,873 - WARNING - Not found cell and umi barcode in entry 4372 of the bam file
2026-03-08 14:06:37,873 - WARNING - Not found cell and umi barcode in entry 4373 of the bam file
2026-03-08 14:06:37,873 - WARNING - Not found cell and umi barcode in entry 4374 of the bam file
2026-03-08 14:06:37,873 - WARNING - Not found cell and umi barcode in entry 4375 of the bam file
2026-03-08 14:06:37,873 - WARNING - Not found cell and umi barcode in entry 4376 of the bam file
2026-03-08 14:06:37,873 - WARNING - Not found cell and umi barcode in entry 4377 of the bam file
2026-03-08 14:06:37,873 - WARNING - Not found cell and umi barcode in entry 4378 of the bam file
2026-03-08 14:06:37,873 - WARNING - Not found cell and umi barcode in entry 4379 of the bam file
2026-03-08 14:06:37,873 - WARNING - Not found cell and umi barcode in entry 4380 of the bam file
2026-03-08 14:06:37,873 - WARNING - Not found cell and umi barcode in entry 4381 of the bam file
2026-03-08 14:06:37,873 - WARNING - Not found cell and umi barcode in entry 4382 of the bam file
2026-03-08 14:06:37,873 - WARNING - Not found cell and umi barcode in entry 4383 of the bam file
2026-03-08 14:06:37,873 - WARNING - Not found cell and umi barcode in entry 4384 of the bam file
2026-03-08 14:06:37,873 - WARNING - Not found cell and umi barcode in entry 4385 of the bam file
2026-03-08 14:06:37,873 - WARNING - Not found cell and umi barcode in entry 4386 of the bam file
2026-03-08 14:06:37,873 - WARNING - Not found cell and umi barcode in entry 4387 of the bam file
2026-03-08 14:06:37,873 - WARNING - Not found cell and umi barcode in entry 4388 of the bam file
2026-03-08 14:06:37,873 - WARNING - Not found cell and umi barcode in entry 4389 of the bam file
2026-03-08 14:06:37,873 - WARNING - Not found cell and umi barcode in entry 4390 of the bam file
2026-03-08 14:06:37,873 - WARNING - Not found cell and umi barcode in entry 4391 of the bam file
2026-03-08 14:06:37,873 - WARNING - Not found cell and umi barcode in entry 4392 of the bam file
2026-03-08 14:06:37,873 - WARNING - Not found cell and umi barcode in entry 4393 of the bam file
2026-03-08 14:06:37,873 - WARNING - Not found cell and umi barcode in entry 4394 of the bam file
2026-03-08 14:06:37,873 - WARNING - Not found cell and umi barcode in entry 4395 of the bam file
2026-03-08 14:06:37,873 - WARNING - Not found cell and umi barcode in entry 4396 of the bam file
2026-03-08 14:06:37,873 - WARNING - Not found cell and umi barcode in entry 4397 of the bam file
2026-03-08 14:06:37,873 - WARNING - Not found cell and umi barcode in entry 4398 of the bam file
2026-03-08 14:06:37,873 - WARNING - Not found cell and umi barcode in entry 4399 of the bam file
2026-03-08 14:06:37,873 - WARNING - Not found cell and umi barcode in entry 4400 of the bam file
2026-03-08 14:06:37,873 - WARNING - Not found cell and umi barcode in entry 4401 of the bam file
2026-03-08 14:06:37,873 - WARNING - Not found cell and umi barcode in entry 4402 of the bam file
2026-03-08 14:06:37,873 - WARNING - Not found cell and umi barcode in entry 4403 of the bam file
2026-03-08 14:06:37,873 - WARNING - Not found cell and umi barcode in entry 4404 of the bam file
2026-03-08 14:06:37,873 - WARNING - Not found cell and umi barcode in entry 4405 of the bam file
2026-03-08 14:06:37,873 - WARNING - Not found cell and umi barcode in entry 4406 of the bam file
2026-03-08 14:06:37,873 - WARNING - Not found cell and umi barcode in entry 4407 of the bam file
2026-03-08 14:06:37,873 - WARNING - Not found cell and umi barcode in entry 4408 of the bam file
2026-03-08 14:06:37,873 - WARNING - Not found cell and umi barcode in entry 4409 of the bam file
2026-03-08 14:06:37,874 - WARNING - Not found cell and umi barcode in entry 4410 of the bam file
2026-03-08 14:06:37,874 - WARNING - Not found cell and umi barcode in entry 4411 of the bam file
2026-03-08 14:06:37,874 - WARNING - Not found cell and umi barcode in entry 4412 of the bam file
2026-03-08 14:06:37,874 - WARNING - Not found cell and umi barcode in entry 4413 of the bam file
2026-03-08 14:06:37,874 - WARNING - Not found cell and umi barcode in entry 4414 of the bam file
2026-03-08 14:06:37,874 - WARNING - Not found cell and umi barcode in entry 4415 of the bam file
2026-03-08 14:06:37,874 - WARNING - Not found cell and umi barcode in entry 4416 of the bam file
2026-03-08 14:06:37,874 - WARNING - Not found cell and umi barcode in entry 4417 of the bam file
2026-03-08 14:06:37,874 - WARNING - Not found cell and umi barcode in entry 4418 of the bam file
2026-03-08 14:06:37,874 - WARNING - Not found cell and umi barcode in entry 4419 of the bam file
2026-03-08 14:06:37,874 - WARNING - Not found cell and umi barcode in entry 4420 of the bam file
2026-03-08 14:06:37,874 - WARNING - Not found cell and umi barcode in entry 4421 of the bam file
2026-03-08 14:06:37,874 - WARNING - Not found cell and umi barcode in entry 4422 of the bam file
2026-03-08 14:06:37,874 - WARNING - Not found cell and umi barcode in entry 4423 of the bam file
2026-03-08 14:06:37,874 - WARNING - Not found cell and umi barcode in entry 4424 of the bam file
2026-03-08 14:06:37,874 - WARNING - Not found cell and umi barcode in entry 4425 of the bam file
2026-03-08 14:06:37,874 - WARNING - Not found cell and umi barcode in entry 4426 of the bam file
2026-03-08 14:06:37,874 - WARNING - Not found cell and umi barcode in entry 4427 of the bam file
2026-03-08 14:06:37,874 - WARNING - Not found cell and umi barcode in entry 4428 of the bam file
2026-03-08 14:06:37,874 - WARNING - Not found cell and umi barcode in entry 4429 of the bam file
2026-03-08 14:06:37,874 - WARNING - Not found cell and umi barcode in entry 4430 of the bam file
2026-03-08 14:06:37,874 - WARNING - Not found cell and umi barcode in entry 4431 of the bam file
2026-03-08 14:06:37,874 - WARNING - Not found cell and umi barcode in entry 4432 of the bam file
2026-03-08 14:06:37,874 - WARNING - Not found cell and umi barcode in entry 4433 of the bam file
2026-03-08 14:06:37,874 - WARNING - Not found cell and umi barcode in entry 4434 of the bam file
2026-03-08 14:06:37,874 - WARNING - Not found cell and umi barcode in entry 4435 of the bam file
2026-03-08 14:06:37,874 - WARNING - Not found cell and umi barcode in entry 4436 of the bam file
2026-03-08 14:06:37,874 - WARNING - Not found cell and umi barcode in entry 4437 of the bam file
2026-03-08 14:06:37,874 - WARNING - Not found cell and umi barcode in entry 4438 of the bam file
2026-03-08 14:06:37,874 - WARNING - Not found cell and umi barcode in entry 4439 of the bam file
2026-03-08 14:06:37,874 - WARNING - Not found cell and umi barcode in entry 4440 of the bam file
2026-03-08 14:06:37,874 - WARNING - Not found cell and umi barcode in entry 4441 of the bam file
2026-03-08 14:06:37,874 - WARNING - Not found cell and umi barcode in entry 4442 of the bam file
2026-03-08 14:06:37,874 - WARNING - Not found cell and umi barcode in entry 4443 of the bam file
2026-03-08 14:06:37,874 - WARNING - Not found cell and umi barcode in entry 4444 of the bam file
2026-03-08 14:06:37,874 - WARNING - Not found cell and umi barcode in entry 4445 of the bam file
2026-03-08 14:06:37,874 - WARNING - Not found cell and umi barcode in entry 4446 of the bam file
2026-03-08 14:06:37,874 - WARNING - Not found cell and umi barcode in entry 4447 of the bam file
2026-03-08 14:06:37,874 - WARNING - Not found cell and umi barcode in entry 4448 of the bam file
2026-03-08 14:06:37,874 - WARNING - Not found cell and umi barcode in entry 4449 of the bam file
2026-03-08 14:06:37,874 - WARNING - Not found cell and umi barcode in entry 4450 of the bam file
2026-03-08 14:06:37,874 - WARNING - Not found cell and umi barcode in entry 4451 of the bam file
2026-03-08 14:06:37,874 - WARNING - Not found cell and umi barcode in entry 4452 of the bam file
2026-03-08 14:06:37,874 - WARNING - Not found cell and umi barcode in entry 4453 of the bam file
2026-03-08 14:06:37,874 - WARNING - Not found cell and umi barcode in entry 4454 of the bam file
2026-03-08 14:06:37,874 - WARNING - Not found cell and umi barcode in entry 4455 of the bam file
2026-03-08 14:06:37,874 - WARNING - Not found cell and umi barcode in entry 4456 of the bam file
2026-03-08 14:06:37,874 - WARNING - Not found cell and umi barcode in entry 4457 of the bam file
2026-03-08 14:06:37,874 - WARNING - Not found cell and umi barcode in entry 4458 of the bam file
2026-03-08 14:06:37,874 - WARNING - Not found cell and umi barcode in entry 4459 of the bam file
2026-03-08 14:06:37,875 - WARNING - Not found cell and umi barcode in entry 4460 of the bam file
2026-03-08 14:06:37,875 - WARNING - Not found cell and umi barcode in entry 4461 of the bam file
2026-03-08 14:06:37,875 - WARNING - Not found cell and umi barcode in entry 4462 of the bam file
2026-03-08 14:06:37,875 - WARNING - Not found cell and umi barcode in entry 4463 of the bam file
2026-03-08 14:06:37,875 - WARNING - Not found cell and umi barcode in entry 4464 of the bam file
2026-03-08 14:06:37,875 - WARNING - Not found cell and umi barcode in entry 4465 of the bam file
2026-03-08 14:06:37,875 - WARNING - Not found cell and umi barcode in entry 4466 of the bam file
2026-03-08 14:06:37,875 - WARNING - Not found cell and umi barcode in entry 4467 of the bam file
2026-03-08 14:06:37,875 - WARNING - Not found cell and umi barcode in entry 4468 of the bam file
2026-03-08 14:06:37,875 - WARNING - Not found cell and umi barcode in entry 4469 of the bam file
2026-03-08 14:06:37,875 - WARNING - Not found cell and umi barcode in entry 4470 of the bam file
2026-03-08 14:06:37,875 - WARNING - Not found cell and umi barcode in entry 4471 of the bam file
2026-03-08 14:06:37,875 - WARNING - Not found cell and umi barcode in entry 4472 of the bam file
2026-03-08 14:06:37,875 - WARNING - Not found cell and umi barcode in entry 4473 of the bam file
2026-03-08 14:06:37,875 - WARNING - Not found cell and umi barcode in entry 4474 of the bam file
2026-03-08 14:06:37,875 - WARNING - Not found cell and umi barcode in entry 4475 of the bam file
2026-03-08 14:06:37,875 - WARNING - Not found cell and umi barcode in entry 4476 of the bam file
2026-03-08 14:06:37,875 - WARNING - Not found cell and umi barcode in entry 4477 of the bam file
2026-03-08 14:06:37,875 - WARNING - Not found cell and umi barcode in entry 4478 of the bam file
2026-03-08 14:06:37,875 - WARNING - Not found cell and umi barcode in entry 4479 of the bam file
2026-03-08 14:06:37,875 - WARNING - Not found cell and umi barcode in entry 4480 of the bam file
2026-03-08 14:06:37,875 - WARNING - Not found cell and umi barcode in entry 4481 of the bam file
2026-03-08 14:06:37,875 - WARNING - Not found cell and umi barcode in entry 4482 of the bam file
2026-03-08 14:06:37,875 - WARNING - Not found cell and umi barcode in entry 4483 of the bam file
2026-03-08 14:06:37,875 - WARNING - Not found cell and umi barcode in entry 4484 of the bam file
2026-03-08 14:06:37,875 - WARNING - Not found cell and umi barcode in entry 4485 of the bam file
2026-03-08 14:06:37,875 - WARNING - Not found cell and umi barcode in entry 4486 of the bam file
2026-03-08 14:06:37,875 - WARNING - Not found cell and umi barcode in entry 4487 of the bam file
2026-03-08 14:06:37,875 - WARNING - Not found cell and umi barcode in entry 4488 of the bam file
2026-03-08 14:06:37,875 - WARNING - Not found cell and umi barcode in entry 4489 of the bam file
2026-03-08 14:06:37,875 - WARNING - Not found cell and umi barcode in entry 4490 of the bam file
2026-03-08 14:06:37,875 - WARNING - Not found cell and umi barcode in entry 4491 of the bam file
2026-03-08 14:06:37,875 - WARNING - Not found cell and umi barcode in entry 4492 of the bam file
2026-03-08 14:06:37,875 - WARNING - Not found cell and umi barcode in entry 4493 of the bam file
2026-03-08 14:06:37,875 - WARNING - Not found cell and umi barcode in entry 4494 of the bam file
2026-03-08 14:06:37,875 - WARNING - Not found cell and umi barcode in entry 4495 of the bam file
2026-03-08 14:06:37,875 - WARNING - Not found cell and umi barcode in entry 4496 of the bam file
2026-03-08 14:06:37,875 - WARNING - Not found cell and umi barcode in entry 4497 of the bam file
2026-03-08 14:06:37,875 - WARNING - Not found cell and umi barcode in entry 4498 of the bam file
2026-03-08 14:06:37,875 - WARNING - Not found cell and umi barcode in entry 4499 of the bam file
2026-03-08 14:06:37,875 - WARNING - Not found cell and umi barcode in entry 4500 of the bam file
2026-03-08 14:06:37,875 - WARNING - Not found cell and umi barcode in entry 4501 of the bam file
2026-03-08 14:06:37,875 - WARNING - Not found cell and umi barcode in entry 4502 of the bam file
2026-03-08 14:06:37,875 - WARNING - Not found cell and umi barcode in entry 4503 of the bam file
2026-03-08 14:06:37,875 - WARNING - Not found cell and umi barcode in entry 4504 of the bam file
2026-03-08 14:06:37,875 - WARNING - Not found cell and umi barcode in entry 4505 of the bam file
2026-03-08 14:06:37,875 - WARNING - Not found cell and umi barcode in entry 4506 of the bam file
2026-03-08 14:06:37,875 - WARNING - Not found cell and umi barcode in entry 4507 of the bam file
2026-03-08 14:06:37,875 - WARNING - Not found cell and umi barcode in entry 4508 of the bam file
2026-03-08 14:06:37,875 - WARNING - Not found cell and umi barcode in entry 4509 of the bam file
2026-03-08 14:06:37,875 - WARNING - Not found cell and umi barcode in entry 4510 of the bam file
2026-03-08 14:06:37,876 - WARNING - Not found cell and umi barcode in entry 4511 of the bam file
2026-03-08 14:06:37,876 - WARNING - Not found cell and umi barcode in entry 4512 of the bam file
2026-03-08 14:06:37,876 - WARNING - Not found cell and umi barcode in entry 4513 of the bam file
2026-03-08 14:06:37,876 - WARNING - Not found cell and umi barcode in entry 4514 of the bam file
2026-03-08 14:06:37,876 - WARNING - Not found cell and umi barcode in entry 4515 of the bam file
2026-03-08 14:06:37,876 - WARNING - Not found cell and umi barcode in entry 4516 of the bam file
2026-03-08 14:06:37,876 - WARNING - Not found cell and umi barcode in entry 4517 of the bam file
2026-03-08 14:06:37,876 - WARNING - Not found cell and umi barcode in entry 4518 of the bam file
2026-03-08 14:06:37,876 - WARNING - Not found cell and umi barcode in entry 4519 of the bam file
2026-03-08 14:06:37,876 - WARNING - Not found cell and umi barcode in entry 4520 of the bam file
2026-03-08 14:06:37,876 - WARNING - Not found cell and umi barcode in entry 4521 of the bam file
2026-03-08 14:06:37,876 - WARNING - Not found cell and umi barcode in entry 4522 of the bam file
2026-03-08 14:06:37,876 - WARNING - Not found cell and umi barcode in entry 4523 of the bam file
2026-03-08 14:06:37,876 - WARNING - Not found cell and umi barcode in entry 4524 of the bam file
2026-03-08 14:06:37,876 - WARNING - Not found cell and umi barcode in entry 4525 of the bam file
2026-03-08 14:06:37,876 - WARNING - Not found cell and umi barcode in entry 4526 of the bam file
2026-03-08 14:06:37,876 - WARNING - Not found cell and umi barcode in entry 4527 of the bam file
2026-03-08 14:06:37,876 - WARNING - Not found cell and umi barcode in entry 4528 of the bam file
2026-03-08 14:06:37,876 - WARNING - Not found cell and umi barcode in entry 4529 of the bam file
2026-03-08 14:06:37,876 - WARNING - Not found cell and umi barcode in entry 4530 of the bam file
2026-03-08 14:06:37,876 - WARNING - Not found cell and umi barcode in entry 4531 of the bam file
2026-03-08 14:06:37,876 - WARNING - Not found cell and umi barcode in entry 4532 of the bam file
2026-03-08 14:06:37,876 - WARNING - Not found cell and umi barcode in entry 4533 of the bam file
2026-03-08 14:06:37,876 - WARNING - Not found cell and umi barcode in entry 4534 of the bam file
2026-03-08 14:06:37,876 - WARNING - Not found cell and umi barcode in entry 4535 of the bam file
2026-03-08 14:06:37,876 - WARNING - Not found cell and umi barcode in entry 4536 of the bam file
2026-03-08 14:06:37,876 - WARNING - Not found cell and umi barcode in entry 4537 of the bam file
2026-03-08 14:06:37,876 - WARNING - Not found cell and umi barcode in entry 4538 of the bam file
2026-03-08 14:06:37,876 - WARNING - Not found cell and umi barcode in entry 4539 of the bam file
2026-03-08 14:06:37,876 - WARNING - Not found cell and umi barcode in entry 4540 of the bam file
2026-03-08 14:06:37,876 - WARNING - Not found cell and umi barcode in entry 4541 of the bam file
2026-03-08 14:06:37,876 - WARNING - Not found cell and umi barcode in entry 4542 of the bam file
2026-03-08 14:06:37,876 - WARNING - Not found cell and umi barcode in entry 4543 of the bam file
2026-03-08 14:06:37,876 - WARNING - Not found cell and umi barcode in entry 4544 of the bam file
2026-03-08 14:06:37,876 - WARNING - Not found cell and umi barcode in entry 4545 of the bam file
2026-03-08 14:06:37,876 - WARNING - Not found cell and umi barcode in entry 4546 of the bam file
2026-03-08 14:06:37,876 - WARNING - Not found cell and umi barcode in entry 4547 of the bam file
2026-03-08 14:06:37,876 - WARNING - Not found cell and umi barcode in entry 4548 of the bam file
2026-03-08 14:06:37,876 - WARNING - Not found cell and umi barcode in entry 4549 of the bam file
2026-03-08 14:06:37,876 - WARNING - Not found cell and umi barcode in entry 4550 of the bam file
2026-03-08 14:06:37,876 - WARNING - Not found cell and umi barcode in entry 4551 of the bam file
2026-03-08 14:06:37,876 - WARNING - Not found cell and umi barcode in entry 4552 of the bam file
2026-03-08 14:06:37,876 - WARNING - Not found cell and umi barcode in entry 4553 of the bam file
2026-03-08 14:06:37,876 - WARNING - Not found cell and umi barcode in entry 4554 of the bam file
2026-03-08 14:06:37,876 - WARNING - Not found cell and umi barcode in entry 4555 of the bam file
2026-03-08 14:06:37,876 - WARNING - Not found cell and umi barcode in entry 4556 of the bam file
2026-03-08 14:06:37,877 - WARNING - Not found cell and umi barcode in entry 4557 of the bam file
2026-03-08 14:06:37,877 - WARNING - Not found cell and umi barcode in entry 4558 of the bam file
2026-03-08 14:06:37,877 - WARNING - Not found cell and umi barcode in entry 4559 of the bam file
2026-03-08 14:06:37,877 - WARNING - Not found cell and umi barcode in entry 4560 of the bam file
2026-03-08 14:06:37,877 - WARNING - Not found cell and umi barcode in entry 4561 of the bam file
2026-03-08 14:06:37,877 - WARNING - Not found cell and umi barcode in entry 4562 of the bam file
2026-03-08 14:06:37,877 - WARNING - Not found cell and umi barcode in entry 4563 of the bam file
2026-03-08 14:06:37,877 - WARNING - Not found cell and umi barcode in entry 4564 of the bam file
2026-03-08 14:06:37,877 - WARNING - Not found cell and umi barcode in entry 4565 of the bam file
2026-03-08 14:06:37,877 - WARNING - Not found cell and umi barcode in entry 4566 of the bam file
2026-03-08 14:06:37,877 - WARNING - Not found cell and umi barcode in entry 4567 of the bam file
2026-03-08 14:06:37,877 - WARNING - Not found cell and umi barcode in entry 4568 of the bam file
2026-03-08 14:06:37,877 - WARNING - Not found cell and umi barcode in entry 4569 of the bam file
2026-03-08 14:06:37,877 - WARNING - Not found cell and umi barcode in entry 4570 of the bam file
2026-03-08 14:06:37,877 - WARNING - Not found cell and umi barcode in entry 4571 of the bam file
2026-03-08 14:06:37,877 - WARNING - Not found cell and umi barcode in entry 4572 of the bam file
2026-03-08 14:06:37,877 - WARNING - Not found cell and umi barcode in entry 4573 of the bam file
2026-03-08 14:06:37,877 - WARNING - Not found cell and umi barcode in entry 4574 of the bam file
2026-03-08 14:06:37,877 - WARNING - Not found cell and umi barcode in entry 4575 of the bam file
2026-03-08 14:06:37,877 - WARNING - Not found cell and umi barcode in entry 4576 of the bam file
2026-03-08 14:06:37,877 - WARNING - Not found cell and umi barcode in entry 4577 of the bam file
2026-03-08 14:06:37,877 - WARNING - Not found cell and umi barcode in entry 4578 of the bam file
2026-03-08 14:06:37,877 - WARNING - Not found cell and umi barcode in entry 4579 of the bam file
2026-03-08 14:06:37,877 - WARNING - Not found cell and umi barcode in entry 4580 of the bam file
2026-03-08 14:06:37,877 - WARNING - Not found cell and umi barcode in entry 4581 of the bam file
2026-03-08 14:06:37,877 - WARNING - Not found cell and umi barcode in entry 4582 of the bam file
2026-03-08 14:06:37,877 - WARNING - Not found cell and umi barcode in entry 4583 of the bam file
2026-03-08 14:06:37,877 - WARNING - Not found cell and umi barcode in entry 4584 of the bam file
2026-03-08 14:06:37,877 - WARNING - Not found cell and umi barcode in entry 4585 of the bam file
2026-03-08 14:06:37,877 - WARNING - Not found cell and umi barcode in entry 4586 of the bam file
2026-03-08 14:06:37,877 - WARNING - Not found cell and umi barcode in entry 4587 of the bam file
2026-03-08 14:06:37,877 - WARNING - Not found cell and umi barcode in entry 4588 of the bam file
2026-03-08 14:06:37,877 - WARNING - Not found cell and umi barcode in entry 4589 of the bam file
2026-03-08 14:06:37,877 - WARNING - Not found cell and umi barcode in entry 4590 of the bam file
2026-03-08 14:06:37,877 - WARNING - Not found cell and umi barcode in entry 4591 of the bam file
2026-03-08 14:06:37,877 - WARNING - Not found cell and umi barcode in entry 4592 of the bam file
2026-03-08 14:06:37,877 - WARNING - Not found cell and umi barcode in entry 4593 of the bam file
2026-03-08 14:06:37,877 - WARNING - Not found cell and umi barcode in entry 4594 of the bam file
2026-03-08 14:06:37,877 - WARNING - Not found cell and umi barcode in entry 4595 of the bam file
2026-03-08 14:06:37,877 - WARNING - Not found cell and umi barcode in entry 4596 of the bam file
2026-03-08 14:06:37,877 - WARNING - Not found cell and umi barcode in entry 4597 of the bam file
2026-03-08 14:06:37,877 - WARNING - Not found cell and umi barcode in entry 4598 of the bam file
2026-03-08 14:06:37,877 - WARNING - Not found cell and umi barcode in entry 4599 of the bam file
2026-03-08 14:06:37,877 - WARNING - Not found cell and umi barcode in entry 4600 of the bam file
2026-03-08 14:06:37,877 - WARNING - Not found cell and umi barcode in entry 4601 of the bam file
2026-03-08 14:06:37,877 - WARNING - Not found cell and umi barcode in entry 4602 of the bam file
2026-03-08 14:06:37,877 - WARNING - Not found cell and umi barcode in entry 4603 of the bam file
2026-03-08 14:06:37,877 - WARNING - Not found cell and umi barcode in entry 4604 of the bam file
2026-03-08 14:06:37,877 - WARNING - Not found cell and umi barcode in entry 4605 of the bam file
2026-03-08 14:06:37,877 - WARNING - Not found cell and umi barcode in entry 4606 of the bam file
2026-03-08 14:06:37,877 - WARNING - Not found cell and umi barcode in entry 4607 of the bam file
2026-03-08 14:06:37,878 - WARNING - Not found cell and umi barcode in entry 4608 of the bam file
2026-03-08 14:06:37,878 - WARNING - Not found cell and umi barcode in entry 4609 of the bam file
2026-03-08 14:06:37,878 - WARNING - Not found cell and umi barcode in entry 4610 of the bam file
2026-03-08 14:06:37,878 - WARNING - Not found cell and umi barcode in entry 4611 of the bam file
2026-03-08 14:06:37,878 - WARNING - Not found cell and umi barcode in entry 4612 of the bam file
2026-03-08 14:06:37,878 - WARNING - Not found cell and umi barcode in entry 4613 of the bam file
2026-03-08 14:06:37,878 - WARNING - Not found cell and umi barcode in entry 4614 of the bam file
2026-03-08 14:06:37,878 - WARNING - Not found cell and umi barcode in entry 4615 of the bam file
2026-03-08 14:06:37,878 - WARNING - Not found cell and umi barcode in entry 4616 of the bam file
2026-03-08 14:06:37,878 - WARNING - Not found cell and umi barcode in entry 4617 of the bam file
2026-03-08 14:06:37,878 - WARNING - Not found cell and umi barcode in entry 4618 of the bam file
2026-03-08 14:06:37,878 - WARNING - Not found cell and umi barcode in entry 4619 of the bam file
2026-03-08 14:06:37,878 - WARNING - Not found cell and umi barcode in entry 4620 of the bam file
2026-03-08 14:06:37,878 - WARNING - Not found cell and umi barcode in entry 4621 of the bam file
2026-03-08 14:06:37,878 - WARNING - Not found cell and umi barcode in entry 4622 of the bam file
2026-03-08 14:06:37,878 - WARNING - Not found cell and umi barcode in entry 4623 of the bam file
2026-03-08 14:06:37,878 - WARNING - Not found cell and umi barcode in entry 4624 of the bam file
2026-03-08 14:06:37,878 - WARNING - Not found cell and umi barcode in entry 4625 of the bam file
2026-03-08 14:06:37,878 - WARNING - Not found cell and umi barcode in entry 4626 of the bam file
2026-03-08 14:06:37,878 - WARNING - Not found cell and umi barcode in entry 4627 of the bam file
2026-03-08 14:06:37,878 - WARNING - Not found cell and umi barcode in entry 4628 of the bam file
2026-03-08 14:06:37,878 - WARNING - Not found cell and umi barcode in entry 4629 of the bam file
2026-03-08 14:06:37,878 - WARNING - Not found cell and umi barcode in entry 4630 of the bam file
2026-03-08 14:06:37,878 - WARNING - Not found cell and umi barcode in entry 4631 of the bam file
2026-03-08 14:06:37,878 - WARNING - Not found cell and umi barcode in entry 4632 of the bam file
2026-03-08 14:06:37,878 - WARNING - Not found cell and umi barcode in entry 4633 of the bam file
2026-03-08 14:06:37,878 - WARNING - Not found cell and umi barcode in entry 4634 of the bam file
2026-03-08 14:06:37,878 - WARNING - Not found cell and umi barcode in entry 4635 of the bam file
2026-03-08 14:06:37,878 - WARNING - Not found cell and umi barcode in entry 4636 of the bam file
2026-03-08 14:06:37,878 - WARNING - Not found cell and umi barcode in entry 4637 of the bam file
2026-03-08 14:06:37,878 - WARNING - Not found cell and umi barcode in entry 4638 of the bam file
2026-03-08 14:06:37,878 - WARNING - Not found cell and umi barcode in entry 4639 of the bam file
2026-03-08 14:06:37,878 - WARNING - Not found cell and umi barcode in entry 4640 of the bam file
2026-03-08 14:06:37,878 - WARNING - Not found cell and umi barcode in entry 4641 of the bam file
2026-03-08 14:06:37,878 - WARNING - Not found cell and umi barcode in entry 4642 of the bam file
2026-03-08 14:06:37,878 - WARNING - Not found cell and umi barcode in entry 4643 of the bam file
2026-03-08 14:06:37,878 - WARNING - Not found cell and umi barcode in entry 4644 of the bam file
2026-03-08 14:06:37,878 - WARNING - Not found cell and umi barcode in entry 4645 of the bam file
2026-03-08 14:06:37,878 - WARNING - Not found cell and umi barcode in entry 4646 of the bam file
2026-03-08 14:06:37,878 - WARNING - Not found cell and umi barcode in entry 4647 of the bam file
2026-03-08 14:06:37,878 - WARNING - Not found cell and umi barcode in entry 4648 of the bam file
2026-03-08 14:06:37,878 - WARNING - Not found cell and umi barcode in entry 4649 of the bam file
2026-03-08 14:06:37,878 - WARNING - Not found cell and umi barcode in entry 4650 of the bam file
2026-03-08 14:06:37,878 - WARNING - Not found cell and umi barcode in entry 4651 of the bam file
2026-03-08 14:06:37,878 - WARNING - Not found cell and umi barcode in entry 4652 of the bam file
2026-03-08 14:06:37,878 - WARNING - Not found cell and umi barcode in entry 4653 of the bam file
2026-03-08 14:06:37,878 - WARNING - Not found cell and umi barcode in entry 4654 of the bam file
2026-03-08 14:06:37,878 - WARNING - Not found cell and umi barcode in entry 4655 of the bam file
2026-03-08 14:06:37,878 - WARNING - Not found cell and umi barcode in entry 4656 of the bam file
2026-03-08 14:06:37,878 - WARNING - Not found cell and umi barcode in entry 4657 of the bam file
2026-03-08 14:06:37,879 - WARNING - Not found cell and umi barcode in entry 4658 of the bam file
2026-03-08 14:06:37,879 - WARNING - Not found cell and umi barcode in entry 4659 of the bam file
2026-03-08 14:06:37,879 - WARNING - Not found cell and umi barcode in entry 4660 of the bam file
2026-03-08 14:06:37,879 - WARNING - Not found cell and umi barcode in entry 4661 of the bam file
2026-03-08 14:06:37,879 - WARNING - Not found cell and umi barcode in entry 4662 of the bam file
2026-03-08 14:06:37,879 - WARNING - Not found cell and umi barcode in entry 4663 of the bam file
2026-03-08 14:06:37,879 - WARNING - Not found cell and umi barcode in entry 4664 of the bam file
2026-03-08 14:06:37,879 - WARNING - Not found cell and umi barcode in entry 4665 of the bam file
2026-03-08 14:06:37,879 - WARNING - Not found cell and umi barcode in entry 4666 of the bam file
2026-03-08 14:06:37,879 - WARNING - Not found cell and umi barcode in entry 4667 of the bam file
2026-03-08 14:06:37,879 - WARNING - Not found cell and umi barcode in entry 4668 of the bam file
2026-03-08 14:06:37,879 - WARNING - Not found cell and umi barcode in entry 4669 of the bam file
2026-03-08 14:06:37,879 - WARNING - Not found cell and umi barcode in entry 4670 of the bam file
2026-03-08 14:06:37,879 - WARNING - Not found cell and umi barcode in entry 4671 of the bam file
2026-03-08 14:06:37,879 - WARNING - Not found cell and umi barcode in entry 4672 of the bam file
2026-03-08 14:06:37,879 - WARNING - Not found cell and umi barcode in entry 4673 of the bam file
2026-03-08 14:06:37,879 - WARNING - Not found cell and umi barcode in entry 4674 of the bam file
2026-03-08 14:06:37,879 - WARNING - Not found cell and umi barcode in entry 4675 of the bam file
2026-03-08 14:06:37,879 - WARNING - Not found cell and umi barcode in entry 4676 of the bam file
2026-03-08 14:06:37,879 - WARNING - Not found cell and umi barcode in entry 4677 of the bam file
2026-03-08 14:06:37,879 - WARNING - Not found cell and umi barcode in entry 4678 of the bam file
2026-03-08 14:06:37,879 - WARNING - Not found cell and umi barcode in entry 4679 of the bam file
2026-03-08 14:06:37,879 - WARNING - Not found cell and umi barcode in entry 4680 of the bam file
2026-03-08 14:06:37,879 - WARNING - Not found cell and umi barcode in entry 4681 of the bam file
2026-03-08 14:06:37,879 - WARNING - Not found cell and umi barcode in entry 4682 of the bam file
2026-03-08 14:06:37,879 - WARNING - Not found cell and umi barcode in entry 4683 of the bam file
2026-03-08 14:06:37,879 - WARNING - Not found cell and umi barcode in entry 4684 of the bam file
2026-03-08 14:06:37,879 - WARNING - Not found cell and umi barcode in entry 4685 of the bam file
2026-03-08 14:06:37,879 - WARNING - Not found cell and umi barcode in entry 4686 of the bam file
2026-03-08 14:06:37,879 - WARNING - Not found cell and umi barcode in entry 4687 of the bam file
2026-03-08 14:06:37,879 - WARNING - Not found cell and umi barcode in entry 4688 of the bam file
2026-03-08 14:06:37,879 - WARNING - Not found cell and umi barcode in entry 4689 of the bam file
2026-03-08 14:06:37,879 - WARNING - Not found cell and umi barcode in entry 4690 of the bam file
2026-03-08 14:06:37,879 - WARNING - Not found cell and umi barcode in entry 4691 of the bam file
2026-03-08 14:06:37,879 - WARNING - Not found cell and umi barcode in entry 4692 of the bam file
2026-03-08 14:06:37,879 - WARNING - Not found cell and umi barcode in entry 4693 of the bam file
2026-03-08 14:06:37,879 - WARNING - Not found cell and umi barcode in entry 4694 of the bam file
2026-03-08 14:06:37,879 - WARNING - Not found cell and umi barcode in entry 4695 of the bam file
2026-03-08 14:06:37,879 - WARNING - Not found cell and umi barcode in entry 4696 of the bam file
2026-03-08 14:06:37,879 - WARNING - Not found cell and umi barcode in entry 4697 of the bam file
2026-03-08 14:06:37,879 - WARNING - Not found cell and umi barcode in entry 4698 of the bam file
2026-03-08 14:06:37,879 - WARNING - Not found cell and umi barcode in entry 4699 of the bam file
2026-03-08 14:06:37,879 - WARNING - Not found cell and umi barcode in entry 4700 of the bam file
2026-03-08 14:06:37,879 - WARNING - Not found cell and umi barcode in entry 4701 of the bam file
2026-03-08 14:06:37,879 - WARNING - Not found cell and umi barcode in entry 4702 of the bam file
2026-03-08 14:06:37,879 - WARNING - Not found cell and umi barcode in entry 4703 of the bam file
2026-03-08 14:06:37,879 - WARNING - Not found cell and umi barcode in entry 4704 of the bam file
2026-03-08 14:06:37,879 - WARNING - Not found cell and umi barcode in entry 4705 of the bam file
2026-03-08 14:06:37,879 - WARNING - Not found cell and umi barcode in entry 4706 of the bam file
2026-03-08 14:06:37,879 - WARNING - Not found cell and umi barcode in entry 4707 of the bam file
2026-03-08 14:06:37,880 - WARNING - Not found cell and umi barcode in entry 4708 of the bam file
2026-03-08 14:06:37,880 - WARNING - Not found cell and umi barcode in entry 4709 of the bam file
2026-03-08 14:06:37,880 - WARNING - Not found cell and umi barcode in entry 4710 of the bam file
2026-03-08 14:06:37,880 - WARNING - Not found cell and umi barcode in entry 4711 of the bam file
2026-03-08 14:06:37,880 - WARNING - Not found cell and umi barcode in entry 4712 of the bam file
2026-03-08 14:06:37,880 - WARNING - Not found cell and umi barcode in entry 4713 of the bam file
2026-03-08 14:06:37,880 - WARNING - Not found cell and umi barcode in entry 4714 of the bam file
2026-03-08 14:06:37,880 - WARNING - Not found cell and umi barcode in entry 4715 of the bam file
2026-03-08 14:06:37,880 - WARNING - Not found cell and umi barcode in entry 4716 of the bam file
2026-03-08 14:06:37,880 - WARNING - Not found cell and umi barcode in entry 4717 of the bam file
2026-03-08 14:06:37,880 - WARNING - Not found cell and umi barcode in entry 4718 of the bam file
2026-03-08 14:06:37,880 - WARNING - Not found cell and umi barcode in entry 4719 of the bam file
2026-03-08 14:06:37,880 - WARNING - Not found cell and umi barcode in entry 4720 of the bam file
2026-03-08 14:06:37,880 - WARNING - Not found cell and umi barcode in entry 4721 of the bam file
2026-03-08 14:06:37,880 - WARNING - Not found cell and umi barcode in entry 4722 of the bam file
2026-03-08 14:06:37,880 - WARNING - Not found cell and umi barcode in entry 4723 of the bam file
2026-03-08 14:06:37,880 - WARNING - Not found cell and umi barcode in entry 4724 of the bam file
2026-03-08 14:06:37,880 - WARNING - Not found cell and umi barcode in entry 4725 of the bam file
2026-03-08 14:06:37,880 - WARNING - Not found cell and umi barcode in entry 4726 of the bam file
2026-03-08 14:06:37,880 - WARNING - Not found cell and umi barcode in entry 4727 of the bam file
2026-03-08 14:06:37,880 - WARNING - Not found cell and umi barcode in entry 4728 of the bam file
2026-03-08 14:06:37,880 - WARNING - Not found cell and umi barcode in entry 4729 of the bam file
2026-03-08 14:06:37,880 - WARNING - Not found cell and umi barcode in entry 4730 of the bam file
2026-03-08 14:06:37,880 - WARNING - Not found cell and umi barcode in entry 4731 of the bam file
2026-03-08 14:06:37,880 - WARNING - Not found cell and umi barcode in entry 4732 of the bam file
2026-03-08 14:06:37,880 - WARNING - Not found cell and umi barcode in entry 4733 of the bam file
2026-03-08 14:06:37,880 - WARNING - Not found cell and umi barcode in entry 4734 of the bam file
2026-03-08 14:06:37,880 - WARNING - Not found cell and umi barcode in entry 4735 of the bam file
2026-03-08 14:06:37,880 - WARNING - Not found cell and umi barcode in entry 4736 of the bam file
2026-03-08 14:06:37,880 - WARNING - Not found cell and umi barcode in entry 4737 of the bam file
2026-03-08 14:06:37,880 - WARNING - Not found cell and umi barcode in entry 4738 of the bam file
2026-03-08 14:06:37,880 - WARNING - Not found cell and umi barcode in entry 4739 of the bam file
2026-03-08 14:06:37,880 - WARNING - Not found cell and umi barcode in entry 4740 of the bam file
2026-03-08 14:06:37,880 - WARNING - Not found cell and umi barcode in entry 4741 of the bam file
2026-03-08 14:06:37,880 - WARNING - Not found cell and umi barcode in entry 4742 of the bam file
2026-03-08 14:06:37,880 - WARNING - Not found cell and umi barcode in entry 4743 of the bam file
2026-03-08 14:06:37,880 - WARNING - Not found cell and umi barcode in entry 4744 of the bam file
2026-03-08 14:06:37,880 - WARNING - Not found cell and umi barcode in entry 4745 of the bam file
2026-03-08 14:06:37,880 - WARNING - Not found cell and umi barcode in entry 4746 of the bam file
2026-03-08 14:06:37,880 - WARNING - Not found cell and umi barcode in entry 4747 of the bam file
2026-03-08 14:06:37,880 - WARNING - Not found cell and umi barcode in entry 4748 of the bam file
2026-03-08 14:06:37,880 - WARNING - Not found cell and umi barcode in entry 4749 of the bam file
2026-03-08 14:06:37,880 - WARNING - Not found cell and umi barcode in entry 4750 of the bam file
2026-03-08 14:06:37,880 - WARNING - Not found cell and umi barcode in entry 4751 of the bam file
2026-03-08 14:06:37,880 - WARNING - Not found cell and umi barcode in entry 4752 of the bam file
2026-03-08 14:06:37,880 - WARNING - Not found cell and umi barcode in entry 4753 of the bam file
2026-03-08 14:06:37,880 - WARNING - Not found cell and umi barcode in entry 4754 of the bam file
2026-03-08 14:06:37,881 - WARNING - Not found cell and umi barcode in entry 4755 of the bam file
2026-03-08 14:06:37,881 - WARNING - Not found cell and umi barcode in entry 4756 of the bam file
2026-03-08 14:06:37,881 - WARNING - Not found cell and umi barcode in entry 4757 of the bam file
2026-03-08 14:06:37,881 - WARNING - Not found cell and umi barcode in entry 4758 of the bam file
2026-03-08 14:06:37,881 - WARNING - Not found cell and umi barcode in entry 4759 of the bam file
2026-03-08 14:06:37,881 - WARNING - Not found cell and umi barcode in entry 4760 of the bam file
2026-03-08 14:06:37,881 - WARNING - Not found cell and umi barcode in entry 4761 of the bam file
2026-03-08 14:06:37,881 - WARNING - Not found cell and umi barcode in entry 4762 of the bam file
2026-03-08 14:06:37,881 - WARNING - Not found cell and umi barcode in entry 4763 of the bam file
2026-03-08 14:06:37,881 - WARNING - Not found cell and umi barcode in entry 4764 of the bam file
2026-03-08 14:06:37,881 - WARNING - Not found cell and umi barcode in entry 4765 of the bam file
2026-03-08 14:06:37,881 - WARNING - Not found cell and umi barcode in entry 4766 of the bam file
2026-03-08 14:06:37,881 - WARNING - Not found cell and umi barcode in entry 4767 of the bam file
2026-03-08 14:06:37,881 - WARNING - Not found cell and umi barcode in entry 4768 of the bam file
2026-03-08 14:06:37,881 - WARNING - Not found cell and umi barcode in entry 4769 of the bam file
2026-03-08 14:06:37,881 - WARNING - Not found cell and umi barcode in entry 4770 of the bam file
2026-03-08 14:06:37,881 - WARNING - Not found cell and umi barcode in entry 4771 of the bam file
2026-03-08 14:06:37,881 - WARNING - Not found cell and umi barcode in entry 4772 of the bam file
2026-03-08 14:06:37,881 - WARNING - Not found cell and umi barcode in entry 4773 of the bam file
2026-03-08 14:06:37,881 - WARNING - Not found cell and umi barcode in entry 4774 of the bam file
2026-03-08 14:06:37,881 - WARNING - Not found cell and umi barcode in entry 4775 of the bam file
2026-03-08 14:06:37,881 - WARNING - Not found cell and umi barcode in entry 4776 of the bam file
2026-03-08 14:06:37,881 - WARNING - Not found cell and umi barcode in entry 4777 of the bam file
2026-03-08 14:06:37,881 - WARNING - Not found cell and umi barcode in entry 4778 of the bam file
2026-03-08 14:06:37,881 - WARNING - Not found cell and umi barcode in entry 4779 of the bam file
2026-03-08 14:06:37,881 - WARNING - Not found cell and umi barcode in entry 4780 of the bam file
2026-03-08 14:06:37,881 - WARNING - Not found cell and umi barcode in entry 4781 of the bam file
2026-03-08 14:06:37,881 - WARNING - Not found cell and umi barcode in entry 4782 of the bam file
2026-03-08 14:06:37,881 - WARNING - Not found cell and umi barcode in entry 4783 of the bam file
2026-03-08 14:06:37,881 - WARNING - Not found cell and umi barcode in entry 4784 of the bam file
2026-03-08 14:06:37,881 - WARNING - Not found cell and umi barcode in entry 4785 of the bam file
2026-03-08 14:06:37,881 - WARNING - Not found cell and umi barcode in entry 4786 of the bam file
2026-03-08 14:06:37,881 - WARNING - Not found cell and umi barcode in entry 4787 of the bam file
2026-03-08 14:06:37,881 - WARNING - Not found cell and umi barcode in entry 4788 of the bam file
2026-03-08 14:06:37,881 - WARNING - Not found cell and umi barcode in entry 4789 of the bam file
2026-03-08 14:06:37,881 - WARNING - Not found cell and umi barcode in entry 4790 of the bam file
2026-03-08 14:06:37,881 - WARNING - Not found cell and umi barcode in entry 4791 of the bam file
2026-03-08 14:06:37,881 - WARNING - Not found cell and umi barcode in entry 4792 of the bam file
2026-03-08 14:06:37,881 - WARNING - Not found cell and umi barcode in entry 4793 of the bam file
2026-03-08 14:06:37,881 - WARNING - Not found cell and umi barcode in entry 4794 of the bam file
2026-03-08 14:06:37,881 - WARNING - Not found cell and umi barcode in entry 4795 of the bam file
2026-03-08 14:06:37,881 - WARNING - Not found cell and umi barcode in entry 4796 of the bam file
2026-03-08 14:06:37,881 - WARNING - Not found cell and umi barcode in entry 4797 of the bam file
2026-03-08 14:06:37,881 - WARNING - Not found cell and umi barcode in entry 4798 of the bam file
2026-03-08 14:06:37,881 - WARNING - Not found cell and umi barcode in entry 4799 of the bam file
2026-03-08 14:06:37,881 - WARNING - Not found cell and umi barcode in entry 4800 of the bam file
2026-03-08 14:06:37,881 - WARNING - Not found cell and umi barcode in entry 4801 of the bam file
2026-03-08 14:06:37,881 - WARNING - Not found cell and umi barcode in entry 4802 of the bam file
2026-03-08 14:06:37,881 - WARNING - Not found cell and umi barcode in entry 4803 of the bam file
2026-03-08 14:06:37,881 - WARNING - Not found cell and umi barcode in entry 4804 of the bam file
2026-03-08 14:06:37,881 - WARNING - Not found cell and umi barcode in entry 4805 of the bam file
2026-03-08 14:06:37,882 - WARNING - Not found cell and umi barcode in entry 4806 of the bam file
2026-03-08 14:06:37,882 - WARNING - Not found cell and umi barcode in entry 4807 of the bam file
2026-03-08 14:06:37,882 - WARNING - Not found cell and umi barcode in entry 4808 of the bam file
2026-03-08 14:06:37,882 - WARNING - Not found cell and umi barcode in entry 4809 of the bam file
2026-03-08 14:06:37,882 - WARNING - Not found cell and umi barcode in entry 4810 of the bam file
2026-03-08 14:06:37,882 - WARNING - Not found cell and umi barcode in entry 4811 of the bam file
2026-03-08 14:06:37,882 - WARNING - Not found cell and umi barcode in entry 4812 of the bam file
2026-03-08 14:06:37,882 - WARNING - Not found cell and umi barcode in entry 4813 of the bam file
2026-03-08 14:06:37,882 - WARNING - Not found cell and umi barcode in entry 4814 of the bam file
2026-03-08 14:06:37,882 - WARNING - Not found cell and umi barcode in entry 4815 of the bam file
2026-03-08 14:06:37,882 - WARNING - Not found cell and umi barcode in entry 4816 of the bam file
2026-03-08 14:06:37,882 - WARNING - Not found cell and umi barcode in entry 4817 of the bam file
2026-03-08 14:06:37,882 - WARNING - Not found cell and umi barcode in entry 4818 of the bam file
2026-03-08 14:06:37,882 - WARNING - Not found cell and umi barcode in entry 4819 of the bam file
2026-03-08 14:06:37,882 - WARNING - Not found cell and umi barcode in entry 4820 of the bam file
2026-03-08 14:06:37,882 - WARNING - Not found cell and umi barcode in entry 4821 of the bam file
2026-03-08 14:06:37,882 - WARNING - Not found cell and umi barcode in entry 4822 of the bam file
2026-03-08 14:06:37,882 - WARNING - Not found cell and umi barcode in entry 4823 of the bam file
2026-03-08 14:06:37,882 - WARNING - Not found cell and umi barcode in entry 4824 of the bam file
2026-03-08 14:06:37,882 - WARNING - Not found cell and umi barcode in entry 4825 of the bam file
2026-03-08 14:06:37,882 - WARNING - Not found cell and umi barcode in entry 4826 of the bam file
2026-03-08 14:06:37,882 - WARNING - Not found cell and umi barcode in entry 4827 of the bam file
2026-03-08 14:06:37,882 - WARNING - Not found cell and umi barcode in entry 4828 of the bam file
2026-03-08 14:06:37,882 - WARNING - Not found cell and umi barcode in entry 4829 of the bam file
2026-03-08 14:06:37,882 - WARNING - Not found cell and umi barcode in entry 4830 of the bam file
2026-03-08 14:06:37,882 - WARNING - Not found cell and umi barcode in entry 4831 of the bam file
2026-03-08 14:06:37,882 - WARNING - Not found cell and umi barcode in entry 4832 of the bam file
2026-03-08 14:06:37,882 - WARNING - Not found cell and umi barcode in entry 4833 of the bam file
2026-03-08 14:06:37,882 - WARNING - Not found cell and umi barcode in entry 4834 of the bam file
2026-03-08 14:06:37,882 - WARNING - Not found cell and umi barcode in entry 4835 of the bam file
2026-03-08 14:06:37,882 - WARNING - Not found cell and umi barcode in entry 4836 of the bam file
2026-03-08 14:06:37,882 - WARNING - Not found cell and umi barcode in entry 4837 of the bam file
2026-03-08 14:06:37,882 - WARNING - Not found cell and umi barcode in entry 4838 of the bam file
2026-03-08 14:06:37,882 - WARNING - Not found cell and umi barcode in entry 4839 of the bam file
2026-03-08 14:06:37,882 - WARNING - Not found cell and umi barcode in entry 4840 of the bam file
2026-03-08 14:06:37,882 - WARNING - Not found cell and umi barcode in entry 4841 of the bam file
2026-03-08 14:06:37,882 - WARNING - Not found cell and umi barcode in entry 4842 of the bam file
2026-03-08 14:06:37,882 - WARNING - Not found cell and umi barcode in entry 4843 of the bam file
2026-03-08 14:06:37,882 - WARNING - Not found cell and umi barcode in entry 4844 of the bam file
2026-03-08 14:06:37,882 - WARNING - Not found cell and umi barcode in entry 4845 of the bam file
2026-03-08 14:06:37,882 - WARNING - Not found cell and umi barcode in entry 4846 of the bam file
2026-03-08 14:06:37,882 - WARNING - Not found cell and umi barcode in entry 4847 of the bam file
2026-03-08 14:06:37,882 - WARNING - Not found cell and umi barcode in entry 4848 of the bam file
2026-03-08 14:06:37,882 - WARNING - Not found cell and umi barcode in entry 4849 of the bam file
2026-03-08 14:06:37,882 - WARNING - Not found cell and umi barcode in entry 4850 of the bam file
2026-03-08 14:06:37,882 - WARNING - Not found cell and umi barcode in entry 4851 of the bam file
2026-03-08 14:06:37,882 - WARNING - Not found cell and umi barcode in entry 4852 of the bam file
2026-03-08 14:06:37,882 - WARNING - Not found cell and umi barcode in entry 4853 of the bam file
2026-03-08 14:06:37,882 - WARNING - Not found cell and umi barcode in entry 4854 of the bam file
2026-03-08 14:06:37,882 - WARNING - Not found cell and umi barcode in entry 4855 of the bam file
2026-03-08 14:06:37,883 - WARNING - Not found cell and umi barcode in entry 4856 of the bam file
2026-03-08 14:06:37,883 - WARNING - Not found cell and umi barcode in entry 4857 of the bam file
2026-03-08 14:06:37,883 - WARNING - Not found cell and umi barcode in entry 4858 of the bam file
2026-03-08 14:06:37,883 - WARNING - Not found cell and umi barcode in entry 4859 of the bam file
2026-03-08 14:06:37,883 - WARNING - Not found cell and umi barcode in entry 4860 of the bam file
2026-03-08 14:06:37,883 - WARNING - Not found cell and umi barcode in entry 4861 of the bam file
2026-03-08 14:06:37,883 - WARNING - Not found cell and umi barcode in entry 4862 of the bam file
2026-03-08 14:06:37,883 - WARNING - Not found cell and umi barcode in entry 4863 of the bam file
2026-03-08 14:06:37,883 - WARNING - Not found cell and umi barcode in entry 4864 of the bam file
2026-03-08 14:06:37,883 - WARNING - Not found cell and umi barcode in entry 4865 of the bam file
2026-03-08 14:06:37,883 - WARNING - Not found cell and umi barcode in entry 4866 of the bam file
2026-03-08 14:06:37,883 - WARNING - Not found cell and umi barcode in entry 4867 of the bam file
2026-03-08 14:06:37,883 - WARNING - Not found cell and umi barcode in entry 4868 of the bam file
2026-03-08 14:06:37,883 - WARNING - Not found cell and umi barcode in entry 4869 of the bam file
2026-03-08 14:06:37,883 - WARNING - Not found cell and umi barcode in entry 4870 of the bam file
2026-03-08 14:06:37,883 - WARNING - Not found cell and umi barcode in entry 4871 of the bam file
2026-03-08 14:06:37,883 - WARNING - Not found cell and umi barcode in entry 4872 of the bam file
2026-03-08 14:06:37,883 - WARNING - Not found cell and umi barcode in entry 4873 of the bam file
2026-03-08 14:06:37,883 - WARNING - Not found cell and umi barcode in entry 4874 of the bam file
2026-03-08 14:06:37,883 - WARNING - Not found cell and umi barcode in entry 4875 of the bam file
2026-03-08 14:06:37,883 - WARNING - Not found cell and umi barcode in entry 4876 of the bam file
2026-03-08 14:06:37,883 - WARNING - Not found cell and umi barcode in entry 4877 of the bam file
2026-03-08 14:06:37,883 - WARNING - Not found cell and umi barcode in entry 4878 of the bam file
2026-03-08 14:06:37,883 - WARNING - Not found cell and umi barcode in entry 4879 of the bam file
2026-03-08 14:06:37,883 - WARNING - Not found cell and umi barcode in entry 4880 of the bam file
2026-03-08 14:06:37,883 - WARNING - Not found cell and umi barcode in entry 4881 of the bam file
2026-03-08 14:06:37,883 - WARNING - Not found cell and umi barcode in entry 4882 of the bam file
2026-03-08 14:06:37,883 - WARNING - Not found cell and umi barcode in entry 4883 of the bam file
2026-03-08 14:06:37,883 - WARNING - Not found cell and umi barcode in entry 4884 of the bam file
2026-03-08 14:06:37,883 - WARNING - Not found cell and umi barcode in entry 4885 of the bam file
2026-03-08 14:06:37,883 - WARNING - Not found cell and umi barcode in entry 4886 of the bam file
2026-03-08 14:06:37,883 - WARNING - Not found cell and umi barcode in entry 4887 of the bam file
2026-03-08 14:06:37,883 - WARNING - Not found cell and umi barcode in entry 4888 of the bam file
2026-03-08 14:06:37,883 - WARNING - Not found cell and umi barcode in entry 4889 of the bam file
2026-03-08 14:06:37,883 - WARNING - Not found cell and umi barcode in entry 4890 of the bam file
2026-03-08 14:06:37,883 - WARNING - Not found cell and umi barcode in entry 4891 of the bam file
2026-03-08 14:06:37,883 - WARNING - Not found cell and umi barcode in entry 4892 of the bam file
2026-03-08 14:06:37,883 - WARNING - Not found cell and umi barcode in entry 4893 of the bam file
2026-03-08 14:06:37,883 - WARNING - Not found cell and umi barcode in entry 4894 of the bam file
2026-03-08 14:06:37,883 - WARNING - Not found cell and umi barcode in entry 4895 of the bam file
2026-03-08 14:06:37,883 - WARNING - Not found cell and umi barcode in entry 4896 of the bam file
2026-03-08 14:06:37,883 - WARNING - Not found cell and umi barcode in entry 4897 of the bam file
2026-03-08 14:06:37,883 - WARNING - Not found cell and umi barcode in entry 4898 of the bam file
2026-03-08 14:06:37,883 - WARNING - Not found cell and umi barcode in entry 4899 of the bam file
2026-03-08 14:06:37,883 - WARNING - Not found cell and umi barcode in entry 4900 of the bam file
2026-03-08 14:06:37,883 - WARNING - Not found cell and umi barcode in entry 4901 of the bam file
2026-03-08 14:06:37,884 - WARNING - Not found cell and umi barcode in entry 4902 of the bam file
2026-03-08 14:06:37,884 - WARNING - Not found cell and umi barcode in entry 4903 of the bam file
2026-03-08 14:06:37,884 - WARNING - Not found cell and umi barcode in entry 4904 of the bam file
2026-03-08 14:06:37,884 - WARNING - Not found cell and umi barcode in entry 4905 of the bam file
2026-03-08 14:06:37,884 - WARNING - Not found cell and umi barcode in entry 4906 of the bam file
2026-03-08 14:06:37,884 - WARNING - Not found cell and umi barcode in entry 4907 of the bam file
2026-03-08 14:06:37,884 - WARNING - Not found cell and umi barcode in entry 4908 of the bam file
2026-03-08 14:06:37,884 - WARNING - Not found cell and umi barcode in entry 4909 of the bam file
2026-03-08 14:06:37,884 - WARNING - Not found cell and umi barcode in entry 4910 of the bam file
2026-03-08 14:06:37,884 - WARNING - Not found cell and umi barcode in entry 4911 of the bam file
2026-03-08 14:06:37,884 - WARNING - Not found cell and umi barcode in entry 4912 of the bam file
2026-03-08 14:06:37,884 - WARNING - Not found cell and umi barcode in entry 4913 of the bam file
2026-03-08 14:06:37,884 - WARNING - Not found cell and umi barcode in entry 4914 of the bam file
2026-03-08 14:06:37,884 - WARNING - Not found cell and umi barcode in entry 4915 of the bam file
2026-03-08 14:06:37,884 - WARNING - Not found cell and umi barcode in entry 4916 of the bam file
2026-03-08 14:06:37,884 - WARNING - Not found cell and umi barcode in entry 4917 of the bam file
2026-03-08 14:06:37,884 - WARNING - Not found cell and umi barcode in entry 4918 of the bam file
2026-03-08 14:06:37,884 - WARNING - Not found cell and umi barcode in entry 4919 of the bam file
2026-03-08 14:06:37,884 - WARNING - Not found cell and umi barcode in entry 4920 of the bam file
2026-03-08 14:06:37,884 - WARNING - Not found cell and umi barcode in entry 4921 of the bam file
2026-03-08 14:06:37,884 - WARNING - Not found cell and umi barcode in entry 4922 of the bam file
2026-03-08 14:06:37,884 - WARNING - Not found cell and umi barcode in entry 4923 of the bam file
2026-03-08 14:06:37,884 - WARNING - Not found cell and umi barcode in entry 4924 of the bam file
2026-03-08 14:06:37,884 - WARNING - Not found cell and umi barcode in entry 4925 of the bam file
2026-03-08 14:06:37,884 - WARNING - Not found cell and umi barcode in entry 4926 of the bam file
2026-03-08 14:06:37,884 - WARNING - Not found cell and umi barcode in entry 4927 of the bam file
2026-03-08 14:06:37,884 - WARNING - Not found cell and umi barcode in entry 4928 of the bam file
2026-03-08 14:06:37,884 - WARNING - Not found cell and umi barcode in entry 4929 of the bam file
2026-03-08 14:06:37,884 - WARNING - Not found cell and umi barcode in entry 4930 of the bam file
2026-03-08 14:06:37,884 - WARNING - Not found cell and umi barcode in entry 4931 of the bam file
2026-03-08 14:06:37,884 - WARNING - Not found cell and umi barcode in entry 4932 of the bam file
2026-03-08 14:06:37,884 - WARNING - Not found cell and umi barcode in entry 4933 of the bam file
2026-03-08 14:06:37,884 - WARNING - Not found cell and umi barcode in entry 4934 of the bam file
2026-03-08 14:06:37,884 - WARNING - Not found cell and umi barcode in entry 4935 of the bam file
2026-03-08 14:06:37,884 - WARNING - Not found cell and umi barcode in entry 4936 of the bam file
2026-03-08 14:06:37,884 - WARNING - Not found cell and umi barcode in entry 4937 of the bam file
2026-03-08 14:06:37,884 - WARNING - Not found cell and umi barcode in entry 4938 of the bam file
2026-03-08 14:06:37,884 - WARNING - Not found cell and umi barcode in entry 4939 of the bam file
2026-03-08 14:06:37,884 - WARNING - Not found cell and umi barcode in entry 4940 of the bam file
2026-03-08 14:06:37,884 - WARNING - Not found cell and umi barcode in entry 4941 of the bam file
2026-03-08 14:06:37,884 - WARNING - Not found cell and umi barcode in entry 4942 of the bam file
2026-03-08 14:06:37,884 - WARNING - Not found cell and umi barcode in entry 4943 of the bam file
2026-03-08 14:06:37,884 - WARNING - Not found cell and umi barcode in entry 4944 of the bam file
2026-03-08 14:06:37,884 - WARNING - Not found cell and umi barcode in entry 4945 of the bam file
2026-03-08 14:06:37,884 - WARNING - Not found cell and umi barcode in entry 4946 of the bam file
2026-03-08 14:06:37,884 - WARNING - Not found cell and umi barcode in entry 4947 of the bam file
2026-03-08 14:06:37,884 - WARNING - Not found cell and umi barcode in entry 4948 of the bam file
2026-03-08 14:06:37,884 - WARNING - Not found cell and umi barcode in entry 4949 of the bam file
2026-03-08 14:06:37,884 - WARNING - Not found cell and umi barcode in entry 4950 of the bam file
2026-03-08 14:06:37,884 - WARNING - Not found cell and umi barcode in entry 4951 of the bam file
2026-03-08 14:06:37,884 - WARNING - Not found cell and umi barcode in entry 4952 of the bam file
2026-03-08 14:06:37,885 - WARNING - Not found cell and umi barcode in entry 4953 of the bam file
2026-03-08 14:06:37,885 - WARNING - Not found cell and umi barcode in entry 4954 of the bam file
2026-03-08 14:06:37,885 - WARNING - Not found cell and umi barcode in entry 4955 of the bam file
2026-03-08 14:06:37,885 - WARNING - Not found cell and umi barcode in entry 4956 of the bam file
2026-03-08 14:06:37,885 - WARNING - Not found cell and umi barcode in entry 4957 of the bam file
2026-03-08 14:06:37,885 - WARNING - Not found cell and umi barcode in entry 4958 of the bam file
2026-03-08 14:06:37,885 - WARNING - Not found cell and umi barcode in entry 4959 of the bam file
2026-03-08 14:06:37,885 - WARNING - Not found cell and umi barcode in entry 4960 of the bam file
2026-03-08 14:06:37,885 - WARNING - Not found cell and umi barcode in entry 4961 of the bam file
2026-03-08 14:06:37,885 - WARNING - Not found cell and umi barcode in entry 4962 of the bam file
2026-03-08 14:06:37,885 - WARNING - Not found cell and umi barcode in entry 4963 of the bam file
2026-03-08 14:06:37,885 - WARNING - Not found cell and umi barcode in entry 4964 of the bam file
2026-03-08 14:06:37,885 - WARNING - Not found cell and umi barcode in entry 4965 of the bam file
2026-03-08 14:06:37,885 - WARNING - Not found cell and umi barcode in entry 4966 of the bam file
2026-03-08 14:06:37,885 - WARNING - Not found cell and umi barcode in entry 4967 of the bam file
2026-03-08 14:06:37,885 - WARNING - Not found cell and umi barcode in entry 4968 of the bam file
2026-03-08 14:06:37,885 - WARNING - Not found cell and umi barcode in entry 4969 of the bam file
2026-03-08 14:06:37,885 - WARNING - Not found cell and umi barcode in entry 4970 of the bam file
2026-03-08 14:06:37,885 - WARNING - Not found cell and umi barcode in entry 4971 of the bam file
2026-03-08 14:06:37,885 - WARNING - Not found cell and umi barcode in entry 4972 of the bam file
2026-03-08 14:06:37,885 - WARNING - Not found cell and umi barcode in entry 4973 of the bam file
2026-03-08 14:06:37,885 - WARNING - Not found cell and umi barcode in entry 4974 of the bam file
2026-03-08 14:06:37,885 - WARNING - Not found cell and umi barcode in entry 4975 of the bam file
2026-03-08 14:06:37,885 - WARNING - Not found cell and umi barcode in entry 4976 of the bam file
2026-03-08 14:06:37,885 - WARNING - Not found cell and umi barcode in entry 4977 of the bam file
2026-03-08 14:06:37,885 - WARNING - Not found cell and umi barcode in entry 4978 of the bam file
2026-03-08 14:06:37,885 - WARNING - Not found cell and umi barcode in entry 4979 of the bam file
2026-03-08 14:06:37,885 - WARNING - Not found cell and umi barcode in entry 4980 of the bam file
2026-03-08 14:06:37,885 - WARNING - Not found cell and umi barcode in entry 4981 of the bam file
2026-03-08 14:06:37,885 - WARNING - Not found cell and umi barcode in entry 4982 of the bam file
2026-03-08 14:06:37,885 - WARNING - Not found cell and umi barcode in entry 4983 of the bam file
2026-03-08 14:06:37,885 - WARNING - Not found cell and umi barcode in entry 4984 of the bam file
2026-03-08 14:06:37,885 - WARNING - Not found cell and umi barcode in entry 4985 of the bam file
2026-03-08 14:06:37,885 - WARNING - Not found cell and umi barcode in entry 4986 of the bam file
2026-03-08 14:06:37,885 - WARNING - Not found cell and umi barcode in entry 4987 of the bam file
2026-03-08 14:06:37,885 - WARNING - Not found cell and umi barcode in entry 4988 of the bam file
2026-03-08 14:06:37,885 - WARNING - Not found cell and umi barcode in entry 4989 of the bam file
2026-03-08 14:06:37,885 - WARNING - Not found cell and umi barcode in entry 4990 of the bam file
2026-03-08 14:06:37,885 - WARNING - Not found cell and umi barcode in entry 4991 of the bam file
2026-03-08 14:06:37,885 - WARNING - Not found cell and umi barcode in entry 4992 of the bam file
2026-03-08 14:06:37,885 - WARNING - Not found cell and umi barcode in entry 4993 of the bam file
2026-03-08 14:06:37,885 - WARNING - Not found cell and umi barcode in entry 4994 of the bam file
2026-03-08 14:06:37,885 - WARNING - Not found cell and umi barcode in entry 4995 of the bam file
2026-03-08 14:06:37,885 - WARNING - Not found cell and umi barcode in entry 4996 of the bam file
2026-03-08 14:06:37,885 - WARNING - Not found cell and umi barcode in entry 4997 of the bam file
2026-03-08 14:06:37,885 - WARNING - Not found cell and umi barcode in entry 4998 of the bam file
2026-03-08 14:06:37,885 - WARNING - Not found cell and umi barcode in entry 4999 of the bam file
2026-03-08 14:06:37,885 - WARNING - Not found cell and umi barcode in entry 5000 of the bam file
Velocyto FAILED at Sun Mar  8 14:06:38 CST 2026.
