Starting Velocyto on 211k validated tissue beads at Sun Mar  8 17:21:42 CST 2026
2026-03-08 17:22:10,582 - INFO - No SAMPLEID specified, the sample will be called final_converted_sorted_U7NIG (last 5 digits are a random-id to avoid overwriting some other file by mistake)
2026-03-08 17:22:10,583 - DEBUG - Using logic: Default
2026-03-08 17:22:10,747 - INFO - Read 211361 cell barcodes from /home/qukungroup/odorn/spatial_mechanistic_model/data/processed/velocyto_whitelist_211k.txt
2026-03-08 17:22:10,748 - DEBUG - Example of barcode: AAAATGACCGCTGTCCCTGTTGTAC and cell_id: final_converted_sorted_U7NIG:AAAATGACCGCTGTCCCTGTTGTAC
2026-03-08 17:22:10,770 - DEBUG - Peeking into /home/qukungroup/odorn/spatial_mechanistic_model/data/raw/openst_data/spacemake/projects/openst_demo/processed_data/openst_demo_e13_mouse_head/illumina/complete_data/final_converted_sorted.bam
2026-03-08 17:22:10,904 - WARNING - The file /home/qukungroup/odorn/spatial_mechanistic_model/data/raw/openst_data/spacemake/projects/openst_demo/processed_data/openst_demo_e13_mouse_head/illumina/complete_data/cellsorted_final_converted_sorted.bam already exists. The sorting step will be skipped and the existing file will be used.
2026-03-08 17:22:10,904 - INFO - Load the annotation from /home/qukungroup/odorn/spatial_mechanistic_model/data/raw/openst_data/gencodevM30.annotation.gtf
2026-03-08 17:22:17,145 - DEBUG - Parsing Chromosome 1 strand - [line 0]
2026-03-08 17:22:17,445 - DEBUG - Done with 1- [line 60047]
2026-03-08 17:22:17,445 - DEBUG - Assigning indexes to genes
2026-03-08 17:22:17,451 - DEBUG - Seen 1738 genes until now
2026-03-08 17:22:17,451 - DEBUG - Parsing Chromosome 1 strand + [line 60048]
2026-03-08 17:22:17,594 - DEBUG - Done with 1+ [line 119931]
2026-03-08 17:22:17,594 - DEBUG - Assigning indexes to genes
2026-03-08 17:22:17,599 - DEBUG - Seen 3538 genes until now
2026-03-08 17:22:17,599 - DEBUG - Parsing Chromosome 10 strand - [line 119932]
2026-03-08 17:22:17,847 - DEBUG - Done with 10- [line 162536]
2026-03-08 17:22:17,847 - DEBUG - Assigning indexes to genes
2026-03-08 17:22:17,851 - DEBUG - Seen 4835 genes until now
2026-03-08 17:22:17,851 - DEBUG - Parsing Chromosome 10 strand + [line 162537]
2026-03-08 17:22:17,960 - DEBUG - Done with 10+ [line 208516]
2026-03-08 17:22:17,960 - DEBUG - Assigning indexes to genes
2026-03-08 17:22:17,964 - DEBUG - Seen 6224 genes until now
2026-03-08 17:22:17,964 - DEBUG - Parsing Chromosome 11 strand - [line 208517]
2026-03-08 17:22:18,292 - DEBUG - Done with 11- [line 274083]
2026-03-08 17:22:18,293 - DEBUG - Assigning indexes to genes
2026-03-08 17:22:18,299 - DEBUG - Seen 7827 genes until now
2026-03-08 17:22:18,299 - DEBUG - Parsing Chromosome 11 strand + [line 274084]
2026-03-08 17:22:18,458 - DEBUG - Done with 11+ [line 339800]
2026-03-08 17:22:18,458 - DEBUG - Assigning indexes to genes
2026-03-08 17:22:18,463 - DEBUG - Seen 9341 genes until now
2026-03-08 17:22:18,464 - DEBUG - Parsing Chromosome 12 strand - [line 339801]
2026-03-08 17:22:18,729 - DEBUG - Done with 12- [line 368150]
2026-03-08 17:22:18,729 - DEBUG - Assigning indexes to genes
2026-03-08 17:22:18,732 - DEBUG - Seen 10686 genes until now
2026-03-08 17:22:18,732 - DEBUG - Parsing Chromosome 12 strand + [line 368151]
2026-03-08 17:22:18,825 - DEBUG - Done with 12+ [line 406090]
2026-03-08 17:22:18,825 - DEBUG - Assigning indexes to genes
2026-03-08 17:22:18,829 - DEBUG - Seen 11883 genes until now
2026-03-08 17:22:18,829 - DEBUG - Parsing Chromosome 13 strand - [line 406091]
2026-03-08 17:22:18,923 - DEBUG - Done with 13- [line 443954]
2026-03-08 17:22:18,923 - DEBUG - Assigning indexes to genes
2026-03-08 17:22:18,926 - DEBUG - Seen 13170 genes until now
2026-03-08 17:22:18,926 - DEBUG - Parsing Chromosome 13 strand + [line 443955]
2026-03-08 17:22:18,996 - DEBUG - Done with 13+ [line 473887]
2026-03-08 17:22:18,996 - DEBUG - Assigning indexes to genes
2026-03-08 17:22:18,999 - DEBUG - Seen 14432 genes until now
2026-03-08 17:22:19,001 - DEBUG - Parsing Chromosome 14 strand - [line 473888]
2026-03-08 17:22:19,339 - DEBUG - Done with 14- [line 513873]
2026-03-08 17:22:19,339 - DEBUG - Assigning indexes to genes
2026-03-08 17:22:19,342 - DEBUG - Seen 15637 genes until now
2026-03-08 17:22:19,342 - DEBUG - Parsing Chromosome 14 strand + [line 513874]
2026-03-08 17:22:19,424 - DEBUG - Done with 14+ [line 548136]
2026-03-08 17:22:19,424 - DEBUG - Assigning indexes to genes
2026-03-08 17:22:19,428 - DEBUG - Seen 16979 genes until now
2026-03-08 17:22:19,428 - DEBUG - Parsing Chromosome 15 strand - [line 548137]
2026-03-08 17:22:19,527 - DEBUG - Done with 15- [line 586951]
2026-03-08 17:22:19,528 - DEBUG - Assigning indexes to genes
2026-03-08 17:22:19,531 - DEBUG - Seen 17947 genes until now
2026-03-08 17:22:19,531 - DEBUG - Parsing Chromosome 15 strand + [line 586952]
2026-03-08 17:22:19,612 - DEBUG - Done with 15+ [line 620953]
2026-03-08 17:22:19,612 - DEBUG - Assigning indexes to genes
2026-03-08 17:22:19,615 - DEBUG - Seen 18898 genes until now
2026-03-08 17:22:19,615 - DEBUG - Parsing Chromosome 16 strand - [line 620954]
2026-03-08 17:22:19,683 - DEBUG - Done with 16- [line 650045]
2026-03-08 17:22:19,683 - DEBUG - Assigning indexes to genes
2026-03-08 17:22:19,686 - DEBUG - Seen 19712 genes until now
2026-03-08 17:22:19,686 - DEBUG - Parsing Chromosome 16 strand + [line 650046]
2026-03-08 17:22:19,762 - DEBUG - Done with 16+ [line 682928]
2026-03-08 17:22:19,762 - DEBUG - Assigning indexes to genes
2026-03-08 17:22:19,765 - DEBUG - Seen 20545 genes until now
2026-03-08 17:22:19,765 - DEBUG - Parsing Chromosome 17 strand - [line 682929]
2026-03-08 17:22:20,210 - DEBUG - Done with 17- [line 730061]
2026-03-08 17:22:20,210 - DEBUG - Assigning indexes to genes
2026-03-08 17:22:20,215 - DEBUG - Seen 21758 genes until now
2026-03-08 17:22:20,215 - DEBUG - Parsing Chromosome 17 strand + [line 730062]
2026-03-08 17:22:20,331 - DEBUG - Done with 17+ [line 780128]
2026-03-08 17:22:20,331 - DEBUG - Assigning indexes to genes
2026-03-08 17:22:20,337 - DEBUG - Seen 22930 genes until now
2026-03-08 17:22:20,337 - DEBUG - Parsing Chromosome 18 strand - [line 780129]
2026-03-08 17:22:20,385 - DEBUG - Done with 18- [line 800114]
2026-03-08 17:22:20,385 - DEBUG - Assigning indexes to genes
2026-03-08 17:22:20,387 - DEBUG - Seen 23582 genes until now
2026-03-08 17:22:20,387 - DEBUG - Parsing Chromosome 18 strand + [line 800115]
2026-03-08 17:22:20,451 - DEBUG - Done with 18+ [line 827661]
2026-03-08 17:22:20,451 - DEBUG - Assigning indexes to genes
2026-03-08 17:22:20,453 - DEBUG - Seen 24358 genes until now
2026-03-08 17:22:20,453 - DEBUG - Parsing Chromosome 19 strand - [line 827662]
2026-03-08 17:22:20,532 - DEBUG - Done with 19- [line 861281]
2026-03-08 17:22:20,532 - DEBUG - Assigning indexes to genes
2026-03-08 17:22:20,535 - DEBUG - Seen 25072 genes until now
2026-03-08 17:22:20,535 - DEBUG - Parsing Chromosome 19 strand + [line 861282]
2026-03-08 17:22:20,604 - DEBUG - Done with 19+ [line 890963]
2026-03-08 17:22:20,605 - DEBUG - Assigning indexes to genes
2026-03-08 17:22:20,607 - DEBUG - Seen 25810 genes until now
2026-03-08 17:22:20,607 - DEBUG - Parsing Chromosome 2 strand - [line 890964]
2026-03-08 17:22:21,143 - DEBUG - Done with 2- [line 972611]
2026-03-08 17:22:21,144 - DEBUG - Assigning indexes to genes
2026-03-08 17:22:21,150 - DEBUG - Seen 27678 genes until now
2026-03-08 17:22:21,150 - DEBUG - Parsing Chromosome 2 strand + [line 972612]
2026-03-08 17:22:21,327 - DEBUG - Done with 2+ [line 1048629]
2026-03-08 17:22:21,328 - DEBUG - Assigning indexes to genes
2026-03-08 17:22:21,334 - DEBUG - Seen 29698 genes until now
2026-03-08 17:22:21,334 - DEBUG - Parsing Chromosome 3 strand - [line 1048630]
2026-03-08 17:22:21,433 - DEBUG - Done with 3- [line 1091071]
2026-03-08 17:22:21,433 - DEBUG - Assigning indexes to genes
2026-03-08 17:22:21,437 - DEBUG - Seen 31189 genes until now
2026-03-08 17:22:21,437 - DEBUG - Parsing Chromosome 3 strand + [line 1091072]
2026-03-08 17:22:21,548 - DEBUG - Done with 3+ [line 1137650]
2026-03-08 17:22:21,548 - DEBUG - Assigning indexes to genes
2026-03-08 17:22:21,553 - DEBUG - Seen 32645 genes until now
2026-03-08 17:22:21,553 - DEBUG - Parsing Chromosome 4 strand - [line 1137651]
2026-03-08 17:22:21,679 - DEBUG - Done with 4- [line 1192335]
2026-03-08 17:22:21,679 - DEBUG - Assigning indexes to genes
2026-03-08 17:22:21,684 - DEBUG - Seen 34077 genes until now
2026-03-08 17:22:21,684 - DEBUG - Parsing Chromosome 4 strand + [line 1192336]
2026-03-08 17:22:22,222 - DEBUG - Done with 4+ [line 1245424]
2026-03-08 17:22:22,223 - DEBUG - Assigning indexes to genes
2026-03-08 17:22:22,228 - DEBUG - Seen 35590 genes until now
2026-03-08 17:22:22,228 - DEBUG - Parsing Chromosome 5 strand - [line 1245425]
2026-03-08 17:22:22,375 - DEBUG - Done with 5- [line 1307066]
2026-03-08 17:22:22,376 - DEBUG - Assigning indexes to genes
2026-03-08 17:22:22,381 - DEBUG - Seen 37221 genes until now
2026-03-08 17:22:22,381 - DEBUG - Parsing Chromosome 5 strand + [line 1307067]
2026-03-08 17:22:22,528 - DEBUG - Done with 5+ [line 1369586]
2026-03-08 17:22:22,528 - DEBUG - Assigning indexes to genes
2026-03-08 17:22:22,534 - DEBUG - Seen 38932 genes until now
2026-03-08 17:22:22,534 - DEBUG - Parsing Chromosome 6 strand - [line 1369587]
2026-03-08 17:22:22,646 - DEBUG - Done with 6- [line 1418217]
2026-03-08 17:22:22,646 - DEBUG - Assigning indexes to genes
2026-03-08 17:22:22,651 - DEBUG - Seen 40491 genes until now
2026-03-08 17:22:22,651 - DEBUG - Parsing Chromosome 6 strand + [line 1418218]
2026-03-08 17:22:22,772 - DEBUG - Done with 6+ [line 1470463]
2026-03-08 17:22:22,773 - DEBUG - Assigning indexes to genes
2026-03-08 17:22:22,778 - DEBUG - Seen 42124 genes until now
2026-03-08 17:22:22,778 - DEBUG - Parsing Chromosome 7 strand - [line 1470464]
2026-03-08 17:22:22,957 - DEBUG - Done with 7- [line 1549593]
2026-03-08 17:22:22,958 - DEBUG - Assigning indexes to genes
2026-03-08 17:22:22,968 - DEBUG - Seen 44687 genes until now
2026-03-08 17:22:22,968 - DEBUG - Parsing Chromosome 7 strand + [line 1549594]
2026-03-08 17:22:23,702 - DEBUG - Done with 7+ [line 1625946]
2026-03-08 17:22:23,703 - DEBUG - Assigning indexes to genes
2026-03-08 17:22:23,710 - DEBUG - Seen 46910 genes until now
2026-03-08 17:22:23,710 - DEBUG - Parsing Chromosome 8 strand - [line 1625947]
2026-03-08 17:22:23,802 - DEBUG - Done with 8- [line 1664849]
2026-03-08 17:22:23,803 - DEBUG - Assigning indexes to genes
2026-03-08 17:22:23,806 - DEBUG - Seen 48182 genes until now
2026-03-08 17:22:23,806 - DEBUG - Parsing Chromosome 8 strand + [line 1664850]
2026-03-08 17:22:23,922 - DEBUG - Done with 8+ [line 1714916]
2026-03-08 17:22:23,922 - DEBUG - Assigning indexes to genes
2026-03-08 17:22:23,926 - DEBUG - Seen 49530 genes until now
2026-03-08 17:22:23,927 - DEBUG - Parsing Chromosome 9 strand - [line 1714917]
2026-03-08 17:22:24,053 - DEBUG - Done with 9- [line 1769147]
2026-03-08 17:22:24,053 - DEBUG - Assigning indexes to genes
2026-03-08 17:22:24,058 - DEBUG - Seen 50929 genes until now
2026-03-08 17:22:24,058 - DEBUG - Parsing Chromosome 9 strand + [line 1769148]
2026-03-08 17:22:24,191 - DEBUG - Done with 9+ [line 1825680]
2026-03-08 17:22:24,191 - DEBUG - Assigning indexes to genes
2026-03-08 17:22:24,197 - DEBUG - Seen 52442 genes until now
2026-03-08 17:22:24,197 - DEBUG - Parsing Chromosome M strand - [line 1825681]
2026-03-08 17:22:24,197 - DEBUG - Done with M- [line 1825711]
2026-03-08 17:22:24,197 - DEBUG - Assigning indexes to genes
2026-03-08 17:22:24,197 - DEBUG - Seen 52451 genes until now
2026-03-08 17:22:24,197 - DEBUG - Parsing Chromosome M strand + [line 1825712]
2026-03-08 17:22:24,197 - DEBUG - Done with M+ [line 1825833]
2026-03-08 17:22:24,197 - DEBUG - Assigning indexes to genes
2026-03-08 17:22:24,197 - DEBUG - Seen 52479 genes until now
2026-03-08 17:22:24,197 - DEBUG - Parsing Chromosome X strand - [line 1825834]
2026-03-08 17:22:24,267 - DEBUG - Done with X- [line 1856823]
2026-03-08 17:22:24,267 - DEBUG - Assigning indexes to genes
2026-03-08 17:22:24,270 - DEBUG - Seen 53755 genes until now
2026-03-08 17:22:24,270 - DEBUG - Parsing Chromosome X strand + [line 1856824]
2026-03-08 17:22:24,349 - DEBUG - Done with X+ [line 1891081]
2026-03-08 17:22:24,349 - DEBUG - Assigning indexes to genes
2026-03-08 17:22:24,352 - DEBUG - Seen 55122 genes until now
2026-03-08 17:22:24,352 - DEBUG - Parsing Chromosome Y strand - [line 1891082]
2026-03-08 17:22:24,371 - DEBUG - Done with Y- [line 1898237]
2026-03-08 17:22:24,371 - DEBUG - Assigning indexes to genes
2026-03-08 17:22:24,372 - DEBUG - Seen 56004 genes until now
2026-03-08 17:22:24,372 - DEBUG - Parsing Chromosome Y strand + [line 1898238]
2026-03-08 17:22:24,388 - DEBUG - Assigning indexes to genes
2026-03-08 17:22:24,390 - DEBUG - Done with Y+ [line 1904774]
2026-03-08 17:22:24,390 - DEBUG - Fixing corner cases of transcript models containg intron longer than 1000Kbp
2026-03-08 17:22:25,385 - DEBUG - Generated 1588289 features corresponding to 149419 transcript models from /home/qukungroup/odorn/spatial_mechanistic_model/data/raw/openst_data/gencodevM30.annotation.gtf
2026-03-08 17:22:25,394 - INFO - Scan /home/qukungroup/odorn/spatial_mechanistic_model/data/raw/openst_data/spacemake/projects/openst_demo/processed_data/openst_demo_e13_mouse_head/illumina/complete_data/final_converted_sorted.bam to validate intron intervals
2026-03-08 17:22:26,817 - DEBUG - Reading /home/qukungroup/odorn/spatial_mechanistic_model/data/raw/openst_data/spacemake/projects/openst_demo/processed_data/openst_demo_e13_mouse_head/illumina/complete_data/final_converted_sorted.bam
2026-03-08 17:22:26,833 - DEBUG - Read first 0 million reads
2026-03-08 17:22:26,834 - DEBUG - Marking up chromosome 1
2026-03-08 17:22:43,704 - DEBUG - Read first 10 million reads
2026-03-08 17:23:00,617 - DEBUG - Read first 20 million reads
2026-03-08 17:23:27,201 - DEBUG - Read first 30 million reads
2026-03-08 17:23:48,137 - DEBUG - Marking up chromosome 2
2026-03-08 17:23:53,787 - DEBUG - Read first 40 million reads
2026-03-08 17:24:19,790 - DEBUG - Read first 50 million reads
2026-03-08 17:24:48,265 - DEBUG - Read first 60 million reads
2026-03-08 17:24:55,166 - DEBUG - Marking up chromosome 3
2026-03-08 17:25:14,519 - DEBUG - Read first 70 million reads
2026-03-08 17:25:41,534 - DEBUG - Read first 80 million reads
2026-03-08 17:25:42,897 - DEBUG - Marking up chromosome 4
2026-03-08 17:26:07,392 - DEBUG - Read first 90 million reads
2026-03-08 17:26:35,404 - DEBUG - Read first 100 million reads
2026-03-08 17:26:43,621 - DEBUG - Marking up chromosome 5
2026-03-08 17:27:00,387 - DEBUG - Read first 110 million reads
2026-03-08 17:27:27,217 - DEBUG - Read first 120 million reads
2026-03-08 17:27:42,783 - DEBUG - Marking up chromosome 6
2026-03-08 17:27:55,992 - DEBUG - Read first 130 million reads
2026-03-08 17:28:20,378 - DEBUG - Read first 140 million reads
2026-03-08 17:28:30,927 - DEBUG - Marking up chromosome 7
2026-03-08 17:28:47,776 - DEBUG - Read first 150 million reads
2026-03-08 17:29:15,393 - DEBUG - Read first 160 million reads
2026-03-08 17:29:43,419 - DEBUG - Read first 170 million reads
2026-03-08 17:29:55,800 - DEBUG - Marking up chromosome 8
2026-03-08 17:30:10,641 - DEBUG - Read first 180 million reads
2026-03-08 17:30:36,384 - DEBUG - Read first 190 million reads
2026-03-08 17:30:36,861 - DEBUG - Marking up chromosome 9
2026-03-08 17:30:58,720 - DEBUG - Read first 200 million reads
2026-03-08 17:31:26,127 - DEBUG - Read first 210 million reads
2026-03-08 17:31:40,628 - DEBUG - Marking up chromosome 10
2026-03-08 17:31:55,099 - DEBUG - Read first 220 million reads
2026-03-08 17:32:25,107 - DEBUG - Read first 230 million reads
2026-03-08 17:32:32,676 - DEBUG - Marking up chromosome 11
2026-03-08 17:32:50,433 - DEBUG - Read first 240 million reads
2026-03-08 17:33:19,295 - DEBUG - Read first 250 million reads
2026-03-08 17:33:48,762 - DEBUG - Read first 260 million reads
2026-03-08 17:33:56,214 - DEBUG - Marking up chromosome 12
2026-03-08 17:34:14,362 - DEBUG - Read first 270 million reads
2026-03-08 17:34:30,800 - DEBUG - Marking up chromosome 13
2026-03-08 17:34:40,337 - DEBUG - Read first 280 million reads
2026-03-08 17:35:05,570 - DEBUG - Read first 290 million reads
2026-03-08 17:35:07,749 - DEBUG - Marking up chromosome 14
2026-03-08 17:35:31,370 - DEBUG - Read first 300 million reads
2026-03-08 17:35:43,404 - DEBUG - Marking up chromosome 15
2026-03-08 17:35:57,131 - DEBUG - Read first 310 million reads
2026-03-08 17:36:24,506 - DEBUG - Read first 320 million reads
2026-03-08 17:36:27,445 - DEBUG - Marking up chromosome 16
2026-03-08 17:36:50,257 - DEBUG - Read first 330 million reads
2026-03-08 17:36:54,408 - DEBUG - Marking up chromosome 17
2026-03-08 17:37:15,794 - DEBUG - Read first 340 million reads
2026-03-08 17:37:36,698 - DEBUG - Marking up chromosome 18
2026-03-08 17:37:44,708 - DEBUG - Read first 350 million reads
2026-03-08 17:38:07,025 - DEBUG - Marking up chromosome 19
2026-03-08 17:38:14,215 - DEBUG - Read first 360 million reads
2026-03-08 17:38:36,238 - DEBUG - Marking up chromosome X
2026-03-08 17:38:39,909 - DEBUG - Read first 370 million reads
2026-03-08 17:39:04,505 - DEBUG - Read first 380 million reads
2026-03-08 17:39:16,819 - DEBUG - Marking up chromosome Y
2026-03-08 17:39:17,279 - DEBUG - Marking up chromosome MT
2026-03-08 17:39:17,280 - WARNING - The .bam file refers to a chromosome 'MT+' not present in the annotation (.gtf) file
2026-03-08 17:39:17,280 - WARNING - The .bam file refers to a chromosome 'MT-' not present in the annotation (.gtf) file
2026-03-08 17:39:35,763 - DEBUG - Read first 390 million reads
2026-03-08 17:39:52,056 - DEBUG - Read first 400 million reads
2026-03-08 17:40:12,240 - DEBUG - Read first 410 million reads
2026-03-08 17:40:19,482 - DEBUG - Marking up chromosome GL456210.1
2026-03-08 17:40:19,483 - WARNING - The .bam file refers to a chromosome 'GL456210.1+' not present in the annotation (.gtf) file
2026-03-08 17:40:19,483 - WARNING - The .bam file refers to a chromosome 'GL456210.1-' not present in the annotation (.gtf) file
2026-03-08 17:40:19,484 - DEBUG - Marking up chromosome GL456211.1
2026-03-08 17:40:19,484 - WARNING - The .bam file refers to a chromosome 'GL456211.1+' not present in the annotation (.gtf) file
2026-03-08 17:40:19,484 - WARNING - The .bam file refers to a chromosome 'GL456211.1-' not present in the annotation (.gtf) file
2026-03-08 17:40:19,487 - DEBUG - Marking up chromosome GL456212.1
2026-03-08 17:40:19,487 - WARNING - The .bam file refers to a chromosome 'GL456212.1+' not present in the annotation (.gtf) file
2026-03-08 17:40:19,487 - WARNING - The .bam file refers to a chromosome 'GL456212.1-' not present in the annotation (.gtf) file
2026-03-08 17:40:19,490 - DEBUG - Marking up chromosome GL456221.1
2026-03-08 17:40:19,490 - WARNING - The .bam file refers to a chromosome 'GL456221.1+' not present in the annotation (.gtf) file
2026-03-08 17:40:19,490 - WARNING - The .bam file refers to a chromosome 'GL456221.1-' not present in the annotation (.gtf) file
2026-03-08 17:40:19,505 - DEBUG - Marking up chromosome GL456233.2
2026-03-08 17:40:19,505 - WARNING - The .bam file refers to a chromosome 'GL456233.2+' not present in the annotation (.gtf) file
2026-03-08 17:40:19,505 - WARNING - The .bam file refers to a chromosome 'GL456233.2-' not present in the annotation (.gtf) file
2026-03-08 17:40:19,567 - DEBUG - Marking up chromosome GL456239.1
2026-03-08 17:40:19,567 - WARNING - The .bam file refers to a chromosome 'GL456239.1+' not present in the annotation (.gtf) file
2026-03-08 17:40:19,567 - WARNING - The .bam file refers to a chromosome 'GL456239.1-' not present in the annotation (.gtf) file
2026-03-08 17:40:19,569 - DEBUG - Marking up chromosome GL456368.1
2026-03-08 17:40:19,569 - WARNING - The .bam file refers to a chromosome 'GL456368.1+' not present in the annotation (.gtf) file
2026-03-08 17:40:19,569 - WARNING - The .bam file refers to a chromosome 'GL456368.1-' not present in the annotation (.gtf) file
2026-03-08 17:40:19,570 - DEBUG - Marking up chromosome GL456370.1
2026-03-08 17:40:19,570 - WARNING - The .bam file refers to a chromosome 'GL456370.1+' not present in the annotation (.gtf) file
2026-03-08 17:40:19,570 - WARNING - The .bam file refers to a chromosome 'GL456370.1-' not present in the annotation (.gtf) file
2026-03-08 17:40:19,599 - DEBUG - Marking up chromosome GL456382.1
2026-03-08 17:40:19,599 - WARNING - The .bam file refers to a chromosome 'GL456382.1+' not present in the annotation (.gtf) file
2026-03-08 17:40:19,599 - WARNING - The .bam file refers to a chromosome 'GL456382.1-' not present in the annotation (.gtf) file
2026-03-08 17:40:20,114 - DEBUG - Marking up chromosome GL456385.1
2026-03-08 17:40:20,115 - WARNING - The .bam file refers to a chromosome 'GL456385.1+' not present in the annotation (.gtf) file
2026-03-08 17:40:20,115 - WARNING - The .bam file refers to a chromosome 'GL456385.1-' not present in the annotation (.gtf) file
2026-03-08 17:40:20,116 - DEBUG - Marking up chromosome GL456390.1
2026-03-08 17:40:20,116 - WARNING - The .bam file refers to a chromosome 'GL456390.1+' not present in the annotation (.gtf) file
2026-03-08 17:40:20,116 - WARNING - The .bam file refers to a chromosome 'GL456390.1-' not present in the annotation (.gtf) file
2026-03-08 17:40:20,118 - DEBUG - Marking up chromosome GL456392.1
2026-03-08 17:40:20,118 - WARNING - The .bam file refers to a chromosome 'GL456392.1+' not present in the annotation (.gtf) file
2026-03-08 17:40:20,118 - WARNING - The .bam file refers to a chromosome 'GL456392.1-' not present in the annotation (.gtf) file
2026-03-08 17:40:20,128 - DEBUG - Marking up chromosome JH584304.1
2026-03-08 17:40:20,128 - WARNING - The .bam file refers to a chromosome 'JH584304.1+' not present in the annotation (.gtf) file
2026-03-08 17:40:20,128 - WARNING - The .bam file refers to a chromosome 'JH584304.1-' not present in the annotation (.gtf) file
2026-03-08 17:40:20,190 - DEBUG - Marking up chromosome MU069434.1
2026-03-08 17:40:20,191 - WARNING - The .bam file refers to a chromosome 'MU069434.1+' not present in the annotation (.gtf) file
2026-03-08 17:40:20,191 - WARNING - The .bam file refers to a chromosome 'MU069434.1-' not present in the annotation (.gtf) file
2026-03-08 17:40:20,198 - DEBUG - Marking up chromosome MU069435.1
2026-03-08 17:40:20,198 - WARNING - The .bam file refers to a chromosome 'MU069435.1+' not present in the annotation (.gtf) file
2026-03-08 17:40:20,198 - WARNING - The .bam file refers to a chromosome 'MU069435.1-' not present in the annotation (.gtf) file
2026-03-08 17:40:20,295 - DEBUG - End of file. Reset index: start scanning from initial position.
2026-03-08 17:40:20,296 - DEBUG - 0 reads were skipped because no apropiate cell or umi barcode was found
2026-03-08 17:40:20,296 - DEBUG - Start molecule counting!
2026-03-08 17:40:21,863 - DEBUG - Features available for chromosomes : ['1-', '1+', '10-', '10+', '11-', '11+', '12-', '12+', '13-', '13+', '14-', '14+', '15-', '15+', '16-', '16+', '17-', '17+', '18-', '18+', '19-', '19+', '2-', '2+', '3-', '3+', '4-', '4+', '5-', '5+', '6-', '6+', '7-', '7+', '8-', '8+', '9-', '9+', 'M-', 'M+', 'X-', 'X+', 'Y-', 'Y+']
2026-03-08 17:40:21,864 - DEBUG - Mask available for chromosomes : []
2026-03-08 17:40:21,864 - DEBUG - Summarizing the results of intron validation.
2026-03-08 17:40:22,146 - DEBUG - Validated 20720 introns (of which unique intervals 8533) out of 719435 total possible introns (considering each possible transcript models).
2026-03-08 17:40:22,147 - DEBUG - Reading /home/qukungroup/odorn/spatial_mechanistic_model/data/raw/openst_data/spacemake/projects/openst_demo/processed_data/openst_demo_e13_mouse_head/illumina/complete_data/cellsorted_final_converted_sorted.bam
2026-03-08 17:40:22,194 - DEBUG - Read first 0 million reads
2026-03-08 17:40:22,701 - DEBUG - Counting for batch 1, containing 100 cells and 7888 reads
2026-03-08 17:40:23,346 - DEBUG - 0 reads not considered because fully enclosed in repeat masked regions
2026-03-08 17:40:23,936 - DEBUG - Counting for batch 2, containing 100 cells and 7941 reads
2026-03-08 17:40:24,560 - DEBUG - 0 reads not considered because fully enclosed in repeat masked regions
2026-03-08 17:40:25,197 - DEBUG - Counting for batch 3, containing 100 cells and 7756 reads
2026-03-08 17:40:26,779 - DEBUG - 0 reads not considered because fully enclosed in repeat masked regions
2026-03-08 17:40:27,249 - DEBUG - Counting for batch 4, containing 100 cells and 7879 reads
2026-03-08 17:40:27,891 - DEBUG - 0 reads not considered because fully enclosed in repeat masked regions
2026-03-08 17:40:28,448 - DEBUG - Counting for batch 5, containing 100 cells and 7920 reads
2026-03-08 17:40:29,080 - DEBUG - 0 reads not considered because fully enclosed in repeat masked regions
2026-03-08 17:40:29,551 - DEBUG - Counting for batch 6, containing 100 cells and 8061 reads
2026-03-08 17:40:30,202 - DEBUG - 0 reads not considered because fully enclosed in repeat masked regions
2026-03-08 17:40:30,725 - DEBUG - Counting for batch 7, containing 100 cells and 7686 reads
2026-03-08 17:40:31,349 - DEBUG - 0 reads not considered because fully enclosed in repeat masked regions
2026-03-08 17:40:31,943 - DEBUG - Counting for batch 8, containing 100 cells and 7852 reads
2026-03-08 17:40:32,596 - DEBUG - 0 reads not considered because fully enclosed in repeat masked regions
2026-03-08 17:40:33,196 - DEBUG - Counting for batch 9, containing 100 cells and 7556 reads
2026-03-08 17:40:33,825 - DEBUG - 0 reads not considered because fully enclosed in repeat masked regions
2026-03-08 17:40:34,468 - DEBUG - Counting for batch 10, containing 100 cells and 7841 reads
2026-03-08 17:40:35,083 - DEBUG - 0 reads not considered because fully enclosed in repeat masked regions
2026-03-08 17:40:35,599 - DEBUG - Counting for batch 11, containing 100 cells and 7898 reads
2026-03-08 17:40:36,242 - DEBUG - 0 reads not considered because fully enclosed in repeat masked regions
2026-03-08 17:40:36,777 - DEBUG - Counting for batch 12, containing 100 cells and 7758 reads
2026-03-08 17:40:37,400 - DEBUG - 0 reads not considered because fully enclosed in repeat masked regions
2026-03-08 17:40:37,941 - DEBUG - Counting for batch 13, containing 100 cells and 7981 reads
2026-03-08 17:40:38,579 - DEBUG - 0 reads not considered because fully enclosed in repeat masked regions
2026-03-08 17:40:39,102 - DEBUG - Counting for batch 14, containing 100 cells and 7767 reads
2026-03-08 17:40:40,697 - DEBUG - 0 reads not considered because fully enclosed in repeat masked regions
2026-03-08 17:40:41,223 - DEBUG - Counting for batch 15, containing 100 cells and 7668 reads
2026-03-08 17:40:41,867 - DEBUG - 0 reads not considered because fully enclosed in repeat masked regions
2026-03-08 17:40:42,372 - DEBUG - Counting for batch 16, containing 100 cells and 7633 reads
2026-03-08 17:40:42,995 - DEBUG - 0 reads not considered because fully enclosed in repeat masked regions
2026-03-08 17:40:43,497 - DEBUG - Counting for batch 17, containing 100 cells and 7922 reads
2026-03-08 17:40:44,126 - DEBUG - 0 reads not considered because fully enclosed in repeat masked regions
2026-03-08 17:40:44,656 - DEBUG - Counting for batch 18, containing 100 cells and 7921 reads
2026-03-08 17:40:45,304 - DEBUG - 0 reads not considered because fully enclosed in repeat masked regions
2026-03-08 17:40:45,864 - DEBUG - Counting for batch 19, containing 100 cells and 8007 reads
2026-03-08 17:40:46,505 - DEBUG - 0 reads not considered because fully enclosed in repeat masked regions
2026-03-08 17:40:47,036 - DEBUG - Counting for batch 20, containing 100 cells and 7873 reads
2026-03-08 17:40:47,648 - DEBUG - 0 reads not considered because fully enclosed in repeat masked regions
2026-03-08 17:40:48,137 - DEBUG - Counting for batch 21, containing 100 cells and 7675 reads
2026-03-08 17:40:48,750 - DEBUG - 0 reads not considered because fully enclosed in repeat masked regions
2026-03-08 17:40:49,282 - DEBUG - Counting for batch 22, containing 100 cells and 7935 reads
2026-03-08 17:40:49,913 - DEBUG - 0 reads not considered because fully enclosed in repeat masked regions
2026-03-08 17:40:50,457 - DEBUG - Counting for batch 23, containing 100 cells and 8180 reads
2026-03-08 17:40:51,101 - DEBUG - 0 reads not considered because fully enclosed in repeat masked regions
2026-03-08 17:40:51,614 - DEBUG - Counting for batch 24, containing 100 cells and 7716 reads
2026-03-08 17:40:52,238 - DEBUG - 0 reads not considered because fully enclosed in repeat masked regions
2026-03-08 17:40:52,733 - DEBUG - Counting for batch 25, containing 100 cells and 8046 reads
2026-03-08 17:40:54,306 - DEBUG - 0 reads not considered because fully enclosed in repeat masked regions
2026-03-08 17:40:54,790 - DEBUG - Counting for batch 26, containing 100 cells and 7895 reads
2026-03-08 17:40:55,445 - DEBUG - 0 reads not considered because fully enclosed in repeat masked regions
2026-03-08 17:40:55,962 - DEBUG - Counting for batch 27, containing 100 cells and 8235 reads
2026-03-08 17:40:56,591 - DEBUG - 0 reads not considered because fully enclosed in repeat masked regions
2026-03-08 17:40:57,148 - DEBUG - Counting for batch 28, containing 100 cells and 7722 reads
2026-03-08 17:40:57,785 - DEBUG - 0 reads not considered because fully enclosed in repeat masked regions
2026-03-08 17:40:58,301 - DEBUG - Counting for batch 29, containing 100 cells and 8015 reads
2026-03-08 17:40:58,953 - DEBUG - 0 reads not considered because fully enclosed in repeat masked regions
2026-03-08 17:40:59,531 - DEBUG - Counting for batch 30, containing 100 cells and 7615 reads
2026-03-08 17:41:00,162 - DEBUG - 0 reads not considered because fully enclosed in repeat masked regions
2026-03-08 17:41:00,651 - DEBUG - Counting for batch 31, containing 100 cells and 7939 reads
2026-03-08 17:41:01,272 - DEBUG - 0 reads not considered because fully enclosed in repeat masked regions
2026-03-08 17:41:01,791 - DEBUG - Counting for batch 32, containing 100 cells and 7907 reads
2026-03-08 17:41:02,406 - DEBUG - 0 reads not considered because fully enclosed in repeat masked regions
2026-03-08 17:41:02,853 - DEBUG - Counting for batch 33, containing 100 cells and 8055 reads
2026-03-08 17:41:03,480 - DEBUG - 0 reads not considered because fully enclosed in repeat masked regions
2026-03-08 17:41:04,001 - DEBUG - Counting for batch 34, containing 100 cells and 7734 reads
2026-03-08 17:41:04,649 - DEBUG - 0 reads not considered because fully enclosed in repeat masked regions
2026-03-08 17:41:05,204 - DEBUG - Counting for batch 35, containing 100 cells and 7631 reads
2026-03-08 17:41:05,848 - DEBUG - 0 reads not considered because fully enclosed in repeat masked regions
2026-03-08 17:41:06,336 - DEBUG - Counting for batch 36, containing 100 cells and 7877 reads
2026-03-08 17:41:07,946 - DEBUG - 0 reads not considered because fully enclosed in repeat masked regions
2026-03-08 17:41:08,481 - DEBUG - Counting for batch 37, containing 100 cells and 8130 reads
2026-03-08 17:41:09,114 - DEBUG - 0 reads not considered because fully enclosed in repeat masked regions
2026-03-08 17:41:09,618 - DEBUG - Counting for batch 38, containing 100 cells and 7827 reads
2026-03-08 17:41:10,255 - DEBUG - 0 reads not considered because fully enclosed in repeat masked regions
2026-03-08 17:41:10,774 - DEBUG - Counting for batch 39, containing 100 cells and 7714 reads
2026-03-08 17:41:11,397 - DEBUG - 0 reads not considered because fully enclosed in repeat masked regions
2026-03-08 17:41:11,911 - DEBUG - Counting for batch 40, containing 100 cells and 7762 reads
2026-03-08 17:41:12,558 - DEBUG - 0 reads not considered because fully enclosed in repeat masked regions
2026-03-08 17:41:13,102 - DEBUG - Counting for batch 41, containing 100 cells and 7912 reads
2026-03-08 17:41:13,733 - DEBUG - 0 reads not considered because fully enclosed in repeat masked regions
2026-03-08 17:41:14,225 - DEBUG - Counting for batch 42, containing 100 cells and 7689 reads
2026-03-08 17:41:14,853 - DEBUG - 0 reads not considered because fully enclosed in repeat masked regions
2026-03-08 17:41:15,409 - DEBUG - Counting for batch 43, containing 100 cells and 7549 reads
2026-03-08 17:41:16,033 - DEBUG - 0 reads not considered because fully enclosed in repeat masked regions
2026-03-08 17:41:16,540 - DEBUG - Counting for batch 44, containing 100 cells and 7597 reads
2026-03-08 17:41:17,170 - DEBUG - 0 reads not considered because fully enclosed in repeat masked regions
2026-03-08 17:41:17,679 - DEBUG - Counting for batch 45, containing 100 cells and 7700 reads
2026-03-08 17:41:18,326 - DEBUG - 0 reads not considered because fully enclosed in repeat masked regions
2026-03-08 17:41:18,930 - DEBUG - Counting for batch 46, containing 100 cells and 7919 reads
2026-03-08 17:41:19,549 - DEBUG - 0 reads not considered because fully enclosed in repeat masked regions
2026-03-08 17:41:20,042 - DEBUG - Counting for batch 47, containing 100 cells and 7874 reads
2026-03-08 17:41:21,614 - DEBUG - 0 reads not considered because fully enclosed in repeat masked regions
2026-03-08 17:41:22,238 - DEBUG - Counting for batch 48, containing 100 cells and 7981 reads
2026-03-08 17:41:22,863 - DEBUG - 0 reads not considered because fully enclosed in repeat masked regions
2026-03-08 17:41:23,374 - DEBUG - Counting for batch 49, containing 100 cells and 7819 reads
2026-03-08 17:41:24,006 - DEBUG - 0 reads not considered because fully enclosed in repeat masked regions
2026-03-08 17:41:24,511 - DEBUG - Counting for batch 50, containing 100 cells and 7779 reads
2026-03-08 17:41:25,131 - DEBUG - 0 reads not considered because fully enclosed in repeat masked regions
2026-03-08 17:41:25,629 - DEBUG - Counting for batch 51, containing 100 cells and 7832 reads
2026-03-08 17:41:26,274 - DEBUG - 0 reads not considered because fully enclosed in repeat masked regions
2026-03-08 17:41:26,717 - DEBUG - Counting for batch 52, containing 100 cells and 7749 reads
2026-03-08 17:41:27,347 - DEBUG - 0 reads not considered because fully enclosed in repeat masked regions
2026-03-08 17:41:27,905 - DEBUG - Counting for batch 53, containing 100 cells and 8008 reads
2026-03-08 17:41:28,533 - DEBUG - 0 reads not considered because fully enclosed in repeat masked regions
2026-03-08 17:41:29,046 - DEBUG - Counting for batch 54, containing 100 cells and 7818 reads
2026-03-08 17:41:29,670 - DEBUG - 0 reads not considered because fully enclosed in repeat masked regions
2026-03-08 17:41:29,744 - DEBUG - Read first 10 million reads
2026-03-08 17:41:30,150 - DEBUG - Counting for batch 55, containing 100 cells and 7938 reads
2026-03-08 17:41:30,785 - DEBUG - 0 reads not considered because fully enclosed in repeat masked regions
2026-03-08 17:41:31,304 - DEBUG - Counting for batch 56, containing 100 cells and 7546 reads
2026-03-08 17:41:31,933 - DEBUG - 0 reads not considered because fully enclosed in repeat masked regions
2026-03-08 17:41:32,408 - DEBUG - Counting for batch 57, containing 100 cells and 7990 reads
2026-03-08 17:41:33,039 - DEBUG - 0 reads not considered because fully enclosed in repeat masked regions
2026-03-08 17:41:33,629 - DEBUG - Counting for batch 58, containing 100 cells and 7663 reads
2026-03-08 17:41:35,201 - DEBUG - 0 reads not considered because fully enclosed in repeat masked regions
2026-03-08 17:41:35,766 - DEBUG - Counting for batch 59, containing 100 cells and 8014 reads
2026-03-08 17:41:36,404 - DEBUG - 0 reads not considered because fully enclosed in repeat masked regions
2026-03-08 17:41:36,902 - DEBUG - Counting for batch 60, containing 100 cells and 7577 reads
2026-03-08 17:41:37,548 - DEBUG - 0 reads not considered because fully enclosed in repeat masked regions
2026-03-08 17:41:38,138 - DEBUG - Counting for batch 61, containing 100 cells and 8055 reads
2026-03-08 17:41:38,782 - DEBUG - 0 reads not considered because fully enclosed in repeat masked regions
2026-03-08 17:41:39,281 - DEBUG - Counting for batch 62, containing 100 cells and 8161 reads
2026-03-08 17:41:39,914 - DEBUG - 0 reads not considered because fully enclosed in repeat masked regions
2026-03-08 17:41:40,477 - DEBUG - Counting for batch 63, containing 100 cells and 7680 reads
2026-03-08 17:41:41,095 - DEBUG - 0 reads not considered because fully enclosed in repeat masked regions
2026-03-08 17:41:41,626 - DEBUG - Counting for batch 64, containing 100 cells and 7952 reads
2026-03-08 17:41:42,273 - DEBUG - 0 reads not considered because fully enclosed in repeat masked regions
2026-03-08 17:41:42,842 - DEBUG - Counting for batch 65, containing 100 cells and 7446 reads
2026-03-08 17:41:43,461 - DEBUG - 0 reads not considered because fully enclosed in repeat masked regions
2026-03-08 17:41:43,905 - DEBUG - Counting for batch 66, containing 100 cells and 7905 reads
2026-03-08 17:41:44,547 - DEBUG - 0 reads not considered because fully enclosed in repeat masked regions
2026-03-08 17:41:45,040 - DEBUG - Counting for batch 67, containing 100 cells and 8004 reads
2026-03-08 17:41:45,667 - DEBUG - 0 reads not considered because fully enclosed in repeat masked regions
2026-03-08 17:41:46,193 - DEBUG - Counting for batch 68, containing 100 cells and 8022 reads
2026-03-08 17:41:46,849 - DEBUG - 0 reads not considered because fully enclosed in repeat masked regions
2026-03-08 17:41:47,336 - DEBUG - Counting for batch 69, containing 100 cells and 7601 reads
2026-03-08 17:41:48,920 - DEBUG - 0 reads not considered because fully enclosed in repeat masked regions
2026-03-08 17:41:49,451 - DEBUG - Counting for batch 70, containing 100 cells and 8044 reads
2026-03-08 17:41:50,093 - DEBUG - 0 reads not considered because fully enclosed in repeat masked regions
2026-03-08 17:41:50,607 - DEBUG - Counting for batch 71, containing 100 cells and 8025 reads
2026-03-08 17:41:51,233 - DEBUG - 0 reads not considered because fully enclosed in repeat masked regions
2026-03-08 17:41:51,737 - DEBUG - Counting for batch 72, containing 100 cells and 7697 reads
2026-03-08 17:41:52,362 - DEBUG - 0 reads not considered because fully enclosed in repeat masked regions
2026-03-08 17:41:52,809 - DEBUG - Counting for batch 73, containing 100 cells and 7486 reads
2026-03-08 17:41:53,435 - DEBUG - 0 reads not considered because fully enclosed in repeat masked regions
2026-03-08 17:41:54,033 - DEBUG - Counting for batch 74, containing 100 cells and 7715 reads
2026-03-08 17:41:54,667 - DEBUG - 0 reads not considered because fully enclosed in repeat masked regions
2026-03-08 17:41:55,149 - DEBUG - Counting for batch 75, containing 100 cells and 7879 reads
2026-03-08 17:41:55,772 - DEBUG - 0 reads not considered because fully enclosed in repeat masked regions
2026-03-08 17:41:56,290 - DEBUG - Counting for batch 76, containing 100 cells and 7706 reads
2026-03-08 17:41:56,926 - DEBUG - 0 reads not considered because fully enclosed in repeat masked regions
2026-03-08 17:41:57,442 - DEBUG - Counting for batch 77, containing 100 cells and 7802 reads
2026-03-08 17:41:58,088 - DEBUG - 0 reads not considered because fully enclosed in repeat masked regions
2026-03-08 17:41:58,648 - DEBUG - Counting for batch 78, containing 100 cells and 7993 reads
2026-03-08 17:41:59,296 - DEBUG - 0 reads not considered because fully enclosed in repeat masked regions
2026-03-08 17:41:59,773 - DEBUG - Counting for batch 79, containing 100 cells and 7704 reads
2026-03-08 17:42:00,391 - DEBUG - 0 reads not considered because fully enclosed in repeat masked regions
2026-03-08 17:42:00,924 - DEBUG - Counting for batch 80, containing 100 cells and 7659 reads
2026-03-08 17:42:02,496 - DEBUG - 0 reads not considered because fully enclosed in repeat masked regions
2026-03-08 17:42:02,993 - DEBUG - Counting for batch 81, containing 100 cells and 8050 reads
2026-03-08 17:42:03,618 - DEBUG - 0 reads not considered because fully enclosed in repeat masked regions
2026-03-08 17:42:04,205 - DEBUG - Counting for batch 82, containing 100 cells and 8060 reads
2026-03-08 17:42:04,840 - DEBUG - 0 reads not considered because fully enclosed in repeat masked regions
2026-03-08 17:42:05,349 - DEBUG - Counting for batch 83, containing 100 cells and 7807 reads
2026-03-08 17:42:05,967 - DEBUG - 0 reads not considered because fully enclosed in repeat masked regions
2026-03-08 17:42:06,467 - DEBUG - Counting for batch 84, containing 100 cells and 8110 reads
2026-03-08 17:42:07,102 - DEBUG - 0 reads not considered because fully enclosed in repeat masked regions
2026-03-08 17:42:07,639 - DEBUG - Counting for batch 85, containing 100 cells and 8052 reads
2026-03-08 17:42:08,281 - DEBUG - 0 reads not considered because fully enclosed in repeat masked regions
2026-03-08 17:42:08,777 - DEBUG - Counting for batch 86, containing 100 cells and 7904 reads
2026-03-08 17:42:09,425 - DEBUG - 0 reads not considered because fully enclosed in repeat masked regions
2026-03-08 17:42:09,981 - DEBUG - Counting for batch 87, containing 100 cells and 8153 reads
2026-03-08 17:42:10,623 - DEBUG - 0 reads not considered because fully enclosed in repeat masked regions
2026-03-08 17:42:11,116 - DEBUG - Counting for batch 88, containing 100 cells and 7751 reads
2026-03-08 17:42:11,758 - DEBUG - 0 reads not considered because fully enclosed in repeat masked regions
2026-03-08 17:42:12,291 - DEBUG - Counting for batch 89, containing 100 cells and 8189 reads
2026-03-08 17:42:12,931 - DEBUG - 0 reads not considered because fully enclosed in repeat masked regions
2026-03-08 17:42:13,419 - DEBUG - Counting for batch 90, containing 100 cells and 7957 reads
2026-03-08 17:42:14,071 - DEBUG - 0 reads not considered because fully enclosed in repeat masked regions
2026-03-08 17:42:14,543 - DEBUG - Counting for batch 91, containing 100 cells and 7987 reads
2026-03-08 17:42:16,119 - DEBUG - 0 reads not considered because fully enclosed in repeat masked regions
2026-03-08 17:42:16,709 - DEBUG - Counting for batch 92, containing 100 cells and 7948 reads
2026-03-08 17:42:17,353 - DEBUG - 0 reads not considered because fully enclosed in repeat masked regions
2026-03-08 17:42:17,914 - DEBUG - Counting for batch 93, containing 100 cells and 7717 reads
2026-03-08 17:42:18,539 - DEBUG - 0 reads not considered because fully enclosed in repeat masked regions
2026-03-08 17:42:19,043 - DEBUG - Counting for batch 94, containing 100 cells and 7628 reads
2026-03-08 17:42:19,664 - DEBUG - 0 reads not considered because fully enclosed in repeat masked regions
2026-03-08 17:42:20,165 - DEBUG - Counting for batch 95, containing 100 cells and 7710 reads
2026-03-08 17:42:20,783 - DEBUG - 0 reads not considered because fully enclosed in repeat masked regions
2026-03-08 17:42:21,281 - DEBUG - Counting for batch 96, containing 100 cells and 7840 reads
2026-03-08 17:42:21,914 - DEBUG - 0 reads not considered because fully enclosed in repeat masked regions
2026-03-08 17:42:22,433 - DEBUG - Counting for batch 97, containing 100 cells and 7813 reads
2026-03-08 17:42:23,068 - DEBUG - 0 reads not considered because fully enclosed in repeat masked regions
2026-03-08 17:42:23,680 - DEBUG - Counting for batch 98, containing 100 cells and 7829 reads
2026-03-08 17:42:24,317 - DEBUG - 0 reads not considered because fully enclosed in repeat masked regions
2026-03-08 17:42:24,864 - DEBUG - Counting for batch 99, containing 100 cells and 7437 reads
2026-03-08 17:42:25,509 - DEBUG - 0 reads not considered because fully enclosed in repeat masked regions
2026-03-08 17:42:26,007 - DEBUG - Counting for batch 100, containing 100 cells and 7526 reads
2026-03-08 17:42:26,629 - DEBUG - 0 reads not considered because fully enclosed in repeat masked regions
2026-03-08 17:42:27,169 - DEBUG - Counting for batch 101, containing 100 cells and 7664 reads
2026-03-08 17:42:27,799 - DEBUG - 0 reads not considered because fully enclosed in repeat masked regions
2026-03-08 17:42:28,344 - DEBUG - Counting for batch 102, containing 100 cells and 7909 reads
2026-03-08 17:42:29,935 - DEBUG - 0 reads not considered because fully enclosed in repeat masked regions
2026-03-08 17:42:30,514 - DEBUG - Counting for batch 103, containing 100 cells and 7936 reads
2026-03-08 17:42:31,146 - DEBUG - 0 reads not considered because fully enclosed in repeat masked regions
2026-03-08 17:42:31,648 - DEBUG - Counting for batch 104, containing 100 cells and 7487 reads
2026-03-08 17:42:32,278 - DEBUG - 0 reads not considered because fully enclosed in repeat masked regions
2026-03-08 17:42:32,856 - DEBUG - Counting for batch 105, containing 100 cells and 7712 reads
2026-03-08 17:42:33,490 - DEBUG - 0 reads not considered because fully enclosed in repeat masked regions
2026-03-08 17:42:34,047 - DEBUG - Counting for batch 106, containing 100 cells and 7967 reads
2026-03-08 17:42:34,722 - DEBUG - 0 reads not considered because fully enclosed in repeat masked regions
2026-03-08 17:42:35,318 - DEBUG - Counting for batch 107, containing 100 cells and 7759 reads
2026-03-08 17:42:35,941 - DEBUG - 0 reads not considered because fully enclosed in repeat masked regions
2026-03-08 17:42:36,491 - DEBUG - Counting for batch 108, containing 100 cells and 7795 reads
2026-03-08 17:42:37,140 - DEBUG - 0 reads not considered because fully enclosed in repeat masked regions
2026-03-08 17:42:37,181 - DEBUG - Read first 20 million reads
2026-03-08 17:42:37,681 - DEBUG - Counting for batch 109, containing 100 cells and 7655 reads
2026-03-08 17:42:38,300 - DEBUG - 0 reads not considered because fully enclosed in repeat masked regions
2026-03-08 17:42:38,815 - DEBUG - Counting for batch 110, containing 100 cells and 8282 reads
2026-03-08 17:42:39,439 - DEBUG - 0 reads not considered because fully enclosed in repeat masked regions
2026-03-08 17:42:40,002 - DEBUG - Counting for batch 111, containing 100 cells and 7773 reads
2026-03-08 17:42:40,645 - DEBUG - 0 reads not considered because fully enclosed in repeat masked regions
2026-03-08 17:42:41,147 - DEBUG - Counting for batch 112, containing 100 cells and 7819 reads
2026-03-08 17:42:41,801 - DEBUG - 0 reads not considered because fully enclosed in repeat masked regions
2026-03-08 17:42:42,340 - DEBUG - Counting for batch 113, containing 100 cells and 7624 reads
2026-03-08 17:42:43,917 - DEBUG - 0 reads not considered because fully enclosed in repeat masked regions
2026-03-08 17:42:44,420 - DEBUG - Counting for batch 114, containing 100 cells and 7891 reads
2026-03-08 17:42:45,081 - DEBUG - 0 reads not considered because fully enclosed in repeat masked regions
2026-03-08 17:42:45,587 - DEBUG - Counting for batch 115, containing 100 cells and 7675 reads
2026-03-08 17:42:46,249 - DEBUG - 0 reads not considered because fully enclosed in repeat masked regions
2026-03-08 17:42:46,830 - DEBUG - Counting for batch 116, containing 100 cells and 8236 reads
2026-03-08 17:42:47,484 - DEBUG - 0 reads not considered because fully enclosed in repeat masked regions
2026-03-08 17:42:48,041 - DEBUG - Counting for batch 117, containing 100 cells and 7464 reads
2026-03-08 17:42:48,661 - DEBUG - 0 reads not considered because fully enclosed in repeat masked regions
2026-03-08 17:42:49,210 - DEBUG - Counting for batch 118, containing 100 cells and 8074 reads
2026-03-08 17:42:49,836 - DEBUG - 0 reads not considered because fully enclosed in repeat masked regions
2026-03-08 17:42:50,343 - DEBUG - Counting for batch 119, containing 100 cells and 7821 reads
2026-03-08 17:42:50,983 - DEBUG - 0 reads not considered because fully enclosed in repeat masked regions
2026-03-08 17:42:51,461 - DEBUG - Counting for batch 120, containing 100 cells and 7760 reads
2026-03-08 17:42:52,102 - DEBUG - 0 reads not considered because fully enclosed in repeat masked regions
2026-03-08 17:42:52,515 - DEBUG - Counting for batch 121, containing 100 cells and 8093 reads
2026-03-08 17:42:53,148 - DEBUG - 0 reads not considered because fully enclosed in repeat masked regions
2026-03-08 17:42:53,685 - DEBUG - Counting for batch 122, containing 100 cells and 7727 reads
2026-03-08 17:42:54,311 - DEBUG - 0 reads not considered because fully enclosed in repeat masked regions
2026-03-08 17:42:54,803 - DEBUG - Counting for batch 123, containing 100 cells and 8163 reads
2026-03-08 17:42:55,445 - DEBUG - 0 reads not considered because fully enclosed in repeat masked regions
2026-03-08 17:42:55,964 - DEBUG - Counting for batch 124, containing 100 cells and 7862 reads
2026-03-08 17:42:57,584 - DEBUG - 0 reads not considered because fully enclosed in repeat masked regions
2026-03-08 17:42:58,166 - DEBUG - Counting for batch 125, containing 100 cells and 7721 reads
2026-03-08 17:42:58,798 - DEBUG - 0 reads not considered because fully enclosed in repeat masked regions
2026-03-08 17:42:59,348 - DEBUG - Counting for batch 126, containing 100 cells and 7835 reads
2026-03-08 17:42:59,979 - DEBUG - 0 reads not considered because fully enclosed in repeat masked regions
2026-03-08 17:43:00,528 - DEBUG - Counting for batch 127, containing 100 cells and 8005 reads
2026-03-08 17:43:01,167 - DEBUG - 0 reads not considered because fully enclosed in repeat masked regions
2026-03-08 17:43:01,646 - DEBUG - Counting for batch 128, containing 100 cells and 8115 reads
2026-03-08 17:43:02,285 - DEBUG - 0 reads not considered because fully enclosed in repeat masked regions
2026-03-08 17:43:02,752 - DEBUG - Counting for batch 129, containing 100 cells and 7915 reads
2026-03-08 17:43:03,381 - DEBUG - 0 reads not considered because fully enclosed in repeat masked regions
2026-03-08 17:43:03,948 - DEBUG - Counting for batch 130, containing 100 cells and 7841 reads
2026-03-08 17:43:04,579 - DEBUG - 0 reads not considered because fully enclosed in repeat masked regions
2026-03-08 17:43:05,077 - DEBUG - Counting for batch 131, containing 100 cells and 7489 reads
2026-03-08 17:43:05,728 - DEBUG - 0 reads not considered because fully enclosed in repeat masked regions
2026-03-08 17:43:06,267 - DEBUG - Counting for batch 132, containing 100 cells and 7703 reads
2026-03-08 17:43:06,928 - DEBUG - 0 reads not considered because fully enclosed in repeat masked regions
2026-03-08 17:43:07,536 - DEBUG - Counting for batch 133, containing 100 cells and 7598 reads
2026-03-08 17:43:08,175 - DEBUG - 0 reads not considered because fully enclosed in repeat masked regions
2026-03-08 17:43:08,784 - DEBUG - Counting for batch 134, containing 100 cells and 7969 reads
2026-03-08 17:43:09,421 - DEBUG - 0 reads not considered because fully enclosed in repeat masked regions
2026-03-08 17:43:09,930 - DEBUG - Counting for batch 135, containing 100 cells and 8073 reads
2026-03-08 17:43:11,543 - DEBUG - 0 reads not considered because fully enclosed in repeat masked regions
2026-03-08 17:43:12,039 - DEBUG - Counting for batch 136, containing 100 cells and 7710 reads
2026-03-08 17:43:12,660 - DEBUG - 0 reads not considered because fully enclosed in repeat masked regions
2026-03-08 17:43:13,091 - DEBUG - Counting for batch 137, containing 100 cells and 8101 reads
2026-03-08 17:43:13,734 - DEBUG - 0 reads not considered because fully enclosed in repeat masked regions
2026-03-08 17:43:14,223 - DEBUG - Counting for batch 138, containing 100 cells and 7838 reads
2026-03-08 17:43:14,866 - DEBUG - 0 reads not considered because fully enclosed in repeat masked regions
2026-03-08 17:43:15,327 - DEBUG - Counting for batch 139, containing 100 cells and 7897 reads
2026-03-08 17:43:15,953 - DEBUG - 0 reads not considered because fully enclosed in repeat masked regions
2026-03-08 17:43:16,435 - DEBUG - Counting for batch 140, containing 100 cells and 7836 reads
2026-03-08 17:43:17,093 - DEBUG - 0 reads not considered because fully enclosed in repeat masked regions
2026-03-08 17:43:17,562 - DEBUG - Counting for batch 141, containing 100 cells and 8000 reads
2026-03-08 17:43:18,213 - DEBUG - 0 reads not considered because fully enclosed in repeat masked regions
2026-03-08 17:43:18,800 - DEBUG - Counting for batch 142, containing 100 cells and 8053 reads
2026-03-08 17:43:19,452 - DEBUG - 0 reads not considered because fully enclosed in repeat masked regions
2026-03-08 17:43:19,989 - DEBUG - Counting for batch 143, containing 100 cells and 7827 reads
2026-03-08 17:43:20,648 - DEBUG - 0 reads not considered because fully enclosed in repeat masked regions
2026-03-08 17:43:21,153 - DEBUG - Counting for batch 144, containing 100 cells and 7979 reads
2026-03-08 17:43:21,788 - DEBUG - 0 reads not considered because fully enclosed in repeat masked regions
2026-03-08 17:43:22,261 - DEBUG - Counting for batch 145, containing 100 cells and 7825 reads
2026-03-08 17:43:22,894 - DEBUG - 0 reads not considered because fully enclosed in repeat masked regions
2026-03-08 17:43:23,427 - DEBUG - Counting for batch 146, containing 100 cells and 7676 reads
2026-03-08 17:43:25,036 - DEBUG - 0 reads not considered because fully enclosed in repeat masked regions
2026-03-08 17:43:25,485 - DEBUG - Counting for batch 147, containing 100 cells and 8261 reads
2026-03-08 17:43:26,124 - DEBUG - 0 reads not considered because fully enclosed in repeat masked regions
2026-03-08 17:43:26,616 - DEBUG - Counting for batch 148, containing 100 cells and 7864 reads
2026-03-08 17:43:27,257 - DEBUG - 0 reads not considered because fully enclosed in repeat masked regions
2026-03-08 17:43:27,758 - DEBUG - Counting for batch 149, containing 100 cells and 8204 reads
2026-03-08 17:43:28,413 - DEBUG - 0 reads not considered because fully enclosed in repeat masked regions
2026-03-08 17:43:28,945 - DEBUG - Counting for batch 150, containing 100 cells and 7749 reads
2026-03-08 17:43:29,585 - DEBUG - 0 reads not considered because fully enclosed in repeat masked regions
2026-03-08 17:43:30,122 - DEBUG - Counting for batch 151, containing 100 cells and 7631 reads
2026-03-08 17:43:30,756 - DEBUG - 0 reads not considered because fully enclosed in repeat masked regions
2026-03-08 17:43:31,415 - DEBUG - Counting for batch 152, containing 100 cells and 7947 reads
2026-03-08 17:43:32,066 - DEBUG - 0 reads not considered because fully enclosed in repeat masked regions
2026-03-08 17:43:32,570 - DEBUG - Counting for batch 153, containing 100 cells and 7916 reads
2026-03-08 17:43:33,198 - DEBUG - 0 reads not considered because fully enclosed in repeat masked regions
2026-03-08 17:43:33,686 - DEBUG - Counting for batch 154, containing 100 cells and 7820 reads
2026-03-08 17:43:34,331 - DEBUG - 0 reads not considered because fully enclosed in repeat masked regions
2026-03-08 17:43:34,809 - DEBUG - Counting for batch 155, containing 100 cells and 8179 reads
2026-03-08 17:43:35,472 - DEBUG - 0 reads not considered because fully enclosed in repeat masked regions
2026-03-08 17:43:35,972 - DEBUG - Counting for batch 156, containing 100 cells and 7623 reads
2026-03-08 17:43:37,603 - DEBUG - 0 reads not considered because fully enclosed in repeat masked regions
2026-03-08 17:43:38,158 - DEBUG - Counting for batch 157, containing 100 cells and 7660 reads
2026-03-08 17:43:38,784 - DEBUG - 0 reads not considered because fully enclosed in repeat masked regions
2026-03-08 17:43:39,374 - DEBUG - Counting for batch 158, containing 100 cells and 7498 reads
2026-03-08 17:43:39,993 - DEBUG - 0 reads not considered because fully enclosed in repeat masked regions
2026-03-08 17:43:40,517 - DEBUG - Counting for batch 159, containing 100 cells and 7815 reads
2026-03-08 17:43:41,158 - DEBUG - 0 reads not considered because fully enclosed in repeat masked regions
2026-03-08 17:43:41,729 - DEBUG - Counting for batch 160, containing 100 cells and 7966 reads
2026-03-08 17:43:42,402 - DEBUG - 0 reads not considered because fully enclosed in repeat masked regions
2026-03-08 17:43:42,950 - DEBUG - Counting for batch 161, containing 100 cells and 7836 reads
2026-03-08 17:43:43,588 - DEBUG - 0 reads not considered because fully enclosed in repeat masked regions
2026-03-08 17:43:44,131 - DEBUG - Counting for batch 162, containing 100 cells and 7867 reads
2026-03-08 17:43:44,778 - DEBUG - 0 reads not considered because fully enclosed in repeat masked regions
2026-03-08 17:43:44,966 - DEBUG - Read first 30 million reads
2026-03-08 17:43:45,370 - DEBUG - Counting for batch 163, containing 100 cells and 7837 reads
2026-03-08 17:43:46,013 - DEBUG - 0 reads not considered because fully enclosed in repeat masked regions
2026-03-08 17:43:46,490 - DEBUG - Counting for batch 164, containing 100 cells and 7732 reads
2026-03-08 17:43:47,122 - DEBUG - 0 reads not considered because fully enclosed in repeat masked regions
2026-03-08 17:43:47,684 - DEBUG - Counting for batch 165, containing 100 cells and 7829 reads
2026-03-08 17:43:48,341 - DEBUG - 0 reads not considered because fully enclosed in repeat masked regions
2026-03-08 17:43:48,873 - DEBUG - Counting for batch 166, containing 100 cells and 7570 reads
2026-03-08 17:43:49,501 - DEBUG - 0 reads not considered because fully enclosed in repeat masked regions
2026-03-08 17:43:49,938 - DEBUG - Counting for batch 167, containing 100 cells and 7730 reads
2026-03-08 17:43:50,584 - DEBUG - 0 reads not considered because fully enclosed in repeat masked regions
2026-03-08 17:43:52,079 - DEBUG - Counting for batch 168, containing 100 cells and 8286 reads
2026-03-08 17:43:52,738 - DEBUG - 0 reads not considered because fully enclosed in repeat masked regions
2026-03-08 17:43:53,181 - DEBUG - Counting for batch 169, containing 100 cells and 8039 reads
2026-03-08 17:43:53,839 - DEBUG - 0 reads not considered because fully enclosed in repeat masked regions
2026-03-08 17:43:54,466 - DEBUG - Counting for batch 170, containing 100 cells and 7852 reads
2026-03-08 17:43:55,118 - DEBUG - 0 reads not considered because fully enclosed in repeat masked regions
2026-03-08 17:43:55,625 - DEBUG - Counting for batch 171, containing 100 cells and 7552 reads
2026-03-08 17:43:56,262 - DEBUG - 0 reads not considered because fully enclosed in repeat masked regions
2026-03-08 17:43:56,732 - DEBUG - Counting for batch 172, containing 100 cells and 7595 reads
2026-03-08 17:43:57,403 - DEBUG - 0 reads not considered because fully enclosed in repeat masked regions
2026-03-08 17:43:57,898 - DEBUG - Counting for batch 173, containing 100 cells and 7810 reads
2026-03-08 17:43:58,524 - DEBUG - 0 reads not considered because fully enclosed in repeat masked regions
2026-03-08 17:43:59,107 - DEBUG - Counting for batch 174, containing 100 cells and 7964 reads
2026-03-08 17:43:59,742 - DEBUG - 0 reads not considered because fully enclosed in repeat masked regions
2026-03-08 17:44:00,259 - DEBUG - Counting for batch 175, containing 100 cells and 8032 reads
2026-03-08 17:44:00,895 - DEBUG - 0 reads not considered because fully enclosed in repeat masked regions
2026-03-08 17:44:01,447 - DEBUG - Counting for batch 176, containing 100 cells and 7808 reads
2026-03-08 17:44:02,078 - DEBUG - 0 reads not considered because fully enclosed in repeat masked regions
2026-03-08 17:44:02,603 - DEBUG - Counting for batch 177, containing 100 cells and 7757 reads
2026-03-08 17:44:03,244 - DEBUG - 0 reads not considered because fully enclosed in repeat masked regions
2026-03-08 17:44:03,743 - DEBUG - Counting for batch 178, containing 100 cells and 8092 reads
2026-03-08 17:44:05,365 - DEBUG - 0 reads not considered because fully enclosed in repeat masked regions
2026-03-08 17:44:05,859 - DEBUG - Counting for batch 179, containing 100 cells and 7845 reads
2026-03-08 17:44:06,517 - DEBUG - 0 reads not considered because fully enclosed in repeat masked regions
2026-03-08 17:44:07,046 - DEBUG - Counting for batch 180, containing 100 cells and 7769 reads
2026-03-08 17:44:07,723 - DEBUG - 0 reads not considered because fully enclosed in repeat masked regions
2026-03-08 17:44:08,228 - DEBUG - Counting for batch 181, containing 100 cells and 7539 reads
2026-03-08 17:44:08,880 - DEBUG - 0 reads not considered because fully enclosed in repeat masked regions
2026-03-08 17:44:09,416 - DEBUG - Counting for batch 182, containing 100 cells and 8031 reads
2026-03-08 17:44:10,057 - DEBUG - 0 reads not considered because fully enclosed in repeat masked regions
2026-03-08 17:44:10,604 - DEBUG - Counting for batch 183, containing 100 cells and 7694 reads
2026-03-08 17:44:11,249 - DEBUG - 0 reads not considered because fully enclosed in repeat masked regions
2026-03-08 17:44:11,869 - DEBUG - Counting for batch 184, containing 100 cells and 8015 reads
2026-03-08 17:44:12,517 - DEBUG - 0 reads not considered because fully enclosed in repeat masked regions
2026-03-08 17:44:13,088 - DEBUG - Counting for batch 185, containing 100 cells and 7792 reads
2026-03-08 17:44:13,725 - DEBUG - 0 reads not considered because fully enclosed in repeat masked regions
2026-03-08 17:44:14,275 - DEBUG - Counting for batch 186, containing 100 cells and 7697 reads
2026-03-08 17:44:14,895 - DEBUG - 0 reads not considered because fully enclosed in repeat masked regions
2026-03-08 17:44:15,392 - DEBUG - Counting for batch 187, containing 100 cells and 7657 reads
2026-03-08 17:44:16,015 - DEBUG - 0 reads not considered because fully enclosed in repeat masked regions
2026-03-08 17:44:16,600 - DEBUG - Counting for batch 188, containing 100 cells and 7835 reads
2026-03-08 17:44:17,232 - DEBUG - 0 reads not considered because fully enclosed in repeat masked regions
2026-03-08 17:44:17,711 - DEBUG - Counting for batch 189, containing 100 cells and 8102 reads
2026-03-08 17:44:19,349 - DEBUG - 0 reads not considered because fully enclosed in repeat masked regions
2026-03-08 17:44:19,835 - DEBUG - Counting for batch 190, containing 100 cells and 7874 reads
2026-03-08 17:44:20,487 - DEBUG - 0 reads not considered because fully enclosed in repeat masked regions
2026-03-08 17:44:20,990 - DEBUG - Counting for batch 191, containing 100 cells and 7857 reads
2026-03-08 17:44:21,614 - DEBUG - 0 reads not considered because fully enclosed in repeat masked regions
2026-03-08 17:44:22,151 - DEBUG - Counting for batch 192, containing 100 cells and 7932 reads
2026-03-08 17:44:22,780 - DEBUG - 0 reads not considered because fully enclosed in repeat masked regions
2026-03-08 17:44:23,328 - DEBUG - Counting for batch 193, containing 100 cells and 7650 reads
2026-03-08 17:44:23,969 - DEBUG - 0 reads not considered because fully enclosed in repeat masked regions
2026-03-08 17:44:24,514 - DEBUG - Counting for batch 194, containing 100 cells and 7801 reads
2026-03-08 17:44:25,140 - DEBUG - 0 reads not considered because fully enclosed in repeat masked regions
2026-03-08 17:44:25,689 - DEBUG - Counting for batch 195, containing 100 cells and 7876 reads
2026-03-08 17:44:26,338 - DEBUG - 0 reads not considered because fully enclosed in repeat masked regions
2026-03-08 17:44:26,913 - DEBUG - Counting for batch 196, containing 100 cells and 7920 reads
2026-03-08 17:44:27,552 - DEBUG - 0 reads not considered because fully enclosed in repeat masked regions
2026-03-08 17:44:28,095 - DEBUG - Counting for batch 197, containing 100 cells and 7842 reads
2026-03-08 17:44:28,733 - DEBUG - 0 reads not considered because fully enclosed in repeat masked regions
2026-03-08 17:44:29,213 - DEBUG - Counting for batch 198, containing 100 cells and 7900 reads
2026-03-08 17:44:29,850 - DEBUG - 0 reads not considered because fully enclosed in repeat masked regions
2026-03-08 17:44:30,434 - DEBUG - Counting for batch 199, containing 100 cells and 8097 reads
2026-03-08 17:44:31,075 - DEBUG - 0 reads not considered because fully enclosed in repeat masked regions
2026-03-08 17:44:31,609 - DEBUG - Counting for batch 200, containing 100 cells and 7902 reads
2026-03-08 17:44:33,258 - DEBUG - 0 reads not considered because fully enclosed in repeat masked regions
2026-03-08 17:44:33,791 - DEBUG - Counting for batch 201, containing 100 cells and 8027 reads
2026-03-08 17:44:34,417 - DEBUG - 0 reads not considered because fully enclosed in repeat masked regions
2026-03-08 17:44:34,982 - DEBUG - Counting for batch 202, containing 100 cells and 7998 reads
2026-03-08 17:44:35,630 - DEBUG - 0 reads not considered because fully enclosed in repeat masked regions
2026-03-08 17:44:36,234 - DEBUG - Counting for batch 203, containing 100 cells and 8185 reads
2026-03-08 17:44:36,874 - DEBUG - 0 reads not considered because fully enclosed in repeat masked regions
2026-03-08 17:44:37,419 - DEBUG - Counting for batch 204, containing 100 cells and 7920 reads
2026-03-08 17:44:38,053 - DEBUG - 0 reads not considered because fully enclosed in repeat masked regions
2026-03-08 17:44:38,683 - DEBUG - Counting for batch 205, containing 100 cells and 7736 reads
2026-03-08 17:44:39,323 - DEBUG - 0 reads not considered because fully enclosed in repeat masked regions
2026-03-08 17:44:39,844 - DEBUG - Counting for batch 206, containing 100 cells and 8014 reads
2026-03-08 17:44:40,498 - DEBUG - 0 reads not considered because fully enclosed in repeat masked regions
2026-03-08 17:44:40,985 - DEBUG - Counting for batch 207, containing 100 cells and 8000 reads
2026-03-08 17:44:41,619 - DEBUG - 0 reads not considered because fully enclosed in repeat masked regions
2026-03-08 17:44:42,253 - DEBUG - Counting for batch 208, containing 100 cells and 7882 reads
2026-03-08 17:44:42,921 - DEBUG - 0 reads not considered because fully enclosed in repeat masked regions
2026-03-08 17:44:43,471 - DEBUG - Counting for batch 209, containing 100 cells and 8189 reads
2026-03-08 17:44:44,135 - DEBUG - 0 reads not considered because fully enclosed in repeat masked regions
2026-03-08 17:44:44,680 - DEBUG - Counting for batch 210, containing 100 cells and 7605 reads
2026-03-08 17:44:45,338 - DEBUG - 0 reads not considered because fully enclosed in repeat masked regions
2026-03-08 17:44:45,890 - DEBUG - Counting for batch 211, containing 100 cells and 7870 reads
2026-03-08 17:44:47,504 - DEBUG - 0 reads not considered because fully enclosed in repeat masked regions
2026-03-08 17:44:48,046 - DEBUG - Counting for batch 212, containing 100 cells and 7819 reads
2026-03-08 17:44:48,672 - DEBUG - 0 reads not considered because fully enclosed in repeat masked regions
2026-03-08 17:44:49,168 - DEBUG - Counting for batch 213, containing 100 cells and 7793 reads
2026-03-08 17:44:49,801 - DEBUG - 0 reads not considered because fully enclosed in repeat masked regions
2026-03-08 17:44:50,406 - DEBUG - Counting for batch 214, containing 100 cells and 7951 reads
2026-03-08 17:44:51,034 - DEBUG - 0 reads not considered because fully enclosed in repeat masked regions
2026-03-08 17:44:51,481 - DEBUG - Read first 40 million reads
2026-03-08 17:44:51,566 - DEBUG - Counting for batch 215, containing 100 cells and 8209 reads
2026-03-08 17:44:52,202 - DEBUG - 0 reads not considered because fully enclosed in repeat masked regions
2026-03-08 17:44:52,798 - DEBUG - Counting for batch 216, containing 100 cells and 7590 reads
2026-03-08 17:44:53,420 - DEBUG - 0 reads not considered because fully enclosed in repeat masked regions
2026-03-08 17:44:53,910 - DEBUG - Counting for batch 217, containing 100 cells and 7491 reads
2026-03-08 17:44:54,553 - DEBUG - 0 reads not considered because fully enclosed in repeat masked regions
2026-03-08 17:44:55,050 - DEBUG - Counting for batch 218, containing 100 cells and 7956 reads
2026-03-08 17:44:55,704 - DEBUG - 0 reads not considered because fully enclosed in repeat masked regions
2026-03-08 17:44:56,191 - DEBUG - Counting for batch 219, containing 100 cells and 7833 reads
2026-03-08 17:44:56,832 - DEBUG - 0 reads not considered because fully enclosed in repeat masked regions
2026-03-08 17:44:57,343 - DEBUG - Counting for batch 220, containing 100 cells and 7802 reads
2026-03-08 17:44:57,967 - DEBUG - 0 reads not considered because fully enclosed in repeat masked regions
2026-03-08 17:44:58,502 - DEBUG - Counting for batch 221, containing 100 cells and 7793 reads
2026-03-08 17:44:59,137 - DEBUG - 0 reads not considered because fully enclosed in repeat masked regions
2026-03-08 17:44:59,705 - DEBUG - Counting for batch 222, containing 100 cells and 7502 reads
2026-03-08 17:45:01,331 - DEBUG - 0 reads not considered because fully enclosed in repeat masked regions
2026-03-08 17:45:01,837 - DEBUG - Counting for batch 223, containing 100 cells and 7816 reads
2026-03-08 17:45:02,494 - DEBUG - 0 reads not considered because fully enclosed in repeat masked regions
2026-03-08 17:45:03,010 - DEBUG - Counting for batch 224, containing 100 cells and 7646 reads
2026-03-08 17:45:03,639 - DEBUG - 0 reads not considered because fully enclosed in repeat masked regions
2026-03-08 17:45:04,244 - DEBUG - Counting for batch 225, containing 100 cells and 7738 reads
2026-03-08 17:45:04,895 - DEBUG - 0 reads not considered because fully enclosed in repeat masked regions
2026-03-08 17:45:05,463 - DEBUG - Counting for batch 226, containing 100 cells and 7200 reads
2026-03-08 17:45:06,096 - DEBUG - 0 reads not considered because fully enclosed in repeat masked regions
2026-03-08 17:45:06,596 - DEBUG - Counting for batch 227, containing 100 cells and 8066 reads
2026-03-08 17:45:07,243 - DEBUG - 0 reads not considered because fully enclosed in repeat masked regions
2026-03-08 17:45:07,808 - DEBUG - Counting for batch 228, containing 100 cells and 7821 reads
2026-03-08 17:45:08,482 - DEBUG - 0 reads not considered because fully enclosed in repeat masked regions
2026-03-08 17:45:09,057 - DEBUG - Counting for batch 229, containing 100 cells and 7584 reads
2026-03-08 17:45:09,679 - DEBUG - 0 reads not considered because fully enclosed in repeat masked regions
2026-03-08 17:45:10,237 - DEBUG - Counting for batch 230, containing 100 cells and 7399 reads
2026-03-08 17:45:10,855 - DEBUG - 0 reads not considered because fully enclosed in repeat masked regions
2026-03-08 17:45:11,406 - DEBUG - Counting for batch 231, containing 100 cells and 7834 reads
2026-03-08 17:45:12,033 - DEBUG - 0 reads not considered because fully enclosed in repeat masked regions
2026-03-08 17:45:12,552 - DEBUG - Counting for batch 232, containing 100 cells and 7821 reads
2026-03-08 17:45:13,192 - DEBUG - 0 reads not considered because fully enclosed in repeat masked regions
2026-03-08 17:45:13,742 - DEBUG - Counting for batch 233, containing 100 cells and 7795 reads
2026-03-08 17:45:15,375 - DEBUG - 0 reads not considered because fully enclosed in repeat masked regions
2026-03-08 17:45:15,933 - DEBUG - Counting for batch 234, containing 100 cells and 7628 reads
2026-03-08 17:45:16,560 - DEBUG - 0 reads not considered because fully enclosed in repeat masked regions
2026-03-08 17:45:17,038 - DEBUG - Counting for batch 235, containing 100 cells and 7906 reads
2026-03-08 17:45:17,701 - DEBUG - 0 reads not considered because fully enclosed in repeat masked regions
2026-03-08 17:45:18,184 - DEBUG - Counting for batch 236, containing 100 cells and 7817 reads
2026-03-08 17:45:18,819 - DEBUG - 0 reads not considered because fully enclosed in repeat masked regions
2026-03-08 17:45:19,389 - DEBUG - Counting for batch 237, containing 100 cells and 7715 reads
2026-03-08 17:45:20,055 - DEBUG - 0 reads not considered because fully enclosed in repeat masked regions
2026-03-08 17:45:20,689 - DEBUG - Counting for batch 238, containing 100 cells and 7667 reads
2026-03-08 17:45:21,347 - DEBUG - 0 reads not considered because fully enclosed in repeat masked regions
2026-03-08 17:45:21,905 - DEBUG - Counting for batch 239, containing 100 cells and 7609 reads
2026-03-08 17:45:22,554 - DEBUG - 0 reads not considered because fully enclosed in repeat masked regions
2026-03-08 17:45:23,087 - DEBUG - Counting for batch 240, containing 100 cells and 7752 reads
2026-03-08 17:45:23,721 - DEBUG - 0 reads not considered because fully enclosed in repeat masked regions
2026-03-08 17:45:24,233 - DEBUG - Counting for batch 241, containing 100 cells and 7550 reads
2026-03-08 17:45:24,871 - DEBUG - 0 reads not considered because fully enclosed in repeat masked regions
2026-03-08 17:45:25,476 - DEBUG - Counting for batch 242, containing 100 cells and 8002 reads
2026-03-08 17:45:26,123 - DEBUG - 0 reads not considered because fully enclosed in repeat masked regions
2026-03-08 17:45:26,649 - DEBUG - Counting for batch 243, containing 100 cells and 7871 reads
2026-03-08 17:45:27,274 - DEBUG - 0 reads not considered because fully enclosed in repeat masked regions
2026-03-08 17:45:27,858 - DEBUG - Counting for batch 244, containing 100 cells and 7698 reads
2026-03-08 17:45:29,461 - DEBUG - 0 reads not considered because fully enclosed in repeat masked regions
2026-03-08 17:45:30,107 - DEBUG - Counting for batch 245, containing 100 cells and 7755 reads
2026-03-08 17:45:30,748 - DEBUG - 0 reads not considered because fully enclosed in repeat masked regions
2026-03-08 17:45:31,312 - DEBUG - Counting for batch 246, containing 100 cells and 7568 reads
2026-03-08 17:45:31,966 - DEBUG - 0 reads not considered because fully enclosed in repeat masked regions
2026-03-08 17:45:32,517 - DEBUG - Counting for batch 247, containing 100 cells and 7462 reads
2026-03-08 17:45:33,169 - DEBUG - 0 reads not considered because fully enclosed in repeat masked regions
2026-03-08 17:45:33,746 - DEBUG - Counting for batch 248, containing 100 cells and 7763 reads
2026-03-08 17:45:34,378 - DEBUG - 0 reads not considered because fully enclosed in repeat masked regions
2026-03-08 17:45:34,963 - DEBUG - Counting for batch 249, containing 100 cells and 7688 reads
2026-03-08 17:45:35,589 - DEBUG - 0 reads not considered because fully enclosed in repeat masked regions
2026-03-08 17:45:36,113 - DEBUG - Counting for batch 250, containing 100 cells and 7791 reads
2026-03-08 17:45:36,752 - DEBUG - 0 reads not considered because fully enclosed in repeat masked regions
2026-03-08 17:45:37,238 - DEBUG - Counting for batch 251, containing 100 cells and 7715 reads
2026-03-08 17:45:37,858 - DEBUG - 0 reads not considered because fully enclosed in repeat masked regions
2026-03-08 17:45:38,456 - DEBUG - Counting for batch 252, containing 100 cells and 7706 reads
2026-03-08 17:45:39,096 - DEBUG - 0 reads not considered because fully enclosed in repeat masked regions
2026-03-08 17:45:39,686 - DEBUG - Counting for batch 253, containing 100 cells and 7708 reads
2026-03-08 17:45:40,319 - DEBUG - 0 reads not considered because fully enclosed in repeat masked regions
2026-03-08 17:45:40,792 - DEBUG - Counting for batch 254, containing 100 cells and 7490 reads
2026-03-08 17:45:41,421 - DEBUG - 0 reads not considered because fully enclosed in repeat masked regions
2026-03-08 17:45:41,929 - DEBUG - Counting for batch 255, containing 100 cells and 7798 reads
2026-03-08 17:45:43,549 - DEBUG - 0 reads not considered because fully enclosed in repeat masked regions
2026-03-08 17:45:44,157 - DEBUG - Counting for batch 256, containing 100 cells and 7468 reads
2026-03-08 17:45:44,805 - DEBUG - 0 reads not considered because fully enclosed in repeat masked regions
2026-03-08 17:45:45,365 - DEBUG - Counting for batch 257, containing 100 cells and 7695 reads
2026-03-08 17:45:46,019 - DEBUG - 0 reads not considered because fully enclosed in repeat masked regions
2026-03-08 17:45:46,624 - DEBUG - Counting for batch 258, containing 100 cells and 7574 reads
2026-03-08 17:45:47,243 - DEBUG - 0 reads not considered because fully enclosed in repeat masked regions
2026-03-08 17:45:47,762 - DEBUG - Counting for batch 259, containing 100 cells and 7527 reads
2026-03-08 17:45:48,404 - DEBUG - 0 reads not considered because fully enclosed in repeat masked regions
2026-03-08 17:45:48,954 - DEBUG - Counting for batch 260, containing 100 cells and 7619 reads
2026-03-08 17:45:49,611 - DEBUG - 0 reads not considered because fully enclosed in repeat masked regions
2026-03-08 17:45:50,187 - DEBUG - Counting for batch 261, containing 100 cells and 7483 reads
2026-03-08 17:45:50,819 - DEBUG - 0 reads not considered because fully enclosed in repeat masked regions
2026-03-08 17:45:51,484 - DEBUG - Counting for batch 262, containing 100 cells and 7864 reads
2026-03-08 17:45:52,109 - DEBUG - 0 reads not considered because fully enclosed in repeat masked regions
2026-03-08 17:45:52,649 - DEBUG - Counting for batch 263, containing 100 cells and 7832 reads
2026-03-08 17:45:53,280 - DEBUG - 0 reads not considered because fully enclosed in repeat masked regions
2026-03-08 17:45:53,854 - DEBUG - Counting for batch 264, containing 100 cells and 7663 reads
2026-03-08 17:45:54,493 - DEBUG - 0 reads not considered because fully enclosed in repeat masked regions
2026-03-08 17:45:55,038 - DEBUG - Counting for batch 265, containing 100 cells and 7606 reads
2026-03-08 17:45:55,709 - DEBUG - 0 reads not considered because fully enclosed in repeat masked regions
2026-03-08 17:45:56,161 - DEBUG - Read first 50 million reads
2026-03-08 17:45:56,314 - DEBUG - Counting for batch 266, containing 100 cells and 7693 reads
2026-03-08 17:45:57,937 - DEBUG - 0 reads not considered because fully enclosed in repeat masked regions
2026-03-08 17:45:58,505 - DEBUG - Counting for batch 267, containing 100 cells and 7920 reads
2026-03-08 17:45:59,136 - DEBUG - 0 reads not considered because fully enclosed in repeat masked regions
2026-03-08 17:45:59,660 - DEBUG - Counting for batch 268, containing 100 cells and 7503 reads
2026-03-08 17:46:00,288 - DEBUG - 0 reads not considered because fully enclosed in repeat masked regions
2026-03-08 17:46:00,777 - DEBUG - Counting for batch 269, containing 100 cells and 8092 reads
2026-03-08 17:46:01,425 - DEBUG - 0 reads not considered because fully enclosed in repeat masked regions
2026-03-08 17:46:01,999 - DEBUG - Counting for batch 270, containing 100 cells and 7585 reads
2026-03-08 17:46:02,663 - DEBUG - 0 reads not considered because fully enclosed in repeat masked regions
2026-03-08 17:46:03,176 - DEBUG - Counting for batch 271, containing 100 cells and 7956 reads
2026-03-08 17:46:03,820 - DEBUG - 0 reads not considered because fully enclosed in repeat masked regions
2026-03-08 17:46:04,399 - DEBUG - Counting for batch 272, containing 100 cells and 7777 reads
2026-03-08 17:46:05,029 - DEBUG - 0 reads not considered because fully enclosed in repeat masked regions
2026-03-08 17:46:05,571 - DEBUG - Counting for batch 273, containing 100 cells and 7653 reads
2026-03-08 17:46:06,210 - DEBUG - 0 reads not considered because fully enclosed in repeat masked regions
2026-03-08 17:46:06,738 - DEBUG - Counting for batch 274, containing 100 cells and 7878 reads
2026-03-08 17:46:07,386 - DEBUG - 0 reads not considered because fully enclosed in repeat masked regions
2026-03-08 17:46:08,029 - DEBUG - Counting for batch 275, containing 100 cells and 7767 reads
2026-03-08 17:46:08,682 - DEBUG - 0 reads not considered because fully enclosed in repeat masked regions
2026-03-08 17:46:09,254 - DEBUG - Counting for batch 276, containing 100 cells and 7940 reads
2026-03-08 17:46:09,912 - DEBUG - 0 reads not considered because fully enclosed in repeat masked regions
2026-03-08 17:46:10,424 - DEBUG - Counting for batch 277, containing 100 cells and 7496 reads
2026-03-08 17:46:12,015 - DEBUG - 0 reads not considered because fully enclosed in repeat masked regions
2026-03-08 17:46:12,546 - DEBUG - Counting for batch 278, containing 100 cells and 7721 reads
2026-03-08 17:46:13,168 - DEBUG - 0 reads not considered because fully enclosed in repeat masked regions
2026-03-08 17:46:13,698 - DEBUG - Counting for batch 279, containing 100 cells and 7740 reads
2026-03-08 17:46:14,338 - DEBUG - 0 reads not considered because fully enclosed in repeat masked regions
2026-03-08 17:46:14,913 - DEBUG - Counting for batch 280, containing 100 cells and 7644 reads
2026-03-08 17:46:15,556 - DEBUG - 0 reads not considered because fully enclosed in repeat masked regions
2026-03-08 17:46:16,086 - DEBUG - Counting for batch 281, containing 100 cells and 7725 reads
2026-03-08 17:46:16,727 - DEBUG - 0 reads not considered because fully enclosed in repeat masked regions
2026-03-08 17:46:17,258 - DEBUG - Counting for batch 282, containing 100 cells and 7569 reads
2026-03-08 17:46:17,887 - DEBUG - 0 reads not considered because fully enclosed in repeat masked regions
2026-03-08 17:46:18,427 - DEBUG - Counting for batch 283, containing 100 cells and 7659 reads
2026-03-08 17:46:19,059 - DEBUG - 0 reads not considered because fully enclosed in repeat masked regions
2026-03-08 17:46:19,527 - DEBUG - Counting for batch 284, containing 100 cells and 7973 reads
2026-03-08 17:46:20,198 - DEBUG - 0 reads not considered because fully enclosed in repeat masked regions
2026-03-08 17:46:20,688 - DEBUG - Counting for batch 285, containing 100 cells and 7732 reads
2026-03-08 17:46:21,331 - DEBUG - 0 reads not considered because fully enclosed in repeat masked regions
2026-03-08 17:46:21,914 - DEBUG - Counting for batch 286, containing 100 cells and 7750 reads
2026-03-08 17:46:22,571 - DEBUG - 0 reads not considered because fully enclosed in repeat masked regions
2026-03-08 17:46:23,101 - DEBUG - Counting for batch 287, containing 100 cells and 7865 reads
2026-03-08 17:46:23,762 - DEBUG - 0 reads not considered because fully enclosed in repeat masked regions
2026-03-08 17:46:24,298 - DEBUG - Counting for batch 288, containing 100 cells and 7703 reads
2026-03-08 17:46:25,905 - DEBUG - 0 reads not considered because fully enclosed in repeat masked regions
2026-03-08 17:46:26,410 - DEBUG - Counting for batch 289, containing 100 cells and 7586 reads
2026-03-08 17:46:27,035 - DEBUG - 0 reads not considered because fully enclosed in repeat masked regions
2026-03-08 17:46:27,507 - DEBUG - Counting for batch 290, containing 100 cells and 7621 reads
2026-03-08 17:46:28,155 - DEBUG - 0 reads not considered because fully enclosed in repeat masked regions
2026-03-08 17:46:28,606 - DEBUG - Counting for batch 291, containing 100 cells and 7709 reads
2026-03-08 17:46:29,252 - DEBUG - 0 reads not considered because fully enclosed in repeat masked regions
2026-03-08 17:46:29,848 - DEBUG - Counting for batch 292, containing 100 cells and 7769 reads
2026-03-08 17:46:30,473 - DEBUG - 0 reads not considered because fully enclosed in repeat masked regions
2026-03-08 17:46:31,031 - DEBUG - Counting for batch 293, containing 100 cells and 7857 reads
2026-03-08 17:46:31,662 - DEBUG - 0 reads not considered because fully enclosed in repeat masked regions
2026-03-08 17:46:32,236 - DEBUG - Counting for batch 294, containing 100 cells and 7823 reads
2026-03-08 17:46:32,887 - DEBUG - 0 reads not considered because fully enclosed in repeat masked regions
2026-03-08 17:46:33,445 - DEBUG - Counting for batch 295, containing 100 cells and 7764 reads
2026-03-08 17:46:34,088 - DEBUG - 0 reads not considered because fully enclosed in repeat masked regions
2026-03-08 17:46:34,615 - DEBUG - Counting for batch 296, containing 100 cells and 7832 reads
2026-03-08 17:46:35,283 - DEBUG - 0 reads not considered because fully enclosed in repeat masked regions
2026-03-08 17:46:35,892 - DEBUG - Counting for batch 297, containing 100 cells and 7673 reads
2026-03-08 17:46:36,522 - DEBUG - 0 reads not considered because fully enclosed in repeat masked regions
2026-03-08 17:46:37,009 - DEBUG - Counting for batch 298, containing 100 cells and 7624 reads
2026-03-08 17:46:37,634 - DEBUG - 0 reads not considered because fully enclosed in repeat masked regions
2026-03-08 17:46:38,221 - DEBUG - Counting for batch 299, containing 100 cells and 7918 reads
2026-03-08 17:46:39,819 - DEBUG - 0 reads not considered because fully enclosed in repeat masked regions
2026-03-08 17:46:40,400 - DEBUG - Counting for batch 300, containing 100 cells and 8031 reads
2026-03-08 17:46:41,046 - DEBUG - 0 reads not considered because fully enclosed in repeat masked regions
2026-03-08 17:46:41,527 - DEBUG - Counting for batch 301, containing 100 cells and 7481 reads
2026-03-08 17:46:42,141 - DEBUG - 0 reads not considered because fully enclosed in repeat masked regions
2026-03-08 17:46:42,679 - DEBUG - Counting for batch 302, containing 100 cells and 7720 reads
2026-03-08 17:46:43,328 - DEBUG - 0 reads not considered because fully enclosed in repeat masked regions
2026-03-08 17:46:43,788 - DEBUG - Counting for batch 303, containing 100 cells and 7415 reads
2026-03-08 17:46:44,424 - DEBUG - 0 reads not considered because fully enclosed in repeat masked regions
2026-03-08 17:46:45,079 - DEBUG - Counting for batch 304, containing 100 cells and 7481 reads
2026-03-08 17:46:45,725 - DEBUG - 0 reads not considered because fully enclosed in repeat masked regions
2026-03-08 17:46:46,256 - DEBUG - Counting for batch 305, containing 100 cells and 7847 reads
2026-03-08 17:46:46,912 - DEBUG - 0 reads not considered because fully enclosed in repeat masked regions
2026-03-08 17:46:47,430 - DEBUG - Counting for batch 306, containing 100 cells and 7798 reads
2026-03-08 17:46:48,063 - DEBUG - 0 reads not considered because fully enclosed in repeat masked regions
2026-03-08 17:46:48,727 - DEBUG - Counting for batch 307, containing 100 cells and 7746 reads
2026-03-08 17:46:49,357 - DEBUG - 0 reads not considered because fully enclosed in repeat masked regions
2026-03-08 17:46:49,880 - DEBUG - Counting for batch 308, containing 100 cells and 7666 reads
2026-03-08 17:46:50,530 - DEBUG - 0 reads not considered because fully enclosed in repeat masked regions
2026-03-08 17:46:51,136 - DEBUG - Counting for batch 309, containing 100 cells and 7805 reads
2026-03-08 17:46:51,774 - DEBUG - 0 reads not considered because fully enclosed in repeat masked regions
2026-03-08 17:46:52,318 - DEBUG - Counting for batch 310, containing 100 cells and 7718 reads
2026-03-08 17:46:52,955 - DEBUG - 0 reads not considered because fully enclosed in repeat masked regions
2026-03-08 17:46:54,427 - DEBUG - Counting for batch 311, containing 100 cells and 7781 reads
2026-03-08 17:46:55,074 - DEBUG - 0 reads not considered because fully enclosed in repeat masked regions
2026-03-08 17:46:55,647 - DEBUG - Counting for batch 312, containing 100 cells and 7863 reads
2026-03-08 17:46:56,297 - DEBUG - 0 reads not considered because fully enclosed in repeat masked regions
2026-03-08 17:46:56,842 - DEBUG - Counting for batch 313, containing 100 cells and 7656 reads
2026-03-08 17:46:57,506 - DEBUG - 0 reads not considered because fully enclosed in repeat masked regions
2026-03-08 17:46:58,020 - DEBUG - Counting for batch 314, containing 100 cells and 7439 reads
2026-03-08 17:46:58,665 - DEBUG - 0 reads not considered because fully enclosed in repeat masked regions
2026-03-08 17:46:59,282 - DEBUG - Counting for batch 315, containing 100 cells and 7577 reads
2026-03-08 17:46:59,903 - DEBUG - 0 reads not considered because fully enclosed in repeat masked regions
2026-03-08 17:47:00,423 - DEBUG - Counting for batch 316, containing 100 cells and 7622 reads
2026-03-08 17:47:01,072 - DEBUG - 0 reads not considered because fully enclosed in repeat masked regions
2026-03-08 17:47:01,675 - DEBUG - Counting for batch 317, containing 100 cells and 7751 reads
2026-03-08 17:47:02,304 - DEBUG - 0 reads not considered because fully enclosed in repeat masked regions
2026-03-08 17:47:02,478 - DEBUG - Read first 60 million reads
2026-03-08 17:47:02,937 - DEBUG - Counting for batch 318, containing 100 cells and 7838 reads
2026-03-08 17:47:03,592 - DEBUG - 0 reads not considered because fully enclosed in repeat masked regions
2026-03-08 17:47:04,138 - DEBUG - Counting for batch 319, containing 100 cells and 7501 reads
2026-03-08 17:47:04,755 - DEBUG - 0 reads not considered because fully enclosed in repeat masked regions
2026-03-08 17:47:05,370 - DEBUG - Counting for batch 320, containing 100 cells and 7945 reads
2026-03-08 17:47:06,012 - DEBUG - 0 reads not considered because fully enclosed in repeat masked regions
2026-03-08 17:47:06,684 - DEBUG - Counting for batch 321, containing 100 cells and 7658 reads
2026-03-08 17:47:08,293 - DEBUG - 0 reads not considered because fully enclosed in repeat masked regions
2026-03-08 17:47:08,938 - DEBUG - Counting for batch 322, containing 100 cells and 7877 reads
2026-03-08 17:47:09,614 - DEBUG - 0 reads not considered because fully enclosed in repeat masked regions
2026-03-08 17:47:10,151 - DEBUG - Counting for batch 323, containing 100 cells and 7780 reads
2026-03-08 17:47:10,772 - DEBUG - 0 reads not considered because fully enclosed in repeat masked regions
2026-03-08 17:47:11,315 - DEBUG - Counting for batch 324, containing 100 cells and 7964 reads
2026-03-08 17:47:11,950 - DEBUG - 0 reads not considered because fully enclosed in repeat masked regions
2026-03-08 17:47:12,550 - DEBUG - Counting for batch 325, containing 100 cells and 7730 reads
2026-03-08 17:47:13,174 - DEBUG - 0 reads not considered because fully enclosed in repeat masked regions
2026-03-08 17:47:13,717 - DEBUG - Counting for batch 326, containing 100 cells and 7687 reads
2026-03-08 17:47:14,356 - DEBUG - 0 reads not considered because fully enclosed in repeat masked regions
2026-03-08 17:47:14,854 - DEBUG - Counting for batch 327, containing 100 cells and 7834 reads
2026-03-08 17:47:15,481 - DEBUG - 0 reads not considered because fully enclosed in repeat masked regions
2026-03-08 17:47:16,057 - DEBUG - Counting for batch 328, containing 100 cells and 7836 reads
2026-03-08 17:47:16,713 - DEBUG - 0 reads not considered because fully enclosed in repeat masked regions
2026-03-08 17:47:17,186 - DEBUG - Counting for batch 329, containing 100 cells and 7357 reads
2026-03-08 17:47:17,825 - DEBUG - 0 reads not considered because fully enclosed in repeat masked regions
2026-03-08 17:47:18,370 - DEBUG - Counting for batch 330, containing 100 cells and 7534 reads
2026-03-08 17:47:19,001 - DEBUG - 0 reads not considered because fully enclosed in repeat masked regions
2026-03-08 17:47:19,580 - DEBUG - Counting for batch 331, containing 100 cells and 7653 reads
2026-03-08 17:47:20,229 - DEBUG - 0 reads not considered because fully enclosed in repeat masked regions
2026-03-08 17:47:20,772 - DEBUG - Counting for batch 332, containing 100 cells and 7499 reads
2026-03-08 17:47:22,409 - DEBUG - 0 reads not considered because fully enclosed in repeat masked regions
2026-03-08 17:47:22,956 - DEBUG - Counting for batch 333, containing 100 cells and 7805 reads
2026-03-08 17:47:23,579 - DEBUG - 0 reads not considered because fully enclosed in repeat masked regions
2026-03-08 17:47:24,048 - DEBUG - Counting for batch 334, containing 100 cells and 7874 reads
2026-03-08 17:47:24,689 - DEBUG - 0 reads not considered because fully enclosed in repeat masked regions
2026-03-08 17:47:25,225 - DEBUG - Counting for batch 335, containing 100 cells and 8104 reads
2026-03-08 17:47:25,861 - DEBUG - 0 reads not considered because fully enclosed in repeat masked regions
2026-03-08 17:47:26,362 - DEBUG - Counting for batch 336, containing 100 cells and 7453 reads
2026-03-08 17:47:26,998 - DEBUG - 0 reads not considered because fully enclosed in repeat masked regions
2026-03-08 17:47:27,511 - DEBUG - Counting for batch 337, containing 100 cells and 7709 reads
2026-03-08 17:47:28,138 - DEBUG - 0 reads not considered because fully enclosed in repeat masked regions
2026-03-08 17:47:28,665 - DEBUG - Counting for batch 338, containing 100 cells and 7769 reads
2026-03-08 17:47:29,298 - DEBUG - 0 reads not considered because fully enclosed in repeat masked regions
2026-03-08 17:47:29,785 - DEBUG - Counting for batch 339, containing 100 cells and 7691 reads
2026-03-08 17:47:30,432 - DEBUG - 0 reads not considered because fully enclosed in repeat masked regions
2026-03-08 17:47:30,971 - DEBUG - Counting for batch 340, containing 100 cells and 7553 reads
2026-03-08 17:47:31,604 - DEBUG - 0 reads not considered because fully enclosed in repeat masked regions
2026-03-08 17:47:32,237 - DEBUG - Counting for batch 341, containing 100 cells and 7525 reads
2026-03-08 17:47:32,859 - DEBUG - 0 reads not considered because fully enclosed in repeat masked regions
2026-03-08 17:47:33,400 - DEBUG - Counting for batch 342, containing 100 cells and 7914 reads
2026-03-08 17:47:34,041 - DEBUG - 0 reads not considered because fully enclosed in repeat masked regions
2026-03-08 17:47:34,648 - DEBUG - Counting for batch 343, containing 100 cells and 7557 reads
2026-03-08 17:47:36,267 - DEBUG - 0 reads not considered because fully enclosed in repeat masked regions
2026-03-08 17:47:36,853 - DEBUG - Counting for batch 344, containing 100 cells and 7573 reads
2026-03-08 17:47:37,484 - DEBUG - 0 reads not considered because fully enclosed in repeat masked regions
2026-03-08 17:47:38,008 - DEBUG - Counting for batch 345, containing 100 cells and 7690 reads
2026-03-08 17:47:38,653 - DEBUG - 0 reads not considered because fully enclosed in repeat masked regions
2026-03-08 17:47:39,182 - DEBUG - Counting for batch 346, containing 100 cells and 7348 reads
2026-03-08 17:47:39,815 - DEBUG - 0 reads not considered because fully enclosed in repeat masked regions
2026-03-08 17:47:40,402 - DEBUG - Counting for batch 347, containing 100 cells and 7750 reads
2026-03-08 17:47:41,049 - DEBUG - 0 reads not considered because fully enclosed in repeat masked regions
2026-03-08 17:47:41,564 - DEBUG - Counting for batch 348, containing 100 cells and 7826 reads
2026-03-08 17:47:42,228 - DEBUG - 0 reads not considered because fully enclosed in repeat masked regions
2026-03-08 17:47:42,781 - DEBUG - Counting for batch 349, containing 100 cells and 7751 reads
2026-03-08 17:47:43,440 - DEBUG - 0 reads not considered because fully enclosed in repeat masked regions
2026-03-08 17:47:43,958 - DEBUG - Counting for batch 350, containing 100 cells and 7411 reads
2026-03-08 17:47:44,581 - DEBUG - 0 reads not considered because fully enclosed in repeat masked regions
2026-03-08 17:47:45,105 - DEBUG - Counting for batch 351, containing 100 cells and 7604 reads
2026-03-08 17:47:45,742 - DEBUG - 0 reads not considered because fully enclosed in repeat masked regions
2026-03-08 17:47:46,280 - DEBUG - Counting for batch 352, containing 100 cells and 7489 reads
2026-03-08 17:47:46,918 - DEBUG - 0 reads not considered because fully enclosed in repeat masked regions
2026-03-08 17:47:47,418 - DEBUG - Counting for batch 353, containing 100 cells and 7792 reads
2026-03-08 17:47:48,067 - DEBUG - 0 reads not considered because fully enclosed in repeat masked regions
2026-03-08 17:47:48,521 - DEBUG - Counting for batch 354, containing 100 cells and 7904 reads
2026-03-08 17:47:50,145 - DEBUG - 0 reads not considered because fully enclosed in repeat masked regions
2026-03-08 17:47:50,667 - DEBUG - Counting for batch 355, containing 100 cells and 8184 reads
2026-03-08 17:47:51,323 - DEBUG - 0 reads not considered because fully enclosed in repeat masked regions
2026-03-08 17:47:51,988 - DEBUG - Counting for batch 356, containing 100 cells and 8010 reads
2026-03-08 17:47:52,636 - DEBUG - 0 reads not considered because fully enclosed in repeat masked regions
2026-03-08 17:47:53,184 - DEBUG - Counting for batch 357, containing 100 cells and 7929 reads
2026-03-08 17:47:53,830 - DEBUG - 0 reads not considered because fully enclosed in repeat masked regions
2026-03-08 17:47:54,426 - DEBUG - Counting for batch 358, containing 100 cells and 7789 reads
2026-03-08 17:47:55,055 - DEBUG - 0 reads not considered because fully enclosed in repeat masked regions
2026-03-08 17:47:55,575 - DEBUG - Counting for batch 359, containing 100 cells and 7650 reads
2026-03-08 17:47:56,200 - DEBUG - 0 reads not considered because fully enclosed in repeat masked regions
2026-03-08 17:47:56,724 - DEBUG - Counting for batch 360, containing 100 cells and 7594 reads
2026-03-08 17:47:57,355 - DEBUG - 0 reads not considered because fully enclosed in repeat masked regions
2026-03-08 17:47:57,904 - DEBUG - Counting for batch 361, containing 100 cells and 7969 reads
2026-03-08 17:47:58,537 - DEBUG - 0 reads not considered because fully enclosed in repeat masked regions
2026-03-08 17:47:59,099 - DEBUG - Counting for batch 362, containing 100 cells and 7490 reads
2026-03-08 17:47:59,729 - DEBUG - 0 reads not considered because fully enclosed in repeat masked regions
2026-03-08 17:48:00,244 - DEBUG - Counting for batch 363, containing 100 cells and 7591 reads
2026-03-08 17:48:00,887 - DEBUG - 0 reads not considered because fully enclosed in repeat masked regions
2026-03-08 17:48:01,429 - DEBUG - Counting for batch 364, containing 100 cells and 8068 reads
2026-03-08 17:48:02,062 - DEBUG - 0 reads not considered because fully enclosed in repeat masked regions
2026-03-08 17:48:02,552 - DEBUG - Counting for batch 365, containing 100 cells and 7908 reads
2026-03-08 17:48:04,171 - DEBUG - 0 reads not considered because fully enclosed in repeat masked regions
2026-03-08 17:48:04,690 - DEBUG - Counting for batch 366, containing 100 cells and 7757 reads
2026-03-08 17:48:05,328 - DEBUG - 0 reads not considered because fully enclosed in repeat masked regions
2026-03-08 17:48:05,886 - DEBUG - Counting for batch 367, containing 100 cells and 7538 reads
2026-03-08 17:48:06,530 - DEBUG - 0 reads not considered because fully enclosed in repeat masked regions
2026-03-08 17:48:07,099 - DEBUG - Counting for batch 368, containing 100 cells and 7660 reads
2026-03-08 17:48:07,731 - DEBUG - 0 reads not considered because fully enclosed in repeat masked regions
2026-03-08 17:48:07,993 - DEBUG - Read first 70 million reads
2026-03-08 17:48:08,216 - DEBUG - Counting for batch 369, containing 100 cells and 7633 reads
2026-03-08 17:48:08,842 - DEBUG - 0 reads not considered because fully enclosed in repeat masked regions
2026-03-08 17:48:09,412 - DEBUG - Counting for batch 370, containing 100 cells and 7364 reads
2026-03-08 17:48:10,048 - DEBUG - 0 reads not considered because fully enclosed in repeat masked regions
2026-03-08 17:48:10,541 - DEBUG - Counting for batch 371, containing 100 cells and 7945 reads
2026-03-08 17:48:11,187 - DEBUG - 0 reads not considered because fully enclosed in repeat masked regions
2026-03-08 17:48:11,748 - DEBUG - Counting for batch 372, containing 100 cells and 7886 reads
2026-03-08 17:48:12,389 - DEBUG - 0 reads not considered because fully enclosed in repeat masked regions
2026-03-08 17:48:12,916 - DEBUG - Counting for batch 373, containing 100 cells and 7633 reads
2026-03-08 17:48:13,555 - DEBUG - 0 reads not considered because fully enclosed in repeat masked regions
2026-03-08 17:48:14,116 - DEBUG - Counting for batch 374, containing 100 cells and 7901 reads
2026-03-08 17:48:14,753 - DEBUG - 0 reads not considered because fully enclosed in repeat masked regions
2026-03-08 17:48:15,384 - DEBUG - Counting for batch 375, containing 100 cells and 7820 reads
2026-03-08 17:48:16,022 - DEBUG - 0 reads not considered because fully enclosed in repeat masked regions
2026-03-08 17:48:16,589 - DEBUG - Counting for batch 376, containing 100 cells and 7534 reads
2026-03-08 17:48:18,222 - DEBUG - 0 reads not considered because fully enclosed in repeat masked regions
2026-03-08 17:48:18,779 - DEBUG - Counting for batch 377, containing 100 cells and 7606 reads
2026-03-08 17:48:19,424 - DEBUG - 0 reads not considered because fully enclosed in repeat masked regions
2026-03-08 17:48:19,973 - DEBUG - Counting for batch 378, containing 100 cells and 7691 reads
2026-03-08 17:48:20,611 - DEBUG - 0 reads not considered because fully enclosed in repeat masked regions
2026-03-08 17:48:21,168 - DEBUG - Counting for batch 379, containing 100 cells and 7824 reads
2026-03-08 17:48:21,798 - DEBUG - 0 reads not considered because fully enclosed in repeat masked regions
2026-03-08 17:48:22,274 - DEBUG - Counting for batch 380, containing 100 cells and 7646 reads
2026-03-08 17:48:22,913 - DEBUG - 0 reads not considered because fully enclosed in repeat masked regions
2026-03-08 17:48:23,446 - DEBUG - Counting for batch 381, containing 100 cells and 7517 reads
2026-03-08 17:48:24,070 - DEBUG - 0 reads not considered because fully enclosed in repeat masked regions
2026-03-08 17:48:24,539 - DEBUG - Counting for batch 382, containing 100 cells and 7798 reads
2026-03-08 17:48:25,186 - DEBUG - 0 reads not considered because fully enclosed in repeat masked regions
2026-03-08 17:48:25,679 - DEBUG - Counting for batch 383, containing 100 cells and 7769 reads
2026-03-08 17:48:26,326 - DEBUG - 0 reads not considered because fully enclosed in repeat masked regions
2026-03-08 17:48:26,838 - DEBUG - Counting for batch 384, containing 100 cells and 7583 reads
2026-03-08 17:48:27,477 - DEBUG - 0 reads not considered because fully enclosed in repeat masked regions
2026-03-08 17:48:28,026 - DEBUG - Counting for batch 385, containing 100 cells and 7751 reads
2026-03-08 17:48:28,669 - DEBUG - 0 reads not considered because fully enclosed in repeat masked regions
2026-03-08 17:48:29,210 - DEBUG - Counting for batch 386, containing 100 cells and 7911 reads
2026-03-08 17:48:29,864 - DEBUG - 0 reads not considered because fully enclosed in repeat masked regions
2026-03-08 17:48:30,400 - DEBUG - Counting for batch 387, containing 100 cells and 7327 reads
2026-03-08 17:48:32,031 - DEBUG - 0 reads not considered because fully enclosed in repeat masked regions
2026-03-08 17:48:32,503 - DEBUG - Counting for batch 388, containing 100 cells and 7770 reads
2026-03-08 17:48:33,141 - DEBUG - 0 reads not considered because fully enclosed in repeat masked regions
2026-03-08 17:48:33,685 - DEBUG - Counting for batch 389, containing 100 cells and 7863 reads
2026-03-08 17:48:34,327 - DEBUG - 0 reads not considered because fully enclosed in repeat masked regions
2026-03-08 17:48:34,914 - DEBUG - Counting for batch 390, containing 100 cells and 7708 reads
2026-03-08 17:48:35,534 - DEBUG - 0 reads not considered because fully enclosed in repeat masked regions
2026-03-08 17:48:35,989 - DEBUG - Counting for batch 391, containing 100 cells and 7806 reads
2026-03-08 17:48:36,638 - DEBUG - 0 reads not considered because fully enclosed in repeat masked regions
2026-03-08 17:48:37,194 - DEBUG - Counting for batch 392, containing 100 cells and 7508 reads
2026-03-08 17:48:37,826 - DEBUG - 0 reads not considered because fully enclosed in repeat masked regions
2026-03-08 17:48:38,299 - DEBUG - Counting for batch 393, containing 100 cells and 7420 reads
2026-03-08 17:48:38,942 - DEBUG - 0 reads not considered because fully enclosed in repeat masked regions
2026-03-08 17:48:39,497 - DEBUG - Counting for batch 394, containing 100 cells and 7862 reads
2026-03-08 17:48:40,138 - DEBUG - 0 reads not considered because fully enclosed in repeat masked regions
2026-03-08 17:48:40,778 - DEBUG - Counting for batch 395, containing 100 cells and 8007 reads
2026-03-08 17:48:41,444 - DEBUG - 0 reads not considered because fully enclosed in repeat masked regions
2026-03-08 17:48:42,073 - DEBUG - Counting for batch 396, containing 100 cells and 7789 reads
2026-03-08 17:48:42,748 - DEBUG - 0 reads not considered because fully enclosed in repeat masked regions
2026-03-08 17:48:43,309 - DEBUG - Counting for batch 397, containing 100 cells and 7497 reads
2026-03-08 17:48:43,925 - DEBUG - 0 reads not considered because fully enclosed in repeat masked regions
2026-03-08 17:48:44,438 - DEBUG - Counting for batch 398, containing 100 cells and 7542 reads
2026-03-08 17:48:45,061 - DEBUG - 0 reads not considered because fully enclosed in repeat masked regions
2026-03-08 17:48:46,592 - DEBUG - Counting for batch 399, containing 100 cells and 7820 reads
2026-03-08 17:48:47,241 - DEBUG - 0 reads not considered because fully enclosed in repeat masked regions
2026-03-08 17:48:47,784 - DEBUG - Counting for batch 400, containing 100 cells and 7487 reads
2026-03-08 17:48:48,410 - DEBUG - 0 reads not considered because fully enclosed in repeat masked regions
2026-03-08 17:48:48,883 - DEBUG - Counting for batch 401, containing 100 cells and 7832 reads
2026-03-08 17:48:49,517 - DEBUG - 0 reads not considered because fully enclosed in repeat masked regions
2026-03-08 17:48:50,038 - DEBUG - Counting for batch 402, containing 100 cells and 7773 reads
2026-03-08 17:48:50,661 - DEBUG - 0 reads not considered because fully enclosed in repeat masked regions
2026-03-08 17:48:51,209 - DEBUG - Counting for batch 403, containing 100 cells and 7794 reads
2026-03-08 17:48:51,846 - DEBUG - 0 reads not considered because fully enclosed in repeat masked regions
2026-03-08 17:48:52,405 - DEBUG - Counting for batch 404, containing 100 cells and 7620 reads
2026-03-08 17:48:53,058 - DEBUG - 0 reads not considered because fully enclosed in repeat masked regions
2026-03-08 17:48:53,619 - DEBUG - Counting for batch 405, containing 100 cells and 7808 reads
2026-03-08 17:48:54,268 - DEBUG - 0 reads not considered because fully enclosed in repeat masked regions
2026-03-08 17:48:54,765 - DEBUG - Counting for batch 406, containing 100 cells and 7615 reads
2026-03-08 17:48:55,426 - DEBUG - 0 reads not considered because fully enclosed in repeat masked regions
2026-03-08 17:48:55,924 - DEBUG - Counting for batch 407, containing 100 cells and 7644 reads
2026-03-08 17:48:56,554 - DEBUG - 0 reads not considered because fully enclosed in repeat masked regions
2026-03-08 17:48:57,100 - DEBUG - Counting for batch 408, containing 100 cells and 7254 reads
2026-03-08 17:48:57,730 - DEBUG - 0 reads not considered because fully enclosed in repeat masked regions
2026-03-08 17:48:58,241 - DEBUG - Counting for batch 409, containing 100 cells and 7681 reads
2026-03-08 17:48:58,872 - DEBUG - 0 reads not considered because fully enclosed in repeat masked regions
2026-03-08 17:49:00,405 - DEBUG - Counting for batch 410, containing 100 cells and 7707 reads
2026-03-08 17:49:01,036 - DEBUG - 0 reads not considered because fully enclosed in repeat masked regions
2026-03-08 17:49:01,512 - DEBUG - Counting for batch 411, containing 100 cells and 7514 reads
2026-03-08 17:49:02,135 - DEBUG - 0 reads not considered because fully enclosed in repeat masked regions
2026-03-08 17:49:02,673 - DEBUG - Counting for batch 412, containing 100 cells and 7488 reads
2026-03-08 17:49:03,324 - DEBUG - 0 reads not considered because fully enclosed in repeat masked regions
2026-03-08 17:49:03,897 - DEBUG - Counting for batch 413, containing 100 cells and 7880 reads
2026-03-08 17:49:04,529 - DEBUG - 0 reads not considered because fully enclosed in repeat masked regions
2026-03-08 17:49:05,100 - DEBUG - Counting for batch 414, containing 100 cells and 8138 reads
2026-03-08 17:49:05,758 - DEBUG - 0 reads not considered because fully enclosed in repeat masked regions
2026-03-08 17:49:06,315 - DEBUG - Counting for batch 415, containing 100 cells and 7560 reads
2026-03-08 17:49:06,934 - DEBUG - 0 reads not considered because fully enclosed in repeat masked regions
2026-03-08 17:49:07,497 - DEBUG - Counting for batch 416, containing 100 cells and 8079 reads
2026-03-08 17:49:08,143 - DEBUG - 0 reads not considered because fully enclosed in repeat masked regions
2026-03-08 17:49:08,675 - DEBUG - Counting for batch 417, containing 100 cells and 7693 reads
2026-03-08 17:49:09,309 - DEBUG - 0 reads not considered because fully enclosed in repeat masked regions
2026-03-08 17:49:09,828 - DEBUG - Counting for batch 418, containing 100 cells and 7776 reads
2026-03-08 17:49:10,460 - DEBUG - 0 reads not considered because fully enclosed in repeat masked regions
2026-03-08 17:49:11,068 - DEBUG - Counting for batch 419, containing 100 cells and 7755 reads
2026-03-08 17:49:11,702 - DEBUG - 0 reads not considered because fully enclosed in repeat masked regions
2026-03-08 17:49:12,216 - DEBUG - Counting for batch 420, containing 100 cells and 7934 reads
2026-03-08 17:49:13,824 - DEBUG - 0 reads not considered because fully enclosed in repeat masked regions
2026-03-08 17:49:14,084 - DEBUG - Read first 80 million reads
2026-03-08 17:49:14,329 - DEBUG - Counting for batch 421, containing 100 cells and 7982 reads
2026-03-08 17:49:14,968 - DEBUG - 0 reads not considered because fully enclosed in repeat masked regions
2026-03-08 17:49:15,515 - DEBUG - Counting for batch 422, containing 100 cells and 7890 reads
2026-03-08 17:49:16,155 - DEBUG - 0 reads not considered because fully enclosed in repeat masked regions
2026-03-08 17:49:16,714 - DEBUG - Counting for batch 423, containing 100 cells and 7501 reads
2026-03-08 17:49:17,349 - DEBUG - 0 reads not considered because fully enclosed in repeat masked regions
2026-03-08 17:49:17,954 - DEBUG - Counting for batch 424, containing 100 cells and 8041 reads
2026-03-08 17:49:18,613 - DEBUG - 0 reads not considered because fully enclosed in repeat masked regions
2026-03-08 17:49:19,098 - DEBUG - Counting for batch 425, containing 100 cells and 7679 reads
2026-03-08 17:49:19,741 - DEBUG - 0 reads not considered because fully enclosed in repeat masked regions
2026-03-08 17:49:20,380 - DEBUG - Counting for batch 426, containing 100 cells and 7978 reads
2026-03-08 17:49:21,017 - DEBUG - 0 reads not considered because fully enclosed in repeat masked regions
2026-03-08 17:49:21,481 - DEBUG - Counting for batch 427, containing 100 cells and 7969 reads
2026-03-08 17:49:22,144 - DEBUG - 0 reads not considered because fully enclosed in repeat masked regions
2026-03-08 17:49:22,718 - DEBUG - Counting for batch 428, containing 100 cells and 8166 reads
2026-03-08 17:49:23,374 - DEBUG - 0 reads not considered because fully enclosed in repeat masked regions
2026-03-08 17:49:23,951 - DEBUG - Counting for batch 429, containing 100 cells and 7457 reads
2026-03-08 17:49:24,570 - DEBUG - 0 reads not considered because fully enclosed in repeat masked regions
2026-03-08 17:49:25,151 - DEBUG - Counting for batch 430, containing 100 cells and 7682 reads
2026-03-08 17:49:25,797 - DEBUG - 0 reads not considered because fully enclosed in repeat masked regions
2026-03-08 17:49:26,389 - DEBUG - Counting for batch 431, containing 100 cells and 8100 reads
2026-03-08 17:49:28,024 - DEBUG - 0 reads not considered because fully enclosed in repeat masked regions
2026-03-08 17:49:28,660 - DEBUG - Counting for batch 432, containing 100 cells and 7699 reads
2026-03-08 17:49:29,324 - DEBUG - 0 reads not considered because fully enclosed in repeat masked regions
2026-03-08 17:49:29,962 - DEBUG - Counting for batch 433, containing 100 cells and 7703 reads
2026-03-08 17:49:30,590 - DEBUG - 0 reads not considered because fully enclosed in repeat masked regions
2026-03-08 17:49:31,210 - DEBUG - Counting for batch 434, containing 100 cells and 8077 reads
2026-03-08 17:49:31,852 - DEBUG - 0 reads not considered because fully enclosed in repeat masked regions
2026-03-08 17:49:32,442 - DEBUG - Counting for batch 435, containing 100 cells and 7713 reads
2026-03-08 17:49:33,075 - DEBUG - 0 reads not considered because fully enclosed in repeat masked regions
2026-03-08 17:49:33,545 - DEBUG - Counting for batch 436, containing 100 cells and 7441 reads
2026-03-08 17:49:34,166 - DEBUG - 0 reads not considered because fully enclosed in repeat masked regions
2026-03-08 17:49:34,713 - DEBUG - Counting for batch 437, containing 100 cells and 7751 reads
2026-03-08 17:49:35,336 - DEBUG - 0 reads not considered because fully enclosed in repeat masked regions
2026-03-08 17:49:35,849 - DEBUG - Counting for batch 438, containing 100 cells and 8069 reads
2026-03-08 17:49:36,483 - DEBUG - 0 reads not considered because fully enclosed in repeat masked regions
2026-03-08 17:49:37,015 - DEBUG - Counting for batch 439, containing 100 cells and 7655 reads
2026-03-08 17:49:37,638 - DEBUG - 0 reads not considered because fully enclosed in repeat masked regions
2026-03-08 17:49:38,116 - DEBUG - Counting for batch 440, containing 100 cells and 7895 reads
2026-03-08 17:49:38,752 - DEBUG - 0 reads not considered because fully enclosed in repeat masked regions
2026-03-08 17:49:39,259 - DEBUG - Counting for batch 441, containing 100 cells and 7367 reads
2026-03-08 17:49:39,894 - DEBUG - 0 reads not considered because fully enclosed in repeat masked regions
2026-03-08 17:49:40,361 - DEBUG - Counting for batch 442, containing 100 cells and 7954 reads
2026-03-08 17:49:41,997 - DEBUG - 0 reads not considered because fully enclosed in repeat masked regions
2026-03-08 17:49:42,488 - DEBUG - Counting for batch 443, containing 100 cells and 7792 reads
2026-03-08 17:49:43,125 - DEBUG - 0 reads not considered because fully enclosed in repeat masked regions
2026-03-08 17:49:43,682 - DEBUG - Counting for batch 444, containing 100 cells and 7527 reads
2026-03-08 17:49:44,302 - DEBUG - 0 reads not considered because fully enclosed in repeat masked regions
2026-03-08 17:49:44,907 - DEBUG - Counting for batch 445, containing 100 cells and 7953 reads
2026-03-08 17:49:45,545 - DEBUG - 0 reads not considered because fully enclosed in repeat masked regions
2026-03-08 17:49:46,087 - DEBUG - Counting for batch 446, containing 100 cells and 7263 reads
2026-03-08 17:49:46,730 - DEBUG - 0 reads not considered because fully enclosed in repeat masked regions
2026-03-08 17:49:47,266 - DEBUG - Counting for batch 447, containing 100 cells and 7825 reads
2026-03-08 17:49:47,899 - DEBUG - 0 reads not considered because fully enclosed in repeat masked regions
2026-03-08 17:49:48,382 - DEBUG - Counting for batch 448, containing 100 cells and 7429 reads
2026-03-08 17:49:49,005 - DEBUG - 0 reads not considered because fully enclosed in repeat masked regions
2026-03-08 17:49:49,613 - DEBUG - Counting for batch 449, containing 100 cells and 7680 reads
2026-03-08 17:49:50,256 - DEBUG - 0 reads not considered because fully enclosed in repeat masked regions
2026-03-08 17:49:50,865 - DEBUG - Counting for batch 450, containing 100 cells and 7886 reads
2026-03-08 17:49:51,510 - DEBUG - 0 reads not considered because fully enclosed in repeat masked regions
2026-03-08 17:49:52,203 - DEBUG - Counting for batch 451, containing 100 cells and 8099 reads
2026-03-08 17:49:52,864 - DEBUG - 0 reads not considered because fully enclosed in repeat masked regions
2026-03-08 17:49:53,446 - DEBUG - Counting for batch 452, containing 100 cells and 7761 reads
2026-03-08 17:49:54,102 - DEBUG - 0 reads not considered because fully enclosed in repeat masked regions
2026-03-08 17:49:54,638 - DEBUG - Counting for batch 453, containing 100 cells and 7630 reads
2026-03-08 17:49:56,265 - DEBUG - 0 reads not considered because fully enclosed in repeat masked regions
2026-03-08 17:49:56,778 - DEBUG - Counting for batch 454, containing 100 cells and 7930 reads
2026-03-08 17:49:57,422 - DEBUG - 0 reads not considered because fully enclosed in repeat masked regions
2026-03-08 17:49:57,873 - DEBUG - Counting for batch 455, containing 100 cells and 7656 reads
2026-03-08 17:49:58,499 - DEBUG - 0 reads not considered because fully enclosed in repeat masked regions
2026-03-08 17:49:59,114 - DEBUG - Counting for batch 456, containing 100 cells and 7945 reads
2026-03-08 17:49:59,770 - DEBUG - 0 reads not considered because fully enclosed in repeat masked regions
2026-03-08 17:50:00,371 - DEBUG - Counting for batch 457, containing 100 cells and 7872 reads
2026-03-08 17:50:01,006 - DEBUG - 0 reads not considered because fully enclosed in repeat masked regions
2026-03-08 17:50:01,520 - DEBUG - Counting for batch 458, containing 100 cells and 7903 reads
2026-03-08 17:50:02,175 - DEBUG - 0 reads not considered because fully enclosed in repeat masked regions
2026-03-08 17:50:02,728 - DEBUG - Counting for batch 459, containing 100 cells and 7399 reads
2026-03-08 17:50:03,385 - DEBUG - 0 reads not considered because fully enclosed in repeat masked regions
2026-03-08 17:50:03,924 - DEBUG - Counting for batch 460, containing 100 cells and 7939 reads
2026-03-08 17:50:04,574 - DEBUG - 0 reads not considered because fully enclosed in repeat masked regions
2026-03-08 17:50:05,162 - DEBUG - Counting for batch 461, containing 100 cells and 8040 reads
2026-03-08 17:50:05,826 - DEBUG - 0 reads not considered because fully enclosed in repeat masked regions
2026-03-08 17:50:06,385 - DEBUG - Counting for batch 462, containing 100 cells and 7242 reads
2026-03-08 17:50:07,017 - DEBUG - 0 reads not considered because fully enclosed in repeat masked regions
2026-03-08 17:50:07,577 - DEBUG - Counting for batch 463, containing 100 cells and 7644 reads
2026-03-08 17:50:08,200 - DEBUG - 0 reads not considered because fully enclosed in repeat masked regions
2026-03-08 17:50:08,755 - DEBUG - Counting for batch 464, containing 100 cells and 7663 reads
2026-03-08 17:50:10,354 - DEBUG - 0 reads not considered because fully enclosed in repeat masked regions
2026-03-08 17:50:10,924 - DEBUG - Counting for batch 465, containing 100 cells and 7883 reads
2026-03-08 17:50:11,573 - DEBUG - 0 reads not considered because fully enclosed in repeat masked regions
2026-03-08 17:50:12,062 - DEBUG - Counting for batch 466, containing 100 cells and 7810 reads
2026-03-08 17:50:12,697 - DEBUG - 0 reads not considered because fully enclosed in repeat masked regions
2026-03-08 17:50:13,216 - DEBUG - Counting for batch 467, containing 100 cells and 7335 reads
2026-03-08 17:50:13,837 - DEBUG - 0 reads not considered because fully enclosed in repeat masked regions
2026-03-08 17:50:14,444 - DEBUG - Counting for batch 468, containing 100 cells and 7743 reads
2026-03-08 17:50:15,074 - DEBUG - 0 reads not considered because fully enclosed in repeat masked regions
2026-03-08 17:50:15,653 - DEBUG - Counting for batch 469, containing 100 cells and 7628 reads
2026-03-08 17:50:16,303 - DEBUG - 0 reads not considered because fully enclosed in repeat masked regions
2026-03-08 17:50:16,828 - DEBUG - Counting for batch 470, containing 100 cells and 7911 reads
2026-03-08 17:50:17,455 - DEBUG - 0 reads not considered because fully enclosed in repeat masked regions
2026-03-08 17:50:17,971 - DEBUG - Counting for batch 471, containing 100 cells and 7564 reads
2026-03-08 17:50:18,608 - DEBUG - 0 reads not considered because fully enclosed in repeat masked regions
2026-03-08 17:50:18,750 - DEBUG - Read first 90 million reads
2026-03-08 17:50:19,041 - DEBUG - Counting for batch 472, containing 100 cells and 7462 reads
2026-03-08 17:50:19,671 - DEBUG - 0 reads not considered because fully enclosed in repeat masked regions
2026-03-08 17:50:20,189 - DEBUG - Counting for batch 473, containing 100 cells and 7527 reads
2026-03-08 17:50:20,807 - DEBUG - 0 reads not considered because fully enclosed in repeat masked regions
2026-03-08 17:50:21,389 - DEBUG - Counting for batch 474, containing 100 cells and 7722 reads
2026-03-08 17:50:22,016 - DEBUG - 0 reads not considered because fully enclosed in repeat masked regions
2026-03-08 17:50:22,503 - DEBUG - Counting for batch 475, containing 100 cells and 7490 reads
2026-03-08 17:50:24,117 - DEBUG - 0 reads not considered because fully enclosed in repeat masked regions
2026-03-08 17:50:24,613 - DEBUG - Counting for batch 476, containing 100 cells and 8098 reads
2026-03-08 17:50:25,262 - DEBUG - 0 reads not considered because fully enclosed in repeat masked regions
2026-03-08 17:50:25,767 - DEBUG - Counting for batch 477, containing 100 cells and 7728 reads
2026-03-08 17:50:26,415 - DEBUG - 0 reads not considered because fully enclosed in repeat masked regions
2026-03-08 17:50:26,902 - DEBUG - Counting for batch 478, containing 100 cells and 8152 reads
2026-03-08 17:50:27,557 - DEBUG - 0 reads not considered because fully enclosed in repeat masked regions
2026-03-08 17:50:28,129 - DEBUG - Counting for batch 479, containing 100 cells and 7497 reads
2026-03-08 17:50:28,778 - DEBUG - 0 reads not considered because fully enclosed in repeat masked regions
2026-03-08 17:50:29,315 - DEBUG - Counting for batch 480, containing 100 cells and 7543 reads
2026-03-08 17:50:29,934 - DEBUG - 0 reads not considered because fully enclosed in repeat masked regions
2026-03-08 17:50:30,523 - DEBUG - Counting for batch 481, containing 100 cells and 8215 reads
2026-03-08 17:50:31,154 - DEBUG - 0 reads not considered because fully enclosed in repeat masked regions
2026-03-08 17:50:31,694 - DEBUG - Counting for batch 482, containing 100 cells and 7423 reads
2026-03-08 17:50:32,316 - DEBUG - 0 reads not considered because fully enclosed in repeat masked regions
2026-03-08 17:50:32,824 - DEBUG - Counting for batch 483, containing 100 cells and 7814 reads
2026-03-08 17:50:33,449 - DEBUG - 0 reads not considered because fully enclosed in repeat masked regions
2026-03-08 17:50:34,003 - DEBUG - Counting for batch 484, containing 100 cells and 7448 reads
2026-03-08 17:50:34,623 - DEBUG - 0 reads not considered because fully enclosed in repeat masked regions
2026-03-08 17:50:35,164 - DEBUG - Counting for batch 485, containing 100 cells and 7313 reads
2026-03-08 17:50:35,790 - DEBUG - 0 reads not considered because fully enclosed in repeat masked regions
2026-03-08 17:50:36,355 - DEBUG - Counting for batch 486, containing 100 cells and 7521 reads
2026-03-08 17:50:36,986 - DEBUG - 0 reads not considered because fully enclosed in repeat masked regions
2026-03-08 17:50:37,530 - DEBUG - Counting for batch 487, containing 100 cells and 7704 reads
2026-03-08 17:50:39,154 - DEBUG - 0 reads not considered because fully enclosed in repeat masked regions
2026-03-08 17:50:39,670 - DEBUG - Counting for batch 488, containing 100 cells and 7563 reads
2026-03-08 17:50:40,334 - DEBUG - 0 reads not considered because fully enclosed in repeat masked regions
2026-03-08 17:50:40,872 - DEBUG - Counting for batch 489, containing 100 cells and 7568 reads
2026-03-08 17:50:41,527 - DEBUG - 0 reads not considered because fully enclosed in repeat masked regions
2026-03-08 17:50:42,058 - DEBUG - Counting for batch 490, containing 100 cells and 7667 reads
2026-03-08 17:50:42,686 - DEBUG - 0 reads not considered because fully enclosed in repeat masked regions
2026-03-08 17:50:43,270 - DEBUG - Counting for batch 491, containing 100 cells and 7868 reads
2026-03-08 17:50:43,895 - DEBUG - 0 reads not considered because fully enclosed in repeat masked regions
2026-03-08 17:50:44,458 - DEBUG - Counting for batch 492, containing 100 cells and 7472 reads
2026-03-08 17:50:45,094 - DEBUG - 0 reads not considered because fully enclosed in repeat masked regions
2026-03-08 17:50:45,651 - DEBUG - Counting for batch 493, containing 100 cells and 7760 reads
2026-03-08 17:50:46,291 - DEBUG - 0 reads not considered because fully enclosed in repeat masked regions
2026-03-08 17:50:46,783 - DEBUG - Counting for batch 494, containing 100 cells and 7453 reads
2026-03-08 17:50:47,426 - DEBUG - 0 reads not considered because fully enclosed in repeat masked regions
2026-03-08 17:50:48,015 - DEBUG - Counting for batch 495, containing 100 cells and 7489 reads
2026-03-08 17:50:48,652 - DEBUG - 0 reads not considered because fully enclosed in repeat masked regions
2026-03-08 17:50:49,131 - DEBUG - Counting for batch 496, containing 100 cells and 7650 reads
2026-03-08 17:50:49,762 - DEBUG - 0 reads not considered because fully enclosed in repeat masked regions
2026-03-08 17:50:50,347 - DEBUG - Counting for batch 497, containing 100 cells and 7846 reads
2026-03-08 17:50:50,995 - DEBUG - 0 reads not considered because fully enclosed in repeat masked regions
2026-03-08 17:50:52,482 - DEBUG - Counting for batch 498, containing 100 cells and 7345 reads
2026-03-08 17:50:53,120 - DEBUG - 0 reads not considered because fully enclosed in repeat masked regions
2026-03-08 17:50:53,639 - DEBUG - Counting for batch 499, containing 100 cells and 7720 reads
2026-03-08 17:50:54,281 - DEBUG - 0 reads not considered because fully enclosed in repeat masked regions
2026-03-08 17:50:54,825 - DEBUG - Counting for batch 500, containing 100 cells and 7777 reads
2026-03-08 17:50:55,460 - DEBUG - 0 reads not considered because fully enclosed in repeat masked regions
2026-03-08 17:50:55,949 - DEBUG - Counting for batch 501, containing 100 cells and 8086 reads
2026-03-08 17:50:56,576 - DEBUG - 0 reads not considered because fully enclosed in repeat masked regions
2026-03-08 17:50:57,105 - DEBUG - Counting for batch 502, containing 100 cells and 7537 reads
2026-03-08 17:50:57,743 - DEBUG - 0 reads not considered because fully enclosed in repeat masked regions
2026-03-08 17:50:58,261 - DEBUG - Counting for batch 503, containing 100 cells and 7949 reads
2026-03-08 17:50:58,890 - DEBUG - 0 reads not considered because fully enclosed in repeat masked regions
2026-03-08 17:50:59,481 - DEBUG - Counting for batch 504, containing 100 cells and 7808 reads
2026-03-08 17:51:00,111 - DEBUG - 0 reads not considered because fully enclosed in repeat masked regions
2026-03-08 17:51:00,648 - DEBUG - Counting for batch 505, containing 100 cells and 7416 reads
2026-03-08 17:51:01,281 - DEBUG - 0 reads not considered because fully enclosed in repeat masked regions
2026-03-08 17:51:01,860 - DEBUG - Counting for batch 506, containing 100 cells and 7439 reads
2026-03-08 17:51:02,502 - DEBUG - 0 reads not considered because fully enclosed in repeat masked regions
2026-03-08 17:51:03,084 - DEBUG - Counting for batch 507, containing 100 cells and 7955 reads
2026-03-08 17:51:03,730 - DEBUG - 0 reads not considered because fully enclosed in repeat masked regions
2026-03-08 17:51:04,247 - DEBUG - Counting for batch 508, containing 100 cells and 7558 reads
2026-03-08 17:51:05,894 - DEBUG - 0 reads not considered because fully enclosed in repeat masked regions
2026-03-08 17:51:06,432 - DEBUG - Counting for batch 509, containing 100 cells and 7555 reads
2026-03-08 17:51:07,049 - DEBUG - 0 reads not considered because fully enclosed in repeat masked regions
2026-03-08 17:51:07,579 - DEBUG - Counting for batch 510, containing 100 cells and 7817 reads
2026-03-08 17:51:08,201 - DEBUG - 0 reads not considered because fully enclosed in repeat masked regions
2026-03-08 17:51:08,736 - DEBUG - Counting for batch 511, containing 100 cells and 7300 reads
2026-03-08 17:51:09,377 - DEBUG - 0 reads not considered because fully enclosed in repeat masked regions
2026-03-08 17:51:09,881 - DEBUG - Counting for batch 512, containing 100 cells and 7683 reads
2026-03-08 17:51:10,518 - DEBUG - 0 reads not considered because fully enclosed in repeat masked regions
2026-03-08 17:51:11,055 - DEBUG - Counting for batch 513, containing 100 cells and 7610 reads
2026-03-08 17:51:11,699 - DEBUG - 0 reads not considered because fully enclosed in repeat masked regions
2026-03-08 17:51:12,300 - DEBUG - Counting for batch 514, containing 100 cells and 7883 reads
2026-03-08 17:51:12,925 - DEBUG - 0 reads not considered because fully enclosed in repeat masked regions
2026-03-08 17:51:13,414 - DEBUG - Counting for batch 515, containing 100 cells and 7618 reads
2026-03-08 17:51:14,043 - DEBUG - 0 reads not considered because fully enclosed in repeat masked regions
2026-03-08 17:51:14,618 - DEBUG - Counting for batch 516, containing 100 cells and 7676 reads
2026-03-08 17:51:15,280 - DEBUG - 0 reads not considered because fully enclosed in repeat masked regions
2026-03-08 17:51:15,758 - DEBUG - Counting for batch 517, containing 100 cells and 7666 reads
2026-03-08 17:51:16,374 - DEBUG - 0 reads not considered because fully enclosed in repeat masked regions
2026-03-08 17:51:16,815 - DEBUG - Counting for batch 518, containing 100 cells and 7645 reads
2026-03-08 17:51:17,443 - DEBUG - 0 reads not considered because fully enclosed in repeat masked regions
2026-03-08 17:51:17,893 - DEBUG - Counting for batch 519, containing 100 cells and 7683 reads
2026-03-08 17:51:18,528 - DEBUG - 0 reads not considered because fully enclosed in repeat masked regions
2026-03-08 17:51:18,985 - DEBUG - Counting for batch 520, containing 100 cells and 7757 reads
2026-03-08 17:51:20,618 - DEBUG - 0 reads not considered because fully enclosed in repeat masked regions
2026-03-08 17:51:21,195 - DEBUG - Counting for batch 521, containing 100 cells and 7778 reads
2026-03-08 17:51:21,843 - DEBUG - 0 reads not considered because fully enclosed in repeat masked regions
2026-03-08 17:51:22,393 - DEBUG - Counting for batch 522, containing 100 cells and 7856 reads
2026-03-08 17:51:23,037 - DEBUG - 0 reads not considered because fully enclosed in repeat masked regions
2026-03-08 17:51:23,615 - DEBUG - Counting for batch 523, containing 100 cells and 7811 reads
2026-03-08 17:51:24,254 - DEBUG - 0 reads not considered because fully enclosed in repeat masked regions
2026-03-08 17:51:24,831 - DEBUG - Read first 100 million reads
2026-03-08 17:51:24,843 - DEBUG - Counting for batch 524, containing 100 cells and 7640 reads
2026-03-08 17:51:25,489 - DEBUG - 0 reads not considered because fully enclosed in repeat masked regions
2026-03-08 17:51:25,973 - DEBUG - Counting for batch 525, containing 100 cells and 8204 reads
2026-03-08 17:51:26,651 - DEBUG - 0 reads not considered because fully enclosed in repeat masked regions
2026-03-08 17:51:27,225 - DEBUG - Counting for batch 526, containing 100 cells and 7668 reads
2026-03-08 17:51:27,873 - DEBUG - 0 reads not considered because fully enclosed in repeat masked regions
2026-03-08 17:51:28,344 - DEBUG - Counting for batch 527, containing 100 cells and 7970 reads
2026-03-08 17:51:28,971 - DEBUG - 0 reads not considered because fully enclosed in repeat masked regions
2026-03-08 17:51:29,504 - DEBUG - Counting for batch 528, containing 100 cells and 8013 reads
2026-03-08 17:51:30,131 - DEBUG - 0 reads not considered because fully enclosed in repeat masked regions
2026-03-08 17:51:30,658 - DEBUG - Counting for batch 529, containing 100 cells and 7839 reads
2026-03-08 17:51:31,294 - DEBUG - 0 reads not considered because fully enclosed in repeat masked regions
2026-03-08 17:51:31,821 - DEBUG - Counting for batch 530, containing 100 cells and 7651 reads
2026-03-08 17:51:32,452 - DEBUG - 0 reads not considered because fully enclosed in repeat masked regions
2026-03-08 17:51:33,016 - DEBUG - Counting for batch 531, containing 100 cells and 8008 reads
2026-03-08 17:51:34,618 - DEBUG - 0 reads not considered because fully enclosed in repeat masked regions
2026-03-08 17:51:35,175 - DEBUG - Counting for batch 532, containing 100 cells and 7644 reads
2026-03-08 17:51:35,803 - DEBUG - 0 reads not considered because fully enclosed in repeat masked regions
2026-03-08 17:51:36,325 - DEBUG - Counting for batch 533, containing 100 cells and 7631 reads
2026-03-08 17:51:36,967 - DEBUG - 0 reads not considered because fully enclosed in repeat masked regions
2026-03-08 17:51:37,501 - DEBUG - Counting for batch 534, containing 100 cells and 7705 reads
2026-03-08 17:51:38,134 - DEBUG - 0 reads not considered because fully enclosed in repeat masked regions
2026-03-08 17:51:38,635 - DEBUG - Counting for batch 535, containing 100 cells and 7747 reads
2026-03-08 17:51:39,305 - DEBUG - 0 reads not considered because fully enclosed in repeat masked regions
2026-03-08 17:51:39,924 - DEBUG - Counting for batch 536, containing 100 cells and 7601 reads
2026-03-08 17:51:40,541 - DEBUG - 0 reads not considered because fully enclosed in repeat masked regions
2026-03-08 17:51:41,111 - DEBUG - Counting for batch 537, containing 100 cells and 8035 reads
2026-03-08 17:51:41,770 - DEBUG - 0 reads not considered because fully enclosed in repeat masked regions
2026-03-08 17:51:42,370 - DEBUG - Counting for batch 538, containing 100 cells and 7782 reads
2026-03-08 17:51:43,010 - DEBUG - 0 reads not considered because fully enclosed in repeat masked regions
2026-03-08 17:51:43,554 - DEBUG - Counting for batch 539, containing 100 cells and 8046 reads
2026-03-08 17:51:44,189 - DEBUG - 0 reads not considered because fully enclosed in repeat masked regions
2026-03-08 17:51:44,708 - DEBUG - Counting for batch 540, containing 100 cells and 7461 reads
2026-03-08 17:51:45,349 - DEBUG - 0 reads not considered because fully enclosed in repeat masked regions
2026-03-08 17:51:45,871 - DEBUG - Counting for batch 541, containing 100 cells and 7949 reads
2026-03-08 17:51:46,521 - DEBUG - 0 reads not considered because fully enclosed in repeat masked regions
2026-03-08 17:51:47,164 - DEBUG - Counting for batch 542, containing 100 cells and 8129 reads
2026-03-08 17:51:48,777 - DEBUG - 0 reads not considered because fully enclosed in repeat masked regions
2026-03-08 17:51:49,423 - DEBUG - Counting for batch 543, containing 100 cells and 8173 reads
2026-03-08 17:51:50,067 - DEBUG - 0 reads not considered because fully enclosed in repeat masked regions
2026-03-08 17:51:50,605 - DEBUG - Counting for batch 544, containing 100 cells and 8079 reads
2026-03-08 17:51:51,244 - DEBUG - 0 reads not considered because fully enclosed in repeat masked regions
2026-03-08 17:51:51,739 - DEBUG - Counting for batch 545, containing 100 cells and 7614 reads
2026-03-08 17:51:52,377 - DEBUG - 0 reads not considered because fully enclosed in repeat masked regions
2026-03-08 17:51:52,890 - DEBUG - Counting for batch 546, containing 100 cells and 7956 reads
2026-03-08 17:51:53,549 - DEBUG - 0 reads not considered because fully enclosed in repeat masked regions
2026-03-08 17:51:54,094 - DEBUG - Counting for batch 547, containing 100 cells and 7438 reads
2026-03-08 17:51:54,707 - DEBUG - 0 reads not considered because fully enclosed in repeat masked regions
2026-03-08 17:51:55,312 - DEBUG - Counting for batch 548, containing 100 cells and 7675 reads
2026-03-08 17:51:55,949 - DEBUG - 0 reads not considered because fully enclosed in repeat masked regions
2026-03-08 17:51:56,460 - DEBUG - Counting for batch 549, containing 100 cells and 7680 reads
2026-03-08 17:51:57,088 - DEBUG - 0 reads not considered because fully enclosed in repeat masked regions
2026-03-08 17:51:57,656 - DEBUG - Counting for batch 550, containing 100 cells and 7653 reads
2026-03-08 17:51:58,290 - DEBUG - 0 reads not considered because fully enclosed in repeat masked regions
2026-03-08 17:51:58,783 - DEBUG - Counting for batch 551, containing 100 cells and 7688 reads
2026-03-08 17:51:59,427 - DEBUG - 0 reads not considered because fully enclosed in repeat masked regions
2026-03-08 17:51:59,940 - DEBUG - Counting for batch 552, containing 100 cells and 7553 reads
2026-03-08 17:52:00,578 - DEBUG - 0 reads not considered because fully enclosed in repeat masked regions
2026-03-08 17:52:01,162 - DEBUG - Counting for batch 553, containing 100 cells and 7651 reads
2026-03-08 17:52:02,774 - DEBUG - 0 reads not considered because fully enclosed in repeat masked regions
2026-03-08 17:52:03,340 - DEBUG - Counting for batch 554, containing 100 cells and 7710 reads
2026-03-08 17:52:03,964 - DEBUG - 0 reads not considered because fully enclosed in repeat masked regions
2026-03-08 17:52:04,486 - DEBUG - Counting for batch 555, containing 100 cells and 7799 reads
2026-03-08 17:52:05,110 - DEBUG - 0 reads not considered because fully enclosed in repeat masked regions
2026-03-08 17:52:05,535 - DEBUG - Counting for batch 556, containing 100 cells and 7417 reads
2026-03-08 17:52:06,173 - DEBUG - 0 reads not considered because fully enclosed in repeat masked regions
2026-03-08 17:52:06,747 - DEBUG - Counting for batch 557, containing 100 cells and 7919 reads
2026-03-08 17:52:07,386 - DEBUG - 0 reads not considered because fully enclosed in repeat masked regions
2026-03-08 17:52:07,949 - DEBUG - Counting for batch 558, containing 100 cells and 7792 reads
2026-03-08 17:52:08,588 - DEBUG - 0 reads not considered because fully enclosed in repeat masked regions
2026-03-08 17:52:09,059 - DEBUG - Counting for batch 559, containing 100 cells and 7869 reads
2026-03-08 17:52:09,706 - DEBUG - 0 reads not considered because fully enclosed in repeat masked regions
2026-03-08 17:52:10,200 - DEBUG - Counting for batch 560, containing 100 cells and 7804 reads
2026-03-08 17:52:10,831 - DEBUG - 0 reads not considered because fully enclosed in repeat masked regions
2026-03-08 17:52:11,309 - DEBUG - Counting for batch 561, containing 100 cells and 7386 reads
2026-03-08 17:52:11,936 - DEBUG - 0 reads not considered because fully enclosed in repeat masked regions
2026-03-08 17:52:12,446 - DEBUG - Counting for batch 562, containing 100 cells and 7991 reads
2026-03-08 17:52:13,105 - DEBUG - 0 reads not considered because fully enclosed in repeat masked regions
2026-03-08 17:52:13,659 - DEBUG - Counting for batch 563, containing 100 cells and 7488 reads
2026-03-08 17:52:14,304 - DEBUG - 0 reads not considered because fully enclosed in repeat masked regions
2026-03-08 17:52:14,780 - DEBUG - Counting for batch 564, containing 100 cells and 7695 reads
2026-03-08 17:52:16,390 - DEBUG - 0 reads not considered because fully enclosed in repeat masked regions
2026-03-08 17:52:16,955 - DEBUG - Counting for batch 565, containing 100 cells and 7877 reads
2026-03-08 17:52:17,594 - DEBUG - 0 reads not considered because fully enclosed in repeat masked regions
2026-03-08 17:52:18,091 - DEBUG - Counting for batch 566, containing 100 cells and 7620 reads
2026-03-08 17:52:18,745 - DEBUG - 0 reads not considered because fully enclosed in repeat masked regions
2026-03-08 17:52:19,282 - DEBUG - Counting for batch 567, containing 100 cells and 7704 reads
2026-03-08 17:52:19,909 - DEBUG - 0 reads not considered because fully enclosed in repeat masked regions
2026-03-08 17:52:20,516 - DEBUG - Counting for batch 568, containing 100 cells and 7978 reads
2026-03-08 17:52:21,149 - DEBUG - 0 reads not considered because fully enclosed in repeat masked regions
2026-03-08 17:52:21,648 - DEBUG - Counting for batch 569, containing 100 cells and 7974 reads
2026-03-08 17:52:22,292 - DEBUG - 0 reads not considered because fully enclosed in repeat masked regions
2026-03-08 17:52:22,871 - DEBUG - Counting for batch 570, containing 100 cells and 7861 reads
2026-03-08 17:52:23,514 - DEBUG - 0 reads not considered because fully enclosed in repeat masked regions
2026-03-08 17:52:24,033 - DEBUG - Counting for batch 571, containing 100 cells and 7892 reads
2026-03-08 17:52:24,661 - DEBUG - 0 reads not considered because fully enclosed in repeat masked regions
2026-03-08 17:52:25,189 - DEBUG - Counting for batch 572, containing 100 cells and 7667 reads
2026-03-08 17:52:25,816 - DEBUG - 0 reads not considered because fully enclosed in repeat masked regions
2026-03-08 17:52:26,395 - DEBUG - Counting for batch 573, containing 100 cells and 7662 reads
2026-03-08 17:52:27,021 - DEBUG - 0 reads not considered because fully enclosed in repeat masked regions
2026-03-08 17:52:27,500 - DEBUG - Counting for batch 574, containing 100 cells and 7953 reads
2026-03-08 17:52:28,137 - DEBUG - 0 reads not considered because fully enclosed in repeat masked regions
2026-03-08 17:52:28,636 - DEBUG - Counting for batch 575, containing 100 cells and 7778 reads
2026-03-08 17:52:30,250 - DEBUG - 0 reads not considered because fully enclosed in repeat masked regions
2026-03-08 17:52:30,906 - DEBUG - Counting for batch 576, containing 100 cells and 7554 reads
2026-03-08 17:52:31,558 - DEBUG - 0 reads not considered because fully enclosed in repeat masked regions
2026-03-08 17:52:31,770 - DEBUG - Read first 110 million reads
2026-03-08 17:52:32,064 - DEBUG - Counting for batch 577, containing 100 cells and 7864 reads
2026-03-08 17:52:32,694 - DEBUG - 0 reads not considered because fully enclosed in repeat masked regions
2026-03-08 17:52:33,201 - DEBUG - Counting for batch 578, containing 100 cells and 7578 reads
2026-03-08 17:52:33,864 - DEBUG - 0 reads not considered because fully enclosed in repeat masked regions
2026-03-08 17:52:34,329 - DEBUG - Counting for batch 579, containing 100 cells and 7805 reads
2026-03-08 17:52:34,961 - DEBUG - 0 reads not considered because fully enclosed in repeat masked regions
2026-03-08 17:52:35,506 - DEBUG - Counting for batch 580, containing 100 cells and 8016 reads
2026-03-08 17:52:36,196 - DEBUG - 0 reads not considered because fully enclosed in repeat masked regions
2026-03-08 17:52:36,765 - DEBUG - Counting for batch 581, containing 100 cells and 7720 reads
2026-03-08 17:52:37,395 - DEBUG - 0 reads not considered because fully enclosed in repeat masked regions
2026-03-08 17:52:37,914 - DEBUG - Counting for batch 582, containing 100 cells and 7864 reads
2026-03-08 17:52:38,574 - DEBUG - 0 reads not considered because fully enclosed in repeat masked regions
2026-03-08 17:52:39,100 - DEBUG - Counting for batch 583, containing 100 cells and 7633 reads
2026-03-08 17:52:39,725 - DEBUG - 0 reads not considered because fully enclosed in repeat masked regions
2026-03-08 17:52:40,326 - DEBUG - Counting for batch 584, containing 100 cells and 7586 reads
2026-03-08 17:52:40,992 - DEBUG - 0 reads not considered because fully enclosed in repeat masked regions
2026-03-08 17:52:41,532 - DEBUG - Counting for batch 585, containing 100 cells and 8004 reads
2026-03-08 17:52:42,156 - DEBUG - 0 reads not considered because fully enclosed in repeat masked regions
2026-03-08 17:52:42,650 - DEBUG - Counting for batch 586, containing 100 cells and 7284 reads
2026-03-08 17:52:44,242 - DEBUG - 0 reads not considered because fully enclosed in repeat masked regions
2026-03-08 17:52:44,738 - DEBUG - Counting for batch 587, containing 100 cells and 8087 reads
2026-03-08 17:52:45,397 - DEBUG - 0 reads not considered because fully enclosed in repeat masked regions
2026-03-08 17:52:45,838 - DEBUG - Counting for batch 588, containing 100 cells and 7778 reads
2026-03-08 17:52:46,455 - DEBUG - 0 reads not considered because fully enclosed in repeat masked regions
2026-03-08 17:52:47,021 - DEBUG - Counting for batch 589, containing 100 cells and 8026 reads
2026-03-08 17:52:47,655 - DEBUG - 0 reads not considered because fully enclosed in repeat masked regions
2026-03-08 17:52:48,226 - DEBUG - Counting for batch 590, containing 100 cells and 7651 reads
2026-03-08 17:52:48,868 - DEBUG - 0 reads not considered because fully enclosed in repeat masked regions
2026-03-08 17:52:49,417 - DEBUG - Counting for batch 591, containing 100 cells and 7407 reads
2026-03-08 17:52:50,055 - DEBUG - 0 reads not considered because fully enclosed in repeat masked regions
2026-03-08 17:52:50,709 - DEBUG - Counting for batch 592, containing 100 cells and 7990 reads
2026-03-08 17:52:51,378 - DEBUG - 0 reads not considered because fully enclosed in repeat masked regions
2026-03-08 17:52:51,900 - DEBUG - Counting for batch 593, containing 100 cells and 7664 reads
2026-03-08 17:52:52,548 - DEBUG - 0 reads not considered because fully enclosed in repeat masked regions
2026-03-08 17:52:53,084 - DEBUG - Counting for batch 594, containing 100 cells and 7885 reads
2026-03-08 17:52:53,728 - DEBUG - 0 reads not considered because fully enclosed in repeat masked regions
2026-03-08 17:52:54,281 - DEBUG - Counting for batch 595, containing 100 cells and 7413 reads
2026-03-08 17:52:54,906 - DEBUG - 0 reads not considered because fully enclosed in repeat masked regions
2026-03-08 17:52:55,491 - DEBUG - Counting for batch 596, containing 100 cells and 7714 reads
2026-03-08 17:52:56,127 - DEBUG - 0 reads not considered because fully enclosed in repeat masked regions
2026-03-08 17:52:56,701 - DEBUG - Counting for batch 597, containing 100 cells and 7532 reads
2026-03-08 17:52:58,301 - DEBUG - 0 reads not considered because fully enclosed in repeat masked regions
2026-03-08 17:52:58,853 - DEBUG - Counting for batch 598, containing 100 cells and 7395 reads
2026-03-08 17:52:59,496 - DEBUG - 0 reads not considered because fully enclosed in repeat masked regions
2026-03-08 17:53:00,172 - DEBUG - Counting for batch 599, containing 100 cells and 7545 reads
2026-03-08 17:53:00,792 - DEBUG - 0 reads not considered because fully enclosed in repeat masked regions
2026-03-08 17:53:01,345 - DEBUG - Counting for batch 600, containing 100 cells and 7881 reads
2026-03-08 17:53:01,987 - DEBUG - 0 reads not considered because fully enclosed in repeat masked regions
2026-03-08 17:53:02,541 - DEBUG - Counting for batch 601, containing 100 cells and 7798 reads
2026-03-08 17:53:03,172 - DEBUG - 0 reads not considered because fully enclosed in repeat masked regions
2026-03-08 17:53:03,731 - DEBUG - Counting for batch 602, containing 100 cells and 7320 reads
2026-03-08 17:53:04,355 - DEBUG - 0 reads not considered because fully enclosed in repeat masked regions
2026-03-08 17:53:04,823 - DEBUG - Counting for batch 603, containing 100 cells and 7874 reads
2026-03-08 17:53:05,491 - DEBUG - 0 reads not considered because fully enclosed in repeat masked regions
2026-03-08 17:53:06,007 - DEBUG - Counting for batch 604, containing 100 cells and 8089 reads
2026-03-08 17:53:06,654 - DEBUG - 0 reads not considered because fully enclosed in repeat masked regions
2026-03-08 17:53:07,173 - DEBUG - Counting for batch 605, containing 100 cells and 7744 reads
2026-03-08 17:53:07,823 - DEBUG - 0 reads not considered because fully enclosed in repeat masked regions
2026-03-08 17:53:08,451 - DEBUG - Counting for batch 606, containing 100 cells and 7828 reads
2026-03-08 17:53:09,095 - DEBUG - 0 reads not considered because fully enclosed in repeat masked regions
2026-03-08 17:53:09,657 - DEBUG - Counting for batch 607, containing 100 cells and 7854 reads
2026-03-08 17:53:10,289 - DEBUG - 0 reads not considered because fully enclosed in repeat masked regions
2026-03-08 17:53:10,792 - DEBUG - Counting for batch 608, containing 100 cells and 7366 reads
2026-03-08 17:53:12,417 - DEBUG - 0 reads not considered because fully enclosed in repeat masked regions
2026-03-08 17:53:12,889 - DEBUG - Counting for batch 609, containing 100 cells and 7899 reads
2026-03-08 17:53:13,530 - DEBUG - 0 reads not considered because fully enclosed in repeat masked regions
2026-03-08 17:53:14,045 - DEBUG - Counting for batch 610, containing 100 cells and 7878 reads
2026-03-08 17:53:14,698 - DEBUG - 0 reads not considered because fully enclosed in repeat masked regions
2026-03-08 17:53:15,250 - DEBUG - Counting for batch 611, containing 100 cells and 7628 reads
2026-03-08 17:53:15,882 - DEBUG - 0 reads not considered because fully enclosed in repeat masked regions
2026-03-08 17:53:16,526 - DEBUG - Counting for batch 612, containing 100 cells and 8069 reads
2026-03-08 17:53:17,174 - DEBUG - 0 reads not considered because fully enclosed in repeat masked regions
2026-03-08 17:53:17,738 - DEBUG - Counting for batch 613, containing 100 cells and 7819 reads
2026-03-08 17:53:18,376 - DEBUG - 0 reads not considered because fully enclosed in repeat masked regions
2026-03-08 17:53:18,986 - DEBUG - Counting for batch 614, containing 100 cells and 7577 reads
2026-03-08 17:53:19,604 - DEBUG - 0 reads not considered because fully enclosed in repeat masked regions
2026-03-08 17:53:20,150 - DEBUG - Counting for batch 615, containing 100 cells and 7995 reads
2026-03-08 17:53:20,786 - DEBUG - 0 reads not considered because fully enclosed in repeat masked regions
2026-03-08 17:53:21,282 - DEBUG - Counting for batch 616, containing 100 cells and 7784 reads
2026-03-08 17:53:21,919 - DEBUG - 0 reads not considered because fully enclosed in repeat masked regions
2026-03-08 17:53:22,460 - DEBUG - Counting for batch 617, containing 100 cells and 7516 reads
2026-03-08 17:53:23,090 - DEBUG - 0 reads not considered because fully enclosed in repeat masked regions
2026-03-08 17:53:23,611 - DEBUG - Counting for batch 618, containing 100 cells and 7817 reads
2026-03-08 17:53:24,247 - DEBUG - 0 reads not considered because fully enclosed in repeat masked regions
2026-03-08 17:53:24,818 - DEBUG - Counting for batch 619, containing 100 cells and 7696 reads
2026-03-08 17:53:26,453 - DEBUG - 0 reads not considered because fully enclosed in repeat masked regions
2026-03-08 17:53:27,058 - DEBUG - Counting for batch 620, containing 100 cells and 7595 reads
2026-03-08 17:53:27,683 - DEBUG - 0 reads not considered because fully enclosed in repeat masked regions
2026-03-08 17:53:28,220 - DEBUG - Counting for batch 621, containing 100 cells and 7697 reads
2026-03-08 17:53:28,848 - DEBUG - 0 reads not considered because fully enclosed in repeat masked regions
2026-03-08 17:53:29,434 - DEBUG - Counting for batch 622, containing 100 cells and 7507 reads
2026-03-08 17:53:30,061 - DEBUG - 0 reads not considered because fully enclosed in repeat masked regions
2026-03-08 17:53:30,526 - DEBUG - Counting for batch 623, containing 100 cells and 7584 reads
2026-03-08 17:53:31,170 - DEBUG - 0 reads not considered because fully enclosed in repeat masked regions
2026-03-08 17:53:31,691 - DEBUG - Counting for batch 624, containing 100 cells and 7910 reads
2026-03-08 17:53:32,322 - DEBUG - 0 reads not considered because fully enclosed in repeat masked regions
2026-03-08 17:53:32,789 - DEBUG - Counting for batch 625, containing 100 cells and 7727 reads
2026-03-08 17:53:33,433 - DEBUG - 0 reads not considered because fully enclosed in repeat masked regions
2026-03-08 17:53:33,894 - DEBUG - Counting for batch 626, containing 100 cells and 7957 reads
2026-03-08 17:53:34,550 - DEBUG - 0 reads not considered because fully enclosed in repeat masked regions
2026-03-08 17:53:35,046 - DEBUG - Counting for batch 627, containing 100 cells and 7567 reads
2026-03-08 17:53:35,713 - DEBUG - 0 reads not considered because fully enclosed in repeat masked regions
2026-03-08 17:53:36,314 - DEBUG - Counting for batch 628, containing 100 cells and 7761 reads
2026-03-08 17:53:36,979 - DEBUG - 0 reads not considered because fully enclosed in repeat masked regions
2026-03-08 17:53:37,120 - DEBUG - Read first 120 million reads
2026-03-08 17:53:37,597 - DEBUG - Counting for batch 629, containing 100 cells and 7713 reads
2026-03-08 17:53:38,218 - DEBUG - 0 reads not considered because fully enclosed in repeat masked regions
2026-03-08 17:53:38,679 - DEBUG - Counting for batch 630, containing 100 cells and 7764 reads
2026-03-08 17:53:40,316 - DEBUG - 0 reads not considered because fully enclosed in repeat masked regions
2026-03-08 17:53:40,861 - DEBUG - Counting for batch 631, containing 100 cells and 7801 reads
2026-03-08 17:53:41,506 - DEBUG - 0 reads not considered because fully enclosed in repeat masked regions
2026-03-08 17:53:42,076 - DEBUG - Counting for batch 632, containing 100 cells and 7871 reads
2026-03-08 17:53:42,710 - DEBUG - 0 reads not considered because fully enclosed in repeat masked regions
2026-03-08 17:53:43,270 - DEBUG - Counting for batch 633, containing 100 cells and 7880 reads
2026-03-08 17:53:43,907 - DEBUG - 0 reads not considered because fully enclosed in repeat masked regions
2026-03-08 17:53:44,463 - DEBUG - Counting for batch 634, containing 100 cells and 7788 reads
2026-03-08 17:53:45,101 - DEBUG - 0 reads not considered because fully enclosed in repeat masked regions
2026-03-08 17:53:45,624 - DEBUG - Counting for batch 635, containing 100 cells and 7690 reads
2026-03-08 17:53:46,267 - DEBUG - 0 reads not considered because fully enclosed in repeat masked regions
2026-03-08 17:53:46,786 - DEBUG - Counting for batch 636, containing 100 cells and 7913 reads
2026-03-08 17:53:47,445 - DEBUG - 0 reads not considered because fully enclosed in repeat masked regions
2026-03-08 17:53:47,984 - DEBUG - Counting for batch 637, containing 100 cells and 7786 reads
2026-03-08 17:53:48,624 - DEBUG - 0 reads not considered because fully enclosed in repeat masked regions
2026-03-08 17:53:49,141 - DEBUG - Counting for batch 638, containing 100 cells and 7913 reads
2026-03-08 17:53:49,809 - DEBUG - 0 reads not considered because fully enclosed in repeat masked regions
2026-03-08 17:53:50,403 - DEBUG - Counting for batch 639, containing 100 cells and 8112 reads
2026-03-08 17:53:51,038 - DEBUG - 0 reads not considered because fully enclosed in repeat masked regions
2026-03-08 17:53:51,687 - DEBUG - Counting for batch 640, containing 100 cells and 7332 reads
2026-03-08 17:53:52,311 - DEBUG - 0 reads not considered because fully enclosed in repeat masked regions
2026-03-08 17:53:52,939 - DEBUG - Counting for batch 641, containing 100 cells and 8205 reads
2026-03-08 17:53:54,598 - DEBUG - 0 reads not considered because fully enclosed in repeat masked regions
2026-03-08 17:53:55,150 - DEBUG - Counting for batch 642, containing 100 cells and 7536 reads
2026-03-08 17:53:55,784 - DEBUG - 0 reads not considered because fully enclosed in repeat masked regions
2026-03-08 17:53:56,380 - DEBUG - Counting for batch 643, containing 100 cells and 7716 reads
2026-03-08 17:53:57,020 - DEBUG - 0 reads not considered because fully enclosed in repeat masked regions
2026-03-08 17:53:57,620 - DEBUG - Counting for batch 644, containing 100 cells and 8120 reads
2026-03-08 17:53:58,255 - DEBUG - 0 reads not considered because fully enclosed in repeat masked regions
2026-03-08 17:53:58,867 - DEBUG - Counting for batch 645, containing 100 cells and 7906 reads
2026-03-08 17:53:59,533 - DEBUG - 0 reads not considered because fully enclosed in repeat masked regions
2026-03-08 17:54:00,043 - DEBUG - Counting for batch 646, containing 100 cells and 7981 reads
2026-03-08 17:54:00,715 - DEBUG - 0 reads not considered because fully enclosed in repeat masked regions
2026-03-08 17:54:01,245 - DEBUG - Counting for batch 647, containing 100 cells and 7523 reads
2026-03-08 17:54:01,873 - DEBUG - 0 reads not considered because fully enclosed in repeat masked regions
2026-03-08 17:54:02,389 - DEBUG - Counting for batch 648, containing 100 cells and 7938 reads
2026-03-08 17:54:03,028 - DEBUG - 0 reads not considered because fully enclosed in repeat masked regions
2026-03-08 17:54:03,581 - DEBUG - Counting for batch 649, containing 100 cells and 7540 reads
2026-03-08 17:54:04,232 - DEBUG - 0 reads not considered because fully enclosed in repeat masked regions
2026-03-08 17:54:04,872 - DEBUG - Counting for batch 650, containing 100 cells and 7448 reads
2026-03-08 17:54:05,510 - DEBUG - 0 reads not considered because fully enclosed in repeat masked regions
2026-03-08 17:54:06,018 - DEBUG - Counting for batch 651, containing 100 cells and 7837 reads
2026-03-08 17:54:06,649 - DEBUG - 0 reads not considered because fully enclosed in repeat masked regions
2026-03-08 17:54:07,180 - DEBUG - Counting for batch 652, containing 100 cells and 7995 reads
2026-03-08 17:54:08,790 - DEBUG - 0 reads not considered because fully enclosed in repeat masked regions
2026-03-08 17:54:09,304 - DEBUG - Counting for batch 653, containing 100 cells and 7711 reads
2026-03-08 17:54:09,943 - DEBUG - 0 reads not considered because fully enclosed in repeat masked regions
2026-03-08 17:54:10,401 - DEBUG - Counting for batch 654, containing 100 cells and 7902 reads
2026-03-08 17:54:11,047 - DEBUG - 0 reads not considered because fully enclosed in repeat masked regions
2026-03-08 17:54:11,601 - DEBUG - Counting for batch 655, containing 100 cells and 7578 reads
2026-03-08 17:54:12,237 - DEBUG - 0 reads not considered because fully enclosed in repeat masked regions
2026-03-08 17:54:12,723 - DEBUG - Counting for batch 656, containing 100 cells and 7541 reads
2026-03-08 17:54:13,382 - DEBUG - 0 reads not considered because fully enclosed in repeat masked regions
2026-03-08 17:54:13,900 - DEBUG - Counting for batch 657, containing 100 cells and 7849 reads
2026-03-08 17:54:14,530 - DEBUG - 0 reads not considered because fully enclosed in repeat masked regions
2026-03-08 17:54:15,045 - DEBUG - Counting for batch 658, containing 100 cells and 7619 reads
2026-03-08 17:54:15,691 - DEBUG - 0 reads not considered because fully enclosed in repeat masked regions
2026-03-08 17:54:16,206 - DEBUG - Counting for batch 659, containing 100 cells and 7914 reads
2026-03-08 17:54:16,831 - DEBUG - 0 reads not considered because fully enclosed in repeat masked regions
2026-03-08 17:54:17,385 - DEBUG - Counting for batch 660, containing 100 cells and 7600 reads
2026-03-08 17:54:18,007 - DEBUG - 0 reads not considered because fully enclosed in repeat masked regions
2026-03-08 17:54:18,573 - DEBUG - Counting for batch 661, containing 100 cells and 8020 reads
2026-03-08 17:54:19,222 - DEBUG - 0 reads not considered because fully enclosed in repeat masked regions
2026-03-08 17:54:19,741 - DEBUG - Counting for batch 662, containing 100 cells and 7920 reads
2026-03-08 17:54:20,382 - DEBUG - 0 reads not considered because fully enclosed in repeat masked regions
2026-03-08 17:54:20,881 - DEBUG - Counting for batch 663, containing 100 cells and 7664 reads
2026-03-08 17:54:21,513 - DEBUG - 0 reads not considered because fully enclosed in repeat masked regions
2026-03-08 17:54:23,058 - DEBUG - Counting for batch 664, containing 100 cells and 7537 reads
2026-03-08 17:54:23,685 - DEBUG - 0 reads not considered because fully enclosed in repeat masked regions
2026-03-08 17:54:24,193 - DEBUG - Counting for batch 665, containing 100 cells and 8127 reads
2026-03-08 17:54:24,830 - DEBUG - 0 reads not considered because fully enclosed in repeat masked regions
2026-03-08 17:54:25,376 - DEBUG - Counting for batch 666, containing 100 cells and 7865 reads
2026-03-08 17:54:26,025 - DEBUG - 0 reads not considered because fully enclosed in repeat masked regions
2026-03-08 17:54:26,556 - DEBUG - Counting for batch 667, containing 100 cells and 8018 reads
2026-03-08 17:54:27,216 - DEBUG - 0 reads not considered because fully enclosed in repeat masked regions
2026-03-08 17:54:27,759 - DEBUG - Counting for batch 668, containing 100 cells and 8067 reads
2026-03-08 17:54:28,400 - DEBUG - 0 reads not considered because fully enclosed in repeat masked regions
2026-03-08 17:54:28,943 - DEBUG - Counting for batch 669, containing 100 cells and 7532 reads
2026-03-08 17:54:29,575 - DEBUG - 0 reads not considered because fully enclosed in repeat masked regions
2026-03-08 17:54:30,153 - DEBUG - Counting for batch 670, containing 100 cells and 7919 reads
2026-03-08 17:54:30,822 - DEBUG - 0 reads not considered because fully enclosed in repeat masked regions
2026-03-08 17:54:31,388 - DEBUG - Counting for batch 671, containing 100 cells and 7807 reads
2026-03-08 17:54:32,041 - DEBUG - 0 reads not considered because fully enclosed in repeat masked regions
2026-03-08 17:54:32,631 - DEBUG - Counting for batch 672, containing 100 cells and 7956 reads
2026-03-08 17:54:33,299 - DEBUG - 0 reads not considered because fully enclosed in repeat masked regions
2026-03-08 17:54:33,776 - DEBUG - Counting for batch 673, containing 100 cells and 7910 reads
2026-03-08 17:54:34,402 - DEBUG - 0 reads not considered because fully enclosed in repeat masked regions
2026-03-08 17:54:34,916 - DEBUG - Counting for batch 674, containing 100 cells and 7388 reads
2026-03-08 17:54:36,539 - DEBUG - 0 reads not considered because fully enclosed in repeat masked regions
2026-03-08 17:54:37,084 - DEBUG - Counting for batch 675, containing 100 cells and 8265 reads
2026-03-08 17:54:37,722 - DEBUG - 0 reads not considered because fully enclosed in repeat masked regions
2026-03-08 17:54:38,222 - DEBUG - Counting for batch 676, containing 100 cells and 7761 reads
2026-03-08 17:54:38,855 - DEBUG - 0 reads not considered because fully enclosed in repeat masked regions
2026-03-08 17:54:39,377 - DEBUG - Counting for batch 677, containing 100 cells and 7715 reads
2026-03-08 17:54:40,004 - DEBUG - 0 reads not considered because fully enclosed in repeat masked regions
2026-03-08 17:54:40,492 - DEBUG - Counting for batch 678, containing 100 cells and 7523 reads
2026-03-08 17:54:41,134 - DEBUG - 0 reads not considered because fully enclosed in repeat masked regions
2026-03-08 17:54:41,627 - DEBUG - Counting for batch 679, containing 100 cells and 7621 reads
2026-03-08 17:54:42,259 - DEBUG - 0 reads not considered because fully enclosed in repeat masked regions
2026-03-08 17:54:42,822 - DEBUG - Counting for batch 680, containing 100 cells and 7846 reads
2026-03-08 17:54:43,452 - DEBUG - 0 reads not considered because fully enclosed in repeat masked regions
2026-03-08 17:54:43,625 - DEBUG - Read first 130 million reads
2026-03-08 17:54:43,931 - DEBUG - Counting for batch 681, containing 100 cells and 7682 reads
2026-03-08 17:54:44,563 - DEBUG - 0 reads not considered because fully enclosed in repeat masked regions
2026-03-08 17:54:45,097 - DEBUG - Counting for batch 682, containing 100 cells and 8178 reads
2026-03-08 17:54:45,739 - DEBUG - 0 reads not considered because fully enclosed in repeat masked regions
2026-03-08 17:54:46,303 - DEBUG - Counting for batch 683, containing 100 cells and 7862 reads
2026-03-08 17:54:46,933 - DEBUG - 0 reads not considered because fully enclosed in repeat masked regions
2026-03-08 17:54:47,520 - DEBUG - Counting for batch 684, containing 100 cells and 7504 reads
2026-03-08 17:54:48,166 - DEBUG - 0 reads not considered because fully enclosed in repeat masked regions
2026-03-08 17:54:48,686 - DEBUG - Counting for batch 685, containing 100 cells and 7842 reads
2026-03-08 17:54:50,308 - DEBUG - 0 reads not considered because fully enclosed in repeat masked regions
2026-03-08 17:54:50,831 - DEBUG - Counting for batch 686, containing 100 cells and 7624 reads
2026-03-08 17:54:51,462 - DEBUG - 0 reads not considered because fully enclosed in repeat masked regions
2026-03-08 17:54:51,969 - DEBUG - Counting for batch 687, containing 100 cells and 7596 reads
2026-03-08 17:54:52,612 - DEBUG - 0 reads not considered because fully enclosed in repeat masked regions
2026-03-08 17:54:53,165 - DEBUG - Counting for batch 688, containing 100 cells and 7814 reads
2026-03-08 17:54:53,808 - DEBUG - 0 reads not considered because fully enclosed in repeat masked regions
2026-03-08 17:54:54,343 - DEBUG - Counting for batch 689, containing 100 cells and 7578 reads
2026-03-08 17:54:55,000 - DEBUG - 0 reads not considered because fully enclosed in repeat masked regions
2026-03-08 17:54:55,493 - DEBUG - Counting for batch 690, containing 100 cells and 7668 reads
2026-03-08 17:54:56,119 - DEBUG - 0 reads not considered because fully enclosed in repeat masked regions
2026-03-08 17:54:56,694 - DEBUG - Counting for batch 691, containing 100 cells and 7769 reads
2026-03-08 17:54:57,316 - DEBUG - 0 reads not considered because fully enclosed in repeat masked regions
2026-03-08 17:54:57,870 - DEBUG - Counting for batch 692, containing 100 cells and 8284 reads
2026-03-08 17:54:58,516 - DEBUG - 0 reads not considered because fully enclosed in repeat masked regions
2026-03-08 17:54:59,015 - DEBUG - Counting for batch 693, containing 100 cells and 7677 reads
2026-03-08 17:54:59,647 - DEBUG - 0 reads not considered because fully enclosed in repeat masked regions
2026-03-08 17:55:00,132 - DEBUG - Counting for batch 694, containing 100 cells and 7718 reads
2026-03-08 17:55:00,804 - DEBUG - 0 reads not considered because fully enclosed in repeat masked regions
2026-03-08 17:55:01,315 - DEBUG - Counting for batch 695, containing 100 cells and 7897 reads
2026-03-08 17:55:01,958 - DEBUG - 0 reads not considered because fully enclosed in repeat masked regions
2026-03-08 17:55:02,471 - DEBUG - Counting for batch 696, containing 100 cells and 7961 reads
2026-03-08 17:55:04,109 - DEBUG - 0 reads not considered because fully enclosed in repeat masked regions
2026-03-08 17:55:04,608 - DEBUG - Counting for batch 697, containing 100 cells and 8067 reads
2026-03-08 17:55:05,244 - DEBUG - 0 reads not considered because fully enclosed in repeat masked regions
2026-03-08 17:55:05,800 - DEBUG - Counting for batch 698, containing 100 cells and 7932 reads
2026-03-08 17:55:06,441 - DEBUG - 0 reads not considered because fully enclosed in repeat masked regions
2026-03-08 17:55:06,970 - DEBUG - Counting for batch 699, containing 100 cells and 7850 reads
2026-03-08 17:55:07,613 - DEBUG - 0 reads not considered because fully enclosed in repeat masked regions
2026-03-08 17:55:08,076 - DEBUG - Counting for batch 700, containing 100 cells and 7570 reads
2026-03-08 17:55:08,713 - DEBUG - 0 reads not considered because fully enclosed in repeat masked regions
2026-03-08 17:55:09,299 - DEBUG - Counting for batch 701, containing 100 cells and 8177 reads
2026-03-08 17:55:09,943 - DEBUG - 0 reads not considered because fully enclosed in repeat masked regions
2026-03-08 17:55:10,476 - DEBUG - Counting for batch 702, containing 100 cells and 7645 reads
2026-03-08 17:55:11,120 - DEBUG - 0 reads not considered because fully enclosed in repeat masked regions
2026-03-08 17:55:11,693 - DEBUG - Counting for batch 703, containing 100 cells and 7986 reads
2026-03-08 17:55:12,344 - DEBUG - 0 reads not considered because fully enclosed in repeat masked regions
2026-03-08 17:55:12,799 - DEBUG - Counting for batch 704, containing 100 cells and 7693 reads
2026-03-08 17:55:13,439 - DEBUG - 0 reads not considered because fully enclosed in repeat masked regions
2026-03-08 17:55:13,969 - DEBUG - Counting for batch 705, containing 100 cells and 7580 reads
2026-03-08 17:55:14,610 - DEBUG - 0 reads not considered because fully enclosed in repeat masked regions
2026-03-08 17:55:15,168 - DEBUG - Counting for batch 706, containing 100 cells and 7578 reads
2026-03-08 17:55:15,790 - DEBUG - 0 reads not considered because fully enclosed in repeat masked regions
2026-03-08 17:55:16,319 - DEBUG - Counting for batch 707, containing 100 cells and 7422 reads
2026-03-08 17:55:17,944 - DEBUG - 0 reads not considered because fully enclosed in repeat masked regions
2026-03-08 17:55:18,485 - DEBUG - Counting for batch 708, containing 100 cells and 7799 reads
2026-03-08 17:55:19,111 - DEBUG - 0 reads not considered because fully enclosed in repeat masked regions
2026-03-08 17:55:19,642 - DEBUG - Counting for batch 709, containing 100 cells and 7732 reads
2026-03-08 17:55:20,271 - DEBUG - 0 reads not considered because fully enclosed in repeat masked regions
2026-03-08 17:55:20,753 - DEBUG - Counting for batch 710, containing 100 cells and 7549 reads
2026-03-08 17:55:21,387 - DEBUG - 0 reads not considered because fully enclosed in repeat masked regions
2026-03-08 17:55:21,956 - DEBUG - Counting for batch 711, containing 100 cells and 7846 reads
2026-03-08 17:55:22,599 - DEBUG - 0 reads not considered because fully enclosed in repeat masked regions
2026-03-08 17:55:23,179 - DEBUG - Counting for batch 712, containing 100 cells and 7387 reads
2026-03-08 17:55:23,784 - DEBUG - 0 reads not considered because fully enclosed in repeat masked regions
2026-03-08 17:55:24,237 - DEBUG - Counting for batch 713, containing 100 cells and 7449 reads
2026-03-08 17:55:24,862 - DEBUG - 0 reads not considered because fully enclosed in repeat masked regions
2026-03-08 17:55:25,373 - DEBUG - Counting for batch 714, containing 100 cells and 7832 reads
2026-03-08 17:55:26,008 - DEBUG - 0 reads not considered because fully enclosed in repeat masked regions
2026-03-08 17:55:26,615 - DEBUG - Counting for batch 715, containing 100 cells and 7574 reads
2026-03-08 17:55:27,246 - DEBUG - 0 reads not considered because fully enclosed in repeat masked regions
2026-03-08 17:55:27,739 - DEBUG - Counting for batch 716, containing 100 cells and 8080 reads
2026-03-08 17:55:28,371 - DEBUG - 0 reads not considered because fully enclosed in repeat masked regions
2026-03-08 17:55:28,930 - DEBUG - Counting for batch 717, containing 100 cells and 7429 reads
2026-03-08 17:55:29,547 - DEBUG - 0 reads not considered because fully enclosed in repeat masked regions
2026-03-08 17:55:30,186 - DEBUG - Counting for batch 718, containing 100 cells and 7509 reads
2026-03-08 17:55:30,820 - DEBUG - 0 reads not considered because fully enclosed in repeat masked regions
2026-03-08 17:55:31,369 - DEBUG - Counting for batch 719, containing 100 cells and 7852 reads
2026-03-08 17:55:32,977 - DEBUG - 0 reads not considered because fully enclosed in repeat masked regions
2026-03-08 17:55:33,410 - DEBUG - Counting for batch 720, containing 100 cells and 7459 reads
2026-03-08 17:55:34,058 - DEBUG - 0 reads not considered because fully enclosed in repeat masked regions
2026-03-08 17:55:34,658 - DEBUG - Counting for batch 721, containing 100 cells and 7859 reads
2026-03-08 17:55:35,298 - DEBUG - 0 reads not considered because fully enclosed in repeat masked regions
2026-03-08 17:55:35,866 - DEBUG - Counting for batch 722, containing 100 cells and 7675 reads
2026-03-08 17:55:36,500 - DEBUG - 0 reads not considered because fully enclosed in repeat masked regions
2026-03-08 17:55:37,012 - DEBUG - Counting for batch 723, containing 100 cells and 7633 reads
2026-03-08 17:55:37,649 - DEBUG - 0 reads not considered because fully enclosed in repeat masked regions
2026-03-08 17:55:38,191 - DEBUG - Counting for batch 724, containing 100 cells and 7884 reads
2026-03-08 17:55:38,829 - DEBUG - 0 reads not considered because fully enclosed in repeat masked regions
2026-03-08 17:55:39,341 - DEBUG - Counting for batch 725, containing 100 cells and 7842 reads
2026-03-08 17:55:39,975 - DEBUG - 0 reads not considered because fully enclosed in repeat masked regions
2026-03-08 17:55:40,520 - DEBUG - Counting for batch 726, containing 100 cells and 7632 reads
2026-03-08 17:55:41,177 - DEBUG - 0 reads not considered because fully enclosed in repeat masked regions
2026-03-08 17:55:41,623 - DEBUG - Counting for batch 727, containing 100 cells and 7571 reads
2026-03-08 17:55:42,237 - DEBUG - 0 reads not considered because fully enclosed in repeat masked regions
2026-03-08 17:55:42,831 - DEBUG - Counting for batch 728, containing 100 cells and 7514 reads
2026-03-08 17:55:43,455 - DEBUG - 0 reads not considered because fully enclosed in repeat masked regions
2026-03-08 17:55:44,027 - DEBUG - Counting for batch 729, containing 100 cells and 7661 reads
2026-03-08 17:55:44,653 - DEBUG - 0 reads not considered because fully enclosed in repeat masked regions
2026-03-08 17:55:46,146 - DEBUG - Counting for batch 730, containing 100 cells and 7717 reads
2026-03-08 17:55:46,785 - DEBUG - 0 reads not considered because fully enclosed in repeat masked regions
2026-03-08 17:55:47,309 - DEBUG - Counting for batch 731, containing 100 cells and 7807 reads
2026-03-08 17:55:47,943 - DEBUG - 0 reads not considered because fully enclosed in repeat masked regions
2026-03-08 17:55:48,488 - DEBUG - Counting for batch 732, containing 100 cells and 7828 reads
2026-03-08 17:55:49,111 - DEBUG - 0 reads not considered because fully enclosed in repeat masked regions
2026-03-08 17:55:49,613 - DEBUG - Counting for batch 733, containing 100 cells and 7648 reads
2026-03-08 17:55:50,255 - DEBUG - 0 reads not considered because fully enclosed in repeat masked regions
2026-03-08 17:55:50,533 - DEBUG - Read first 140 million reads
2026-03-08 17:55:50,828 - DEBUG - Counting for batch 734, containing 100 cells and 7528 reads
2026-03-08 17:55:51,462 - DEBUG - 0 reads not considered because fully enclosed in repeat masked regions
2026-03-08 17:55:52,008 - DEBUG - Counting for batch 735, containing 100 cells and 7673 reads
2026-03-08 17:55:52,630 - DEBUG - 0 reads not considered because fully enclosed in repeat masked regions
2026-03-08 17:55:53,201 - DEBUG - Counting for batch 736, containing 100 cells and 7625 reads
2026-03-08 17:55:53,845 - DEBUG - 0 reads not considered because fully enclosed in repeat masked regions
2026-03-08 17:55:54,453 - DEBUG - Counting for batch 737, containing 100 cells and 7601 reads
2026-03-08 17:55:55,079 - DEBUG - 0 reads not considered because fully enclosed in repeat masked regions
2026-03-08 17:55:55,589 - DEBUG - Counting for batch 738, containing 100 cells and 7536 reads
2026-03-08 17:55:56,207 - DEBUG - 0 reads not considered because fully enclosed in repeat masked regions
2026-03-08 17:55:56,733 - DEBUG - Counting for batch 739, containing 100 cells and 7566 reads
2026-03-08 17:55:57,361 - DEBUG - 0 reads not considered because fully enclosed in repeat masked regions
2026-03-08 17:55:57,935 - DEBUG - Counting for batch 740, containing 100 cells and 7795 reads
2026-03-08 17:55:58,594 - DEBUG - 0 reads not considered because fully enclosed in repeat masked regions
2026-03-08 17:56:00,117 - DEBUG - Counting for batch 741, containing 100 cells and 7497 reads
2026-03-08 17:56:00,754 - DEBUG - 0 reads not considered because fully enclosed in repeat masked regions
2026-03-08 17:56:01,331 - DEBUG - Counting for batch 742, containing 100 cells and 7891 reads
2026-03-08 17:56:01,978 - DEBUG - 0 reads not considered because fully enclosed in repeat masked regions
2026-03-08 17:56:02,575 - DEBUG - Counting for batch 743, containing 100 cells and 7697 reads
2026-03-08 17:56:03,211 - DEBUG - 0 reads not considered because fully enclosed in repeat masked regions
2026-03-08 17:56:03,762 - DEBUG - Counting for batch 744, containing 100 cells and 7745 reads
2026-03-08 17:56:04,390 - DEBUG - 0 reads not considered because fully enclosed in repeat masked regions
2026-03-08 17:56:05,016 - DEBUG - Counting for batch 745, containing 100 cells and 7731 reads
2026-03-08 17:56:05,651 - DEBUG - 0 reads not considered because fully enclosed in repeat masked regions
2026-03-08 17:56:06,215 - DEBUG - Counting for batch 746, containing 100 cells and 7278 reads
2026-03-08 17:56:06,843 - DEBUG - 0 reads not considered because fully enclosed in repeat masked regions
2026-03-08 17:56:07,397 - DEBUG - Counting for batch 747, containing 100 cells and 7629 reads
2026-03-08 17:56:08,046 - DEBUG - 0 reads not considered because fully enclosed in repeat masked regions
2026-03-08 17:56:08,650 - DEBUG - Counting for batch 748, containing 100 cells and 7230 reads
2026-03-08 17:56:09,262 - DEBUG - 0 reads not considered because fully enclosed in repeat masked regions
2026-03-08 17:56:09,829 - DEBUG - Counting for batch 749, containing 100 cells and 7774 reads
2026-03-08 17:56:10,461 - DEBUG - 0 reads not considered because fully enclosed in repeat masked regions
2026-03-08 17:56:10,987 - DEBUG - Counting for batch 750, containing 100 cells and 7777 reads
2026-03-08 17:56:11,614 - DEBUG - 0 reads not considered because fully enclosed in repeat masked regions
2026-03-08 17:56:12,149 - DEBUG - Counting for batch 751, containing 100 cells and 7701 reads
2026-03-08 17:56:13,809 - DEBUG - 0 reads not considered because fully enclosed in repeat masked regions
2026-03-08 17:56:14,383 - DEBUG - Counting for batch 752, containing 100 cells and 7633 reads
2026-03-08 17:56:15,026 - DEBUG - 0 reads not considered because fully enclosed in repeat masked regions
2026-03-08 17:56:15,611 - DEBUG - Counting for batch 753, containing 100 cells and 7516 reads
2026-03-08 17:56:16,249 - DEBUG - 0 reads not considered because fully enclosed in repeat masked regions
2026-03-08 17:56:16,765 - DEBUG - Counting for batch 754, containing 100 cells and 7861 reads
2026-03-08 17:56:17,404 - DEBUG - 0 reads not considered because fully enclosed in repeat masked regions
2026-03-08 17:56:17,925 - DEBUG - Counting for batch 755, containing 100 cells and 7666 reads
2026-03-08 17:56:18,564 - DEBUG - 0 reads not considered because fully enclosed in repeat masked regions
2026-03-08 17:56:19,118 - DEBUG - Counting for batch 756, containing 100 cells and 7702 reads
2026-03-08 17:56:19,773 - DEBUG - 0 reads not considered because fully enclosed in repeat masked regions
2026-03-08 17:56:20,327 - DEBUG - Counting for batch 757, containing 100 cells and 7689 reads
2026-03-08 17:56:20,971 - DEBUG - 0 reads not considered because fully enclosed in repeat masked regions
2026-03-08 17:56:21,472 - DEBUG - Counting for batch 758, containing 100 cells and 8076 reads
2026-03-08 17:56:22,116 - DEBUG - 0 reads not considered because fully enclosed in repeat masked regions
2026-03-08 17:56:22,575 - DEBUG - Counting for batch 759, containing 100 cells and 7646 reads
2026-03-08 17:56:23,197 - DEBUG - 0 reads not considered because fully enclosed in repeat masked regions
2026-03-08 17:56:23,701 - DEBUG - Counting for batch 760, containing 100 cells and 7946 reads
2026-03-08 17:56:24,340 - DEBUG - 0 reads not considered because fully enclosed in repeat masked regions
2026-03-08 17:56:24,834 - DEBUG - Counting for batch 761, containing 100 cells and 7823 reads
2026-03-08 17:56:25,470 - DEBUG - 0 reads not considered because fully enclosed in repeat masked regions
2026-03-08 17:56:26,032 - DEBUG - Counting for batch 762, containing 100 cells and 7868 reads
2026-03-08 17:56:26,681 - DEBUG - 0 reads not considered because fully enclosed in repeat masked regions
2026-03-08 17:56:28,207 - DEBUG - Counting for batch 763, containing 100 cells and 7946 reads
2026-03-08 17:56:28,847 - DEBUG - 0 reads not considered because fully enclosed in repeat masked regions
2026-03-08 17:56:29,489 - DEBUG - Counting for batch 764, containing 100 cells and 8026 reads
2026-03-08 17:56:30,119 - DEBUG - 0 reads not considered because fully enclosed in repeat masked regions
2026-03-08 17:56:30,577 - DEBUG - Counting for batch 765, containing 100 cells and 7749 reads
2026-03-08 17:56:31,211 - DEBUG - 0 reads not considered because fully enclosed in repeat masked regions
2026-03-08 17:56:31,766 - DEBUG - Counting for batch 766, containing 100 cells and 8048 reads
2026-03-08 17:56:32,408 - DEBUG - 0 reads not considered because fully enclosed in repeat masked regions
2026-03-08 17:56:32,926 - DEBUG - Counting for batch 767, containing 100 cells and 7622 reads
2026-03-08 17:56:33,571 - DEBUG - 0 reads not considered because fully enclosed in repeat masked regions
2026-03-08 17:56:34,130 - DEBUG - Counting for batch 768, containing 100 cells and 7838 reads
2026-03-08 17:56:34,754 - DEBUG - 0 reads not considered because fully enclosed in repeat masked regions
2026-03-08 17:56:35,243 - DEBUG - Counting for batch 769, containing 100 cells and 7607 reads
2026-03-08 17:56:35,864 - DEBUG - 0 reads not considered because fully enclosed in repeat masked regions
2026-03-08 17:56:36,360 - DEBUG - Counting for batch 770, containing 100 cells and 7634 reads
2026-03-08 17:56:36,994 - DEBUG - 0 reads not considered because fully enclosed in repeat masked regions
2026-03-08 17:56:37,511 - DEBUG - Counting for batch 771, containing 100 cells and 8043 reads
2026-03-08 17:56:38,148 - DEBUG - 0 reads not considered because fully enclosed in repeat masked regions
2026-03-08 17:56:38,704 - DEBUG - Counting for batch 772, containing 100 cells and 7788 reads
2026-03-08 17:56:39,324 - DEBUG - 0 reads not considered because fully enclosed in repeat masked regions
2026-03-08 17:56:39,809 - DEBUG - Counting for batch 773, containing 100 cells and 7598 reads
2026-03-08 17:56:40,435 - DEBUG - 0 reads not considered because fully enclosed in repeat masked regions
2026-03-08 17:56:41,913 - DEBUG - Counting for batch 774, containing 100 cells and 7453 reads
2026-03-08 17:56:42,545 - DEBUG - 0 reads not considered because fully enclosed in repeat masked regions
2026-03-08 17:56:43,141 - DEBUG - Counting for batch 775, containing 100 cells and 7655 reads
2026-03-08 17:56:43,786 - DEBUG - 0 reads not considered because fully enclosed in repeat masked regions
2026-03-08 17:56:44,303 - DEBUG - Counting for batch 776, containing 100 cells and 8121 reads
2026-03-08 17:56:44,932 - DEBUG - 0 reads not considered because fully enclosed in repeat masked regions
2026-03-08 17:56:45,498 - DEBUG - Counting for batch 777, containing 100 cells and 7719 reads
2026-03-08 17:56:46,119 - DEBUG - 0 reads not considered because fully enclosed in repeat masked regions
2026-03-08 17:56:46,636 - DEBUG - Counting for batch 778, containing 100 cells and 8180 reads
2026-03-08 17:56:47,288 - DEBUG - 0 reads not considered because fully enclosed in repeat masked regions
2026-03-08 17:56:47,863 - DEBUG - Counting for batch 779, containing 100 cells and 8081 reads
2026-03-08 17:56:48,506 - DEBUG - 0 reads not considered because fully enclosed in repeat masked regions
2026-03-08 17:56:48,963 - DEBUG - Counting for batch 780, containing 100 cells and 7760 reads
2026-03-08 17:56:49,605 - DEBUG - 0 reads not considered because fully enclosed in repeat masked regions
2026-03-08 17:56:50,211 - DEBUG - Counting for batch 781, containing 100 cells and 7749 reads
2026-03-08 17:56:50,832 - DEBUG - 0 reads not considered because fully enclosed in repeat masked regions
2026-03-08 17:56:51,358 - DEBUG - Counting for batch 782, containing 100 cells and 7989 reads
2026-03-08 17:56:51,994 - DEBUG - 0 reads not considered because fully enclosed in repeat masked regions
2026-03-08 17:56:52,504 - DEBUG - Counting for batch 783, containing 100 cells and 7707 reads
2026-03-08 17:56:53,141 - DEBUG - 0 reads not considered because fully enclosed in repeat masked regions
2026-03-08 17:56:53,688 - DEBUG - Counting for batch 784, containing 100 cells and 7506 reads
2026-03-08 17:56:55,284 - DEBUG - 0 reads not considered because fully enclosed in repeat masked regions
2026-03-08 17:56:55,811 - DEBUG - Counting for batch 785, containing 100 cells and 7954 reads
2026-03-08 17:56:56,469 - DEBUG - 0 reads not considered because fully enclosed in repeat masked regions
2026-03-08 17:56:56,589 - DEBUG - Read first 150 million reads
2026-03-08 17:56:57,112 - DEBUG - Counting for batch 786, containing 100 cells and 7832 reads
2026-03-08 17:56:57,739 - DEBUG - 0 reads not considered because fully enclosed in repeat masked regions
2026-03-08 17:56:58,328 - DEBUG - Counting for batch 787, containing 100 cells and 7669 reads
2026-03-08 17:56:58,959 - DEBUG - 0 reads not considered because fully enclosed in repeat masked regions
2026-03-08 17:56:59,441 - DEBUG - Counting for batch 788, containing 100 cells and 7653 reads
2026-03-08 17:57:00,075 - DEBUG - 0 reads not considered because fully enclosed in repeat masked regions
2026-03-08 17:57:00,598 - DEBUG - Counting for batch 789, containing 100 cells and 7695 reads
2026-03-08 17:57:01,241 - DEBUG - 0 reads not considered because fully enclosed in repeat masked regions
2026-03-08 17:57:01,820 - DEBUG - Counting for batch 790, containing 100 cells and 7502 reads
2026-03-08 17:57:02,452 - DEBUG - 0 reads not considered because fully enclosed in repeat masked regions
2026-03-08 17:57:02,948 - DEBUG - Counting for batch 791, containing 100 cells and 7800 reads
2026-03-08 17:57:03,573 - DEBUG - 0 reads not considered because fully enclosed in repeat masked regions
2026-03-08 17:57:04,107 - DEBUG - Counting for batch 792, containing 100 cells and 7590 reads
2026-03-08 17:57:04,744 - DEBUG - 0 reads not considered because fully enclosed in repeat masked regions
2026-03-08 17:57:05,295 - DEBUG - Counting for batch 793, containing 100 cells and 7876 reads
2026-03-08 17:57:05,932 - DEBUG - 0 reads not considered because fully enclosed in repeat masked regions
2026-03-08 17:57:06,468 - DEBUG - Counting for batch 794, containing 100 cells and 7695 reads
2026-03-08 17:57:07,101 - DEBUG - 0 reads not considered because fully enclosed in repeat masked regions
2026-03-08 17:57:07,738 - DEBUG - Counting for batch 795, containing 100 cells and 7880 reads
2026-03-08 17:57:08,373 - DEBUG - 0 reads not considered because fully enclosed in repeat masked regions
2026-03-08 17:57:09,850 - DEBUG - Counting for batch 796, containing 100 cells and 7744 reads
2026-03-08 17:57:10,489 - DEBUG - 0 reads not considered because fully enclosed in repeat masked regions
2026-03-08 17:57:11,068 - DEBUG - Counting for batch 797, containing 100 cells and 7759 reads
2026-03-08 17:57:11,701 - DEBUG - 0 reads not considered because fully enclosed in repeat masked regions
2026-03-08 17:57:12,163 - DEBUG - Counting for batch 798, containing 100 cells and 7611 reads
2026-03-08 17:57:12,800 - DEBUG - 0 reads not considered because fully enclosed in repeat masked regions
2026-03-08 17:57:13,430 - DEBUG - Counting for batch 799, containing 100 cells and 7813 reads
2026-03-08 17:57:14,079 - DEBUG - 0 reads not considered because fully enclosed in repeat masked regions
2026-03-08 17:57:14,615 - DEBUG - Counting for batch 800, containing 100 cells and 7336 reads
2026-03-08 17:57:15,254 - DEBUG - 0 reads not considered because fully enclosed in repeat masked regions
2026-03-08 17:57:15,801 - DEBUG - Counting for batch 801, containing 100 cells and 7875 reads
2026-03-08 17:57:16,450 - DEBUG - 0 reads not considered because fully enclosed in repeat masked regions
2026-03-08 17:57:16,969 - DEBUG - Counting for batch 802, containing 100 cells and 7900 reads
2026-03-08 17:57:17,604 - DEBUG - 0 reads not considered because fully enclosed in repeat masked regions
2026-03-08 17:57:18,171 - DEBUG - Counting for batch 803, containing 100 cells and 7646 reads
2026-03-08 17:57:18,794 - DEBUG - 0 reads not considered because fully enclosed in repeat masked regions
2026-03-08 17:57:19,290 - DEBUG - Counting for batch 804, containing 100 cells and 7785 reads
2026-03-08 17:57:19,923 - DEBUG - 0 reads not considered because fully enclosed in repeat masked regions
2026-03-08 17:57:20,438 - DEBUG - Counting for batch 805, containing 100 cells and 7867 reads
2026-03-08 17:57:21,075 - DEBUG - 0 reads not considered because fully enclosed in repeat masked regions
2026-03-08 17:57:21,610 - DEBUG - Counting for batch 806, containing 100 cells and 7642 reads
2026-03-08 17:57:22,251 - DEBUG - 0 reads not considered because fully enclosed in repeat masked regions
2026-03-08 17:57:22,729 - DEBUG - Counting for batch 807, containing 100 cells and 7752 reads
2026-03-08 17:57:24,335 - DEBUG - 0 reads not considered because fully enclosed in repeat masked regions
2026-03-08 17:57:24,767 - DEBUG - Counting for batch 808, containing 100 cells and 7752 reads
2026-03-08 17:57:25,407 - DEBUG - 0 reads not considered because fully enclosed in repeat masked regions
2026-03-08 17:57:25,921 - DEBUG - Counting for batch 809, containing 100 cells and 7994 reads
2026-03-08 17:57:26,561 - DEBUG - 0 reads not considered because fully enclosed in repeat masked regions
2026-03-08 17:57:27,140 - DEBUG - Counting for batch 810, containing 100 cells and 8110 reads
2026-03-08 17:57:27,795 - DEBUG - 0 reads not considered because fully enclosed in repeat masked regions
2026-03-08 17:57:28,367 - DEBUG - Counting for batch 811, containing 100 cells and 7859 reads
2026-03-08 17:57:28,993 - DEBUG - 0 reads not considered because fully enclosed in repeat masked regions
2026-03-08 17:57:29,579 - DEBUG - Counting for batch 812, containing 100 cells and 7840 reads
2026-03-08 17:57:30,212 - DEBUG - 0 reads not considered because fully enclosed in repeat masked regions
2026-03-08 17:57:30,719 - DEBUG - Counting for batch 813, containing 100 cells and 7624 reads
2026-03-08 17:57:31,362 - DEBUG - 0 reads not considered because fully enclosed in repeat masked regions
2026-03-08 17:57:31,847 - DEBUG - Counting for batch 814, containing 100 cells and 7726 reads
2026-03-08 17:57:32,474 - DEBUG - 0 reads not considered because fully enclosed in repeat masked regions
2026-03-08 17:57:33,068 - DEBUG - Counting for batch 815, containing 100 cells and 7598 reads
2026-03-08 17:57:33,692 - DEBUG - 0 reads not considered because fully enclosed in repeat masked regions
2026-03-08 17:57:34,238 - DEBUG - Counting for batch 816, containing 100 cells and 7810 reads
2026-03-08 17:57:34,883 - DEBUG - 0 reads not considered because fully enclosed in repeat masked regions
2026-03-08 17:57:35,425 - DEBUG - Counting for batch 817, containing 100 cells and 7745 reads
2026-03-08 17:57:36,072 - DEBUG - 0 reads not considered because fully enclosed in repeat masked regions
2026-03-08 17:57:36,655 - DEBUG - Counting for batch 818, containing 100 cells and 7829 reads
2026-03-08 17:57:38,256 - DEBUG - 0 reads not considered because fully enclosed in repeat masked regions
2026-03-08 17:57:38,739 - DEBUG - Counting for batch 819, containing 100 cells and 7803 reads
2026-03-08 17:57:39,369 - DEBUG - 0 reads not considered because fully enclosed in repeat masked regions
2026-03-08 17:57:39,818 - DEBUG - Counting for batch 820, containing 100 cells and 7751 reads
2026-03-08 17:57:40,456 - DEBUG - 0 reads not considered because fully enclosed in repeat masked regions
2026-03-08 17:57:41,022 - DEBUG - Counting for batch 821, containing 100 cells and 7866 reads
2026-03-08 17:57:41,670 - DEBUG - 0 reads not considered because fully enclosed in repeat masked regions
2026-03-08 17:57:42,199 - DEBUG - Counting for batch 822, containing 100 cells and 7838 reads
2026-03-08 17:57:42,851 - DEBUG - 0 reads not considered because fully enclosed in repeat masked regions
2026-03-08 17:57:43,398 - DEBUG - Counting for batch 823, containing 100 cells and 7649 reads
2026-03-08 17:57:44,039 - DEBUG - 0 reads not considered because fully enclosed in repeat masked regions
2026-03-08 17:57:44,482 - DEBUG - Counting for batch 824, containing 100 cells and 7912 reads
2026-03-08 17:57:45,121 - DEBUG - 0 reads not considered because fully enclosed in repeat masked regions
2026-03-08 17:57:45,664 - DEBUG - Counting for batch 825, containing 100 cells and 7639 reads
2026-03-08 17:57:46,307 - DEBUG - 0 reads not considered because fully enclosed in repeat masked regions
2026-03-08 17:57:46,803 - DEBUG - Counting for batch 826, containing 100 cells and 7670 reads
2026-03-08 17:57:47,439 - DEBUG - 0 reads not considered because fully enclosed in repeat masked regions
2026-03-08 17:57:47,955 - DEBUG - Counting for batch 827, containing 100 cells and 7616 reads
2026-03-08 17:57:48,597 - DEBUG - 0 reads not considered because fully enclosed in repeat masked regions
2026-03-08 17:57:49,145 - DEBUG - Counting for batch 828, containing 100 cells and 7587 reads
2026-03-08 17:57:49,766 - DEBUG - 0 reads not considered because fully enclosed in repeat masked regions
2026-03-08 17:57:50,349 - DEBUG - Counting for batch 829, containing 100 cells and 7498 reads
2026-03-08 17:57:51,952 - DEBUG - 0 reads not considered because fully enclosed in repeat masked regions
2026-03-08 17:57:52,539 - DEBUG - Counting for batch 830, containing 100 cells and 7588 reads
2026-03-08 17:57:53,187 - DEBUG - 0 reads not considered because fully enclosed in repeat masked regions
2026-03-08 17:57:53,743 - DEBUG - Counting for batch 831, containing 100 cells and 7858 reads
2026-03-08 17:57:54,371 - DEBUG - 0 reads not considered because fully enclosed in repeat masked regions
2026-03-08 17:57:54,943 - DEBUG - Counting for batch 832, containing 100 cells and 8039 reads
2026-03-08 17:57:55,593 - DEBUG - 0 reads not considered because fully enclosed in repeat masked regions
2026-03-08 17:57:56,124 - DEBUG - Counting for batch 833, containing 100 cells and 7767 reads
2026-03-08 17:57:56,758 - DEBUG - 0 reads not considered because fully enclosed in repeat masked regions
2026-03-08 17:57:57,362 - DEBUG - Counting for batch 834, containing 100 cells and 7624 reads
2026-03-08 17:57:58,001 - DEBUG - 0 reads not considered because fully enclosed in repeat masked regions
2026-03-08 17:57:58,488 - DEBUG - Counting for batch 835, containing 100 cells and 7580 reads
2026-03-08 17:57:59,107 - DEBUG - 0 reads not considered because fully enclosed in repeat masked regions
2026-03-08 17:57:59,543 - DEBUG - Counting for batch 836, containing 100 cells and 7622 reads
2026-03-08 17:58:00,165 - DEBUG - 0 reads not considered because fully enclosed in repeat masked regions
2026-03-08 17:58:00,709 - DEBUG - Counting for batch 837, containing 100 cells and 7733 reads
2026-03-08 17:58:01,348 - DEBUG - 0 reads not considered because fully enclosed in repeat masked regions
2026-03-08 17:58:01,684 - DEBUG - Read first 160 million reads
2026-03-08 17:58:01,818 - DEBUG - Counting for batch 838, containing 100 cells and 7662 reads
2026-03-08 17:58:02,438 - DEBUG - 0 reads not considered because fully enclosed in repeat masked regions
2026-03-08 17:58:02,932 - DEBUG - Counting for batch 839, containing 100 cells and 7459 reads
2026-03-08 17:58:03,566 - DEBUG - 0 reads not considered because fully enclosed in repeat masked regions
2026-03-08 17:58:04,080 - DEBUG - Counting for batch 840, containing 100 cells and 7620 reads
2026-03-08 17:58:05,693 - DEBUG - 0 reads not considered because fully enclosed in repeat masked regions
2026-03-08 17:58:06,238 - DEBUG - Counting for batch 841, containing 100 cells and 7720 reads
2026-03-08 17:58:06,879 - DEBUG - 0 reads not considered because fully enclosed in repeat masked regions
2026-03-08 17:58:07,431 - DEBUG - Counting for batch 842, containing 100 cells and 7824 reads
2026-03-08 17:58:08,078 - DEBUG - 0 reads not considered because fully enclosed in repeat masked regions
2026-03-08 17:58:08,617 - DEBUG - Counting for batch 843, containing 100 cells and 7647 reads
2026-03-08 17:58:09,259 - DEBUG - 0 reads not considered because fully enclosed in repeat masked regions
2026-03-08 17:58:09,856 - DEBUG - Counting for batch 844, containing 100 cells and 7764 reads
2026-03-08 17:58:10,476 - DEBUG - 0 reads not considered because fully enclosed in repeat masked regions
2026-03-08 17:58:10,989 - DEBUG - Counting for batch 845, containing 100 cells and 7475 reads
2026-03-08 17:58:11,627 - DEBUG - 0 reads not considered because fully enclosed in repeat masked regions
2026-03-08 17:58:12,175 - DEBUG - Counting for batch 846, containing 100 cells and 7441 reads
2026-03-08 17:58:12,818 - DEBUG - 0 reads not considered because fully enclosed in repeat masked regions
2026-03-08 17:58:13,421 - DEBUG - Counting for batch 847, containing 100 cells and 7646 reads
2026-03-08 17:58:14,048 - DEBUG - 0 reads not considered because fully enclosed in repeat masked regions
2026-03-08 17:58:14,608 - DEBUG - Counting for batch 848, containing 100 cells and 7676 reads
2026-03-08 17:58:15,265 - DEBUG - 0 reads not considered because fully enclosed in repeat masked regions
2026-03-08 17:58:15,742 - DEBUG - Counting for batch 849, containing 100 cells and 7713 reads
2026-03-08 17:58:16,364 - DEBUG - 0 reads not considered because fully enclosed in repeat masked regions
2026-03-08 17:58:16,887 - DEBUG - Counting for batch 850, containing 100 cells and 7886 reads
2026-03-08 17:58:17,532 - DEBUG - 0 reads not considered because fully enclosed in repeat masked regions
2026-03-08 17:58:18,064 - DEBUG - Counting for batch 851, containing 100 cells and 7819 reads
2026-03-08 17:58:19,682 - DEBUG - 0 reads not considered because fully enclosed in repeat masked regions
2026-03-08 17:58:20,181 - DEBUG - Counting for batch 852, containing 100 cells and 7709 reads
2026-03-08 17:58:20,827 - DEBUG - 0 reads not considered because fully enclosed in repeat masked regions
2026-03-08 17:58:21,312 - DEBUG - Counting for batch 853, containing 100 cells and 8367 reads
2026-03-08 17:58:21,961 - DEBUG - 0 reads not considered because fully enclosed in repeat masked regions
2026-03-08 17:58:22,507 - DEBUG - Counting for batch 854, containing 100 cells and 7499 reads
2026-03-08 17:58:23,132 - DEBUG - 0 reads not considered because fully enclosed in repeat masked regions
2026-03-08 17:58:23,665 - DEBUG - Counting for batch 855, containing 100 cells and 7962 reads
2026-03-08 17:58:24,295 - DEBUG - 0 reads not considered because fully enclosed in repeat masked regions
2026-03-08 17:58:24,850 - DEBUG - Counting for batch 856, containing 100 cells and 7645 reads
2026-03-08 17:58:25,471 - DEBUG - 0 reads not considered because fully enclosed in repeat masked regions
2026-03-08 17:58:26,013 - DEBUG - Counting for batch 857, containing 100 cells and 7566 reads
2026-03-08 17:58:26,637 - DEBUG - 0 reads not considered because fully enclosed in repeat masked regions
2026-03-08 17:58:27,247 - DEBUG - Counting for batch 858, containing 100 cells and 7711 reads
2026-03-08 17:58:27,888 - DEBUG - 0 reads not considered because fully enclosed in repeat masked regions
2026-03-08 17:58:28,378 - DEBUG - Counting for batch 859, containing 100 cells and 7631 reads
2026-03-08 17:58:29,005 - DEBUG - 0 reads not considered because fully enclosed in repeat masked regions
2026-03-08 17:58:29,560 - DEBUG - Counting for batch 860, containing 100 cells and 7413 reads
2026-03-08 17:58:30,188 - DEBUG - 0 reads not considered because fully enclosed in repeat masked regions
2026-03-08 17:58:30,757 - DEBUG - Counting for batch 861, containing 100 cells and 7978 reads
2026-03-08 17:58:31,429 - DEBUG - 0 reads not considered because fully enclosed in repeat masked regions
2026-03-08 17:58:31,966 - DEBUG - Counting for batch 862, containing 100 cells and 7561 reads
2026-03-08 17:58:33,588 - DEBUG - 0 reads not considered because fully enclosed in repeat masked regions
2026-03-08 17:58:34,101 - DEBUG - Counting for batch 863, containing 100 cells and 7929 reads
2026-03-08 17:58:34,738 - DEBUG - 0 reads not considered because fully enclosed in repeat masked regions
2026-03-08 17:58:35,260 - DEBUG - Counting for batch 864, containing 100 cells and 7393 reads
2026-03-08 17:58:35,886 - DEBUG - 0 reads not considered because fully enclosed in repeat masked regions
2026-03-08 17:58:36,450 - DEBUG - Counting for batch 865, containing 100 cells and 7379 reads
2026-03-08 17:58:37,082 - DEBUG - 0 reads not considered because fully enclosed in repeat masked regions
2026-03-08 17:58:37,587 - DEBUG - Counting for batch 866, containing 100 cells and 7477 reads
2026-03-08 17:58:38,228 - DEBUG - 0 reads not considered because fully enclosed in repeat masked regions
2026-03-08 17:58:38,704 - DEBUG - Counting for batch 867, containing 100 cells and 7651 reads
2026-03-08 17:58:39,326 - DEBUG - 0 reads not considered because fully enclosed in repeat masked regions
2026-03-08 17:58:39,885 - DEBUG - Counting for batch 868, containing 100 cells and 7513 reads
2026-03-08 17:58:40,533 - DEBUG - 0 reads not considered because fully enclosed in repeat masked regions
2026-03-08 17:58:41,096 - DEBUG - Counting for batch 869, containing 100 cells and 7717 reads
2026-03-08 17:58:41,750 - DEBUG - 0 reads not considered because fully enclosed in repeat masked regions
2026-03-08 17:58:42,294 - DEBUG - Counting for batch 870, containing 100 cells and 7448 reads
2026-03-08 17:58:42,919 - DEBUG - 0 reads not considered because fully enclosed in repeat masked regions
2026-03-08 17:58:43,483 - DEBUG - Counting for batch 871, containing 100 cells and 7792 reads
2026-03-08 17:58:44,128 - DEBUG - 0 reads not considered because fully enclosed in repeat masked regions
2026-03-08 17:58:44,667 - DEBUG - Counting for batch 872, containing 100 cells and 7872 reads
2026-03-08 17:58:45,309 - DEBUG - 0 reads not considered because fully enclosed in repeat masked regions
2026-03-08 17:58:45,724 - DEBUG - Counting for batch 873, containing 100 cells and 7560 reads
2026-03-08 17:58:46,364 - DEBUG - 0 reads not considered because fully enclosed in repeat masked regions
2026-03-08 17:58:46,871 - DEBUG - Counting for batch 874, containing 100 cells and 7879 reads
2026-03-08 17:58:48,466 - DEBUG - 0 reads not considered because fully enclosed in repeat masked regions
2026-03-08 17:58:49,004 - DEBUG - Counting for batch 875, containing 100 cells and 8058 reads
2026-03-08 17:58:49,651 - DEBUG - 0 reads not considered because fully enclosed in repeat masked regions
2026-03-08 17:58:50,274 - DEBUG - Counting for batch 876, containing 100 cells and 7873 reads
2026-03-08 17:58:50,913 - DEBUG - 0 reads not considered because fully enclosed in repeat masked regions
2026-03-08 17:58:51,369 - DEBUG - Counting for batch 877, containing 100 cells and 7420 reads
2026-03-08 17:58:52,009 - DEBUG - 0 reads not considered because fully enclosed in repeat masked regions
2026-03-08 17:58:52,528 - DEBUG - Counting for batch 878, containing 100 cells and 7961 reads
2026-03-08 17:58:53,166 - DEBUG - 0 reads not considered because fully enclosed in repeat masked regions
2026-03-08 17:58:53,649 - DEBUG - Counting for batch 879, containing 100 cells and 7580 reads
2026-03-08 17:58:54,271 - DEBUG - 0 reads not considered because fully enclosed in repeat masked regions
2026-03-08 17:58:54,813 - DEBUG - Counting for batch 880, containing 100 cells and 7702 reads
2026-03-08 17:58:55,459 - DEBUG - 0 reads not considered because fully enclosed in repeat masked regions
2026-03-08 17:58:55,964 - DEBUG - Counting for batch 881, containing 100 cells and 7542 reads
2026-03-08 17:58:56,607 - DEBUG - 0 reads not considered because fully enclosed in repeat masked regions
2026-03-08 17:58:57,136 - DEBUG - Counting for batch 882, containing 100 cells and 7704 reads
2026-03-08 17:58:57,770 - DEBUG - 0 reads not considered because fully enclosed in repeat masked regions
2026-03-08 17:58:58,278 - DEBUG - Counting for batch 883, containing 100 cells and 7874 reads
2026-03-08 17:58:58,947 - DEBUG - 0 reads not considered because fully enclosed in repeat masked regions
2026-03-08 17:58:59,544 - DEBUG - Counting for batch 884, containing 100 cells and 7900 reads
2026-03-08 17:59:00,183 - DEBUG - 0 reads not considered because fully enclosed in repeat masked regions
2026-03-08 17:59:01,706 - DEBUG - Counting for batch 885, containing 100 cells and 7767 reads
2026-03-08 17:59:02,350 - DEBUG - 0 reads not considered because fully enclosed in repeat masked regions
2026-03-08 17:59:02,800 - DEBUG - Counting for batch 886, containing 100 cells and 8103 reads
2026-03-08 17:59:03,441 - DEBUG - 0 reads not considered because fully enclosed in repeat masked regions
2026-03-08 17:59:04,045 - DEBUG - Counting for batch 887, containing 100 cells and 7749 reads
2026-03-08 17:59:04,678 - DEBUG - 0 reads not considered because fully enclosed in repeat masked regions
2026-03-08 17:59:05,242 - DEBUG - Counting for batch 888, containing 100 cells and 7768 reads
2026-03-08 17:59:05,867 - DEBUG - 0 reads not considered because fully enclosed in repeat masked regions
2026-03-08 17:59:06,347 - DEBUG - Counting for batch 889, containing 100 cells and 7810 reads
2026-03-08 17:59:07,009 - DEBUG - 0 reads not considered because fully enclosed in repeat masked regions
2026-03-08 17:59:07,456 - DEBUG - Counting for batch 890, containing 100 cells and 7815 reads
2026-03-08 17:59:08,087 - DEBUG - 0 reads not considered because fully enclosed in repeat masked regions
2026-03-08 17:59:08,353 - DEBUG - Read first 170 million reads
2026-03-08 17:59:08,690 - DEBUG - Counting for batch 891, containing 100 cells and 7301 reads
2026-03-08 17:59:09,312 - DEBUG - 0 reads not considered because fully enclosed in repeat masked regions
2026-03-08 17:59:09,790 - DEBUG - Counting for batch 892, containing 100 cells and 7769 reads
2026-03-08 17:59:10,422 - DEBUG - 0 reads not considered because fully enclosed in repeat masked regions
2026-03-08 17:59:10,997 - DEBUG - Counting for batch 893, containing 100 cells and 7984 reads
2026-03-08 17:59:11,625 - DEBUG - 0 reads not considered because fully enclosed in repeat masked regions
2026-03-08 17:59:12,138 - DEBUG - Counting for batch 894, containing 100 cells and 7809 reads
2026-03-08 17:59:12,784 - DEBUG - 0 reads not considered because fully enclosed in repeat masked regions
2026-03-08 17:59:13,356 - DEBUG - Counting for batch 895, containing 100 cells and 7780 reads
2026-03-08 17:59:13,991 - DEBUG - 0 reads not considered because fully enclosed in repeat masked regions
2026-03-08 17:59:15,592 - DEBUG - Counting for batch 896, containing 100 cells and 7364 reads
2026-03-08 17:59:16,214 - DEBUG - 0 reads not considered because fully enclosed in repeat masked regions
2026-03-08 17:59:16,758 - DEBUG - Counting for batch 897, containing 100 cells and 7434 reads
2026-03-08 17:59:17,377 - DEBUG - 0 reads not considered because fully enclosed in repeat masked regions
2026-03-08 17:59:17,939 - DEBUG - Counting for batch 898, containing 100 cells and 7910 reads
2026-03-08 17:59:18,575 - DEBUG - 0 reads not considered because fully enclosed in repeat masked regions
2026-03-08 17:59:19,032 - DEBUG - Counting for batch 899, containing 100 cells and 7847 reads
2026-03-08 17:59:19,653 - DEBUG - 0 reads not considered because fully enclosed in repeat masked regions
2026-03-08 17:59:20,168 - DEBUG - Counting for batch 900, containing 100 cells and 7618 reads
2026-03-08 17:59:20,786 - DEBUG - 0 reads not considered because fully enclosed in repeat masked regions
2026-03-08 17:59:21,352 - DEBUG - Counting for batch 901, containing 100 cells and 7621 reads
2026-03-08 17:59:21,982 - DEBUG - 0 reads not considered because fully enclosed in repeat masked regions
2026-03-08 17:59:22,578 - DEBUG - Counting for batch 902, containing 100 cells and 7616 reads
2026-03-08 17:59:23,215 - DEBUG - 0 reads not considered because fully enclosed in repeat masked regions
2026-03-08 17:59:23,814 - DEBUG - Counting for batch 903, containing 100 cells and 7755 reads
2026-03-08 17:59:24,449 - DEBUG - 0 reads not considered because fully enclosed in repeat masked regions
2026-03-08 17:59:25,032 - DEBUG - Counting for batch 904, containing 100 cells and 8051 reads
2026-03-08 17:59:25,674 - DEBUG - 0 reads not considered because fully enclosed in repeat masked regions
2026-03-08 17:59:26,295 - DEBUG - Counting for batch 905, containing 100 cells and 7442 reads
2026-03-08 17:59:26,911 - DEBUG - 0 reads not considered because fully enclosed in repeat masked regions
2026-03-08 17:59:27,496 - DEBUG - Counting for batch 906, containing 100 cells and 8006 reads
2026-03-08 17:59:28,133 - DEBUG - 0 reads not considered because fully enclosed in repeat masked regions
2026-03-08 17:59:28,785 - DEBUG - Counting for batch 907, containing 100 cells and 7548 reads
2026-03-08 17:59:30,400 - DEBUG - 0 reads not considered because fully enclosed in repeat masked regions
2026-03-08 17:59:31,039 - DEBUG - Counting for batch 908, containing 100 cells and 7979 reads
2026-03-08 17:59:31,680 - DEBUG - 0 reads not considered because fully enclosed in repeat masked regions
2026-03-08 17:59:32,203 - DEBUG - Counting for batch 909, containing 100 cells and 7359 reads
2026-03-08 17:59:32,832 - DEBUG - 0 reads not considered because fully enclosed in repeat masked regions
2026-03-08 17:59:33,431 - DEBUG - Counting for batch 910, containing 100 cells and 7854 reads
2026-03-08 17:59:34,067 - DEBUG - 0 reads not considered because fully enclosed in repeat masked regions
2026-03-08 17:59:34,672 - DEBUG - Counting for batch 911, containing 100 cells and 7563 reads
2026-03-08 17:59:35,315 - DEBUG - 0 reads not considered because fully enclosed in repeat masked regions
2026-03-08 17:59:35,863 - DEBUG - Counting for batch 912, containing 100 cells and 7882 reads
2026-03-08 17:59:36,519 - DEBUG - 0 reads not considered because fully enclosed in repeat masked regions
2026-03-08 17:59:37,058 - DEBUG - Counting for batch 913, containing 100 cells and 7884 reads
2026-03-08 17:59:37,684 - DEBUG - 0 reads not considered because fully enclosed in repeat masked regions
2026-03-08 17:59:38,114 - DEBUG - Counting for batch 914, containing 100 cells and 7734 reads
2026-03-08 17:59:38,758 - DEBUG - 0 reads not considered because fully enclosed in repeat masked regions
2026-03-08 17:59:39,357 - DEBUG - Counting for batch 915, containing 100 cells and 7997 reads
2026-03-08 17:59:39,989 - DEBUG - 0 reads not considered because fully enclosed in repeat masked regions
2026-03-08 17:59:40,464 - DEBUG - Counting for batch 916, containing 100 cells and 7591 reads
2026-03-08 17:59:41,089 - DEBUG - 0 reads not considered because fully enclosed in repeat masked regions
2026-03-08 17:59:41,650 - DEBUG - Counting for batch 917, containing 100 cells and 7990 reads
2026-03-08 17:59:42,280 - DEBUG - 0 reads not considered because fully enclosed in repeat masked regions
2026-03-08 17:59:43,745 - DEBUG - Counting for batch 918, containing 100 cells and 7787 reads
2026-03-08 17:59:44,376 - DEBUG - 0 reads not considered because fully enclosed in repeat masked regions
2026-03-08 17:59:44,935 - DEBUG - Counting for batch 919, containing 100 cells and 7682 reads
2026-03-08 17:59:45,586 - DEBUG - 0 reads not considered because fully enclosed in repeat masked regions
2026-03-08 17:59:46,214 - DEBUG - Counting for batch 920, containing 100 cells and 7918 reads
2026-03-08 17:59:46,853 - DEBUG - 0 reads not considered because fully enclosed in repeat masked regions
2026-03-08 17:59:47,451 - DEBUG - Counting for batch 921, containing 100 cells and 7830 reads
2026-03-08 17:59:48,098 - DEBUG - 0 reads not considered because fully enclosed in repeat masked regions
2026-03-08 17:59:48,657 - DEBUG - Counting for batch 922, containing 100 cells and 7839 reads
2026-03-08 17:59:49,288 - DEBUG - 0 reads not considered because fully enclosed in repeat masked regions
2026-03-08 17:59:49,885 - DEBUG - Counting for batch 923, containing 100 cells and 7984 reads
2026-03-08 17:59:50,526 - DEBUG - 0 reads not considered because fully enclosed in repeat masked regions
2026-03-08 17:59:51,142 - DEBUG - Counting for batch 924, containing 100 cells and 8162 reads
2026-03-08 17:59:51,780 - DEBUG - 0 reads not considered because fully enclosed in repeat masked regions
2026-03-08 17:59:52,400 - DEBUG - Counting for batch 925, containing 100 cells and 7666 reads
2026-03-08 17:59:53,026 - DEBUG - 0 reads not considered because fully enclosed in repeat masked regions
2026-03-08 17:59:53,576 - DEBUG - Counting for batch 926, containing 100 cells and 7826 reads
2026-03-08 17:59:54,210 - DEBUG - 0 reads not considered because fully enclosed in repeat masked regions
2026-03-08 17:59:54,756 - DEBUG - Counting for batch 927, containing 100 cells and 7970 reads
2026-03-08 17:59:55,400 - DEBUG - 0 reads not considered because fully enclosed in repeat masked regions
2026-03-08 17:59:56,032 - DEBUG - Counting for batch 928, containing 100 cells and 7468 reads
2026-03-08 17:59:56,664 - DEBUG - 0 reads not considered because fully enclosed in repeat masked regions
2026-03-08 17:59:58,210 - DEBUG - Counting for batch 929, containing 100 cells and 7619 reads
2026-03-08 17:59:58,853 - DEBUG - 0 reads not considered because fully enclosed in repeat masked regions
2026-03-08 17:59:59,421 - DEBUG - Counting for batch 930, containing 100 cells and 7963 reads
2026-03-08 18:00:00,068 - DEBUG - 0 reads not considered because fully enclosed in repeat masked regions
2026-03-08 18:00:00,529 - DEBUG - Counting for batch 931, containing 100 cells and 8055 reads
2026-03-08 18:00:01,164 - DEBUG - 0 reads not considered because fully enclosed in repeat masked regions
2026-03-08 18:00:01,615 - DEBUG - Counting for batch 932, containing 100 cells and 8019 reads
2026-03-08 18:00:02,250 - DEBUG - 0 reads not considered because fully enclosed in repeat masked regions
2026-03-08 18:00:02,849 - DEBUG - Counting for batch 933, containing 100 cells and 7620 reads
2026-03-08 18:00:03,487 - DEBUG - 0 reads not considered because fully enclosed in repeat masked regions
2026-03-08 18:00:04,025 - DEBUG - Counting for batch 934, containing 100 cells and 7774 reads
2026-03-08 18:00:04,674 - DEBUG - 0 reads not considered because fully enclosed in repeat masked regions
2026-03-08 18:00:05,215 - DEBUG - Counting for batch 935, containing 100 cells and 7571 reads
2026-03-08 18:00:05,854 - DEBUG - 0 reads not considered because fully enclosed in repeat masked regions
2026-03-08 18:00:06,465 - DEBUG - Counting for batch 936, containing 100 cells and 7746 reads
2026-03-08 18:00:07,108 - DEBUG - 0 reads not considered because fully enclosed in repeat masked regions
2026-03-08 18:00:07,633 - DEBUG - Counting for batch 937, containing 100 cells and 7754 reads
2026-03-08 18:00:08,269 - DEBUG - 0 reads not considered because fully enclosed in repeat masked regions
2026-03-08 18:00:08,840 - DEBUG - Counting for batch 938, containing 100 cells and 7588 reads
2026-03-08 18:00:09,491 - DEBUG - 0 reads not considered because fully enclosed in repeat masked regions
2026-03-08 18:00:10,059 - DEBUG - Counting for batch 939, containing 100 cells and 7797 reads
2026-03-08 18:00:11,698 - DEBUG - 0 reads not considered because fully enclosed in repeat masked regions
2026-03-08 18:00:12,205 - DEBUG - Counting for batch 940, containing 100 cells and 7796 reads
2026-03-08 18:00:12,828 - DEBUG - 0 reads not considered because fully enclosed in repeat masked regions
2026-03-08 18:00:12,947 - DEBUG - Read first 180 million reads
2026-03-08 18:00:13,411 - DEBUG - Counting for batch 941, containing 100 cells and 7558 reads
2026-03-08 18:00:14,042 - DEBUG - 0 reads not considered because fully enclosed in repeat masked regions
2026-03-08 18:00:14,593 - DEBUG - Counting for batch 942, containing 100 cells and 7783 reads
2026-03-08 18:00:15,229 - DEBUG - 0 reads not considered because fully enclosed in repeat masked regions
2026-03-08 18:00:15,696 - DEBUG - Counting for batch 943, containing 100 cells and 7865 reads
2026-03-08 18:00:16,371 - DEBUG - 0 reads not considered because fully enclosed in repeat masked regions
2026-03-08 18:00:16,944 - DEBUG - Counting for batch 944, containing 100 cells and 8197 reads
2026-03-08 18:00:17,613 - DEBUG - 0 reads not considered because fully enclosed in repeat masked regions
2026-03-08 18:00:18,133 - DEBUG - Counting for batch 945, containing 100 cells and 7691 reads
2026-03-08 18:00:18,793 - DEBUG - 0 reads not considered because fully enclosed in repeat masked regions
2026-03-08 18:00:19,293 - DEBUG - Counting for batch 946, containing 100 cells and 7589 reads
2026-03-08 18:00:19,937 - DEBUG - 0 reads not considered because fully enclosed in repeat masked regions
2026-03-08 18:00:20,458 - DEBUG - Counting for batch 947, containing 100 cells and 7626 reads
2026-03-08 18:00:21,081 - DEBUG - 0 reads not considered because fully enclosed in repeat masked regions
2026-03-08 18:00:21,581 - DEBUG - Counting for batch 948, containing 100 cells and 7826 reads
2026-03-08 18:00:22,219 - DEBUG - 0 reads not considered because fully enclosed in repeat masked regions
2026-03-08 18:00:22,649 - DEBUG - Counting for batch 949, containing 100 cells and 8287 reads
2026-03-08 18:00:23,283 - DEBUG - 0 reads not considered because fully enclosed in repeat masked regions
2026-03-08 18:00:23,862 - DEBUG - Counting for batch 950, containing 100 cells and 7593 reads
2026-03-08 18:00:24,483 - DEBUG - 0 reads not considered because fully enclosed in repeat masked regions
2026-03-08 18:00:26,064 - DEBUG - Counting for batch 951, containing 100 cells and 7318 reads
2026-03-08 18:00:26,686 - DEBUG - 0 reads not considered because fully enclosed in repeat masked regions
2026-03-08 18:00:27,318 - DEBUG - Counting for batch 952, containing 100 cells and 7551 reads
2026-03-08 18:00:27,964 - DEBUG - 0 reads not considered because fully enclosed in repeat masked regions
2026-03-08 18:00:28,514 - DEBUG - Counting for batch 953, containing 100 cells and 7913 reads
2026-03-08 18:00:29,149 - DEBUG - 0 reads not considered because fully enclosed in repeat masked regions
2026-03-08 18:00:29,700 - DEBUG - Counting for batch 954, containing 100 cells and 7783 reads
2026-03-08 18:00:30,335 - DEBUG - 0 reads not considered because fully enclosed in repeat masked regions
2026-03-08 18:00:30,902 - DEBUG - Counting for batch 955, containing 100 cells and 7401 reads
2026-03-08 18:00:31,539 - DEBUG - 0 reads not considered because fully enclosed in repeat masked regions
2026-03-08 18:00:32,136 - DEBUG - Counting for batch 956, containing 100 cells and 7878 reads
2026-03-08 18:00:32,768 - DEBUG - 0 reads not considered because fully enclosed in repeat masked regions
2026-03-08 18:00:33,237 - DEBUG - Counting for batch 957, containing 100 cells and 7435 reads
2026-03-08 18:00:33,859 - DEBUG - 0 reads not considered because fully enclosed in repeat masked regions
2026-03-08 18:00:34,374 - DEBUG - Counting for batch 958, containing 100 cells and 7317 reads
2026-03-08 18:00:35,000 - DEBUG - 0 reads not considered because fully enclosed in repeat masked regions
2026-03-08 18:00:35,555 - DEBUG - Counting for batch 959, containing 100 cells and 7794 reads
2026-03-08 18:00:36,196 - DEBUG - 0 reads not considered because fully enclosed in repeat masked regions
2026-03-08 18:00:36,731 - DEBUG - Counting for batch 960, containing 100 cells and 7813 reads
2026-03-08 18:00:37,374 - DEBUG - 0 reads not considered because fully enclosed in repeat masked regions
2026-03-08 18:00:37,992 - DEBUG - Counting for batch 961, containing 100 cells and 7871 reads
2026-03-08 18:00:38,643 - DEBUG - 0 reads not considered because fully enclosed in repeat masked regions
2026-03-08 18:00:39,305 - DEBUG - Counting for batch 962, containing 100 cells and 7779 reads
2026-03-08 18:00:40,914 - DEBUG - 0 reads not considered because fully enclosed in repeat masked regions
2026-03-08 18:00:41,412 - DEBUG - Counting for batch 963, containing 100 cells and 7604 reads
2026-03-08 18:00:42,042 - DEBUG - 0 reads not considered because fully enclosed in repeat masked regions
2026-03-08 18:00:42,629 - DEBUG - Counting for batch 964, containing 100 cells and 7485 reads
2026-03-08 18:00:43,250 - DEBUG - 0 reads not considered because fully enclosed in repeat masked regions
2026-03-08 18:00:43,913 - DEBUG - Counting for batch 965, containing 100 cells and 7516 reads
2026-03-08 18:00:44,537 - DEBUG - 0 reads not considered because fully enclosed in repeat masked regions
2026-03-08 18:00:45,081 - DEBUG - Counting for batch 966, containing 100 cells and 7758 reads
2026-03-08 18:00:45,705 - DEBUG - 0 reads not considered because fully enclosed in repeat masked regions
2026-03-08 18:00:46,203 - DEBUG - Counting for batch 967, containing 100 cells and 7606 reads
2026-03-08 18:00:46,845 - DEBUG - 0 reads not considered because fully enclosed in repeat masked regions
2026-03-08 18:00:47,431 - DEBUG - Counting for batch 968, containing 100 cells and 7702 reads
2026-03-08 18:00:48,084 - DEBUG - 0 reads not considered because fully enclosed in repeat masked regions
2026-03-08 18:00:48,679 - DEBUG - Counting for batch 969, containing 100 cells and 7716 reads
2026-03-08 18:00:49,335 - DEBUG - 0 reads not considered because fully enclosed in repeat masked regions
2026-03-08 18:00:49,839 - DEBUG - Counting for batch 970, containing 100 cells and 7737 reads
2026-03-08 18:00:50,474 - DEBUG - 0 reads not considered because fully enclosed in repeat masked regions
2026-03-08 18:00:51,040 - DEBUG - Counting for batch 971, containing 100 cells and 7867 reads
2026-03-08 18:00:51,679 - DEBUG - 0 reads not considered because fully enclosed in repeat masked regions
2026-03-08 18:00:52,215 - DEBUG - Counting for batch 972, containing 100 cells and 7441 reads
2026-03-08 18:00:52,839 - DEBUG - 0 reads not considered because fully enclosed in repeat masked regions
2026-03-08 18:00:53,473 - DEBUG - Counting for batch 973, containing 100 cells and 7959 reads
2026-03-08 18:00:55,129 - DEBUG - 0 reads not considered because fully enclosed in repeat masked regions
2026-03-08 18:00:55,691 - DEBUG - Counting for batch 974, containing 100 cells and 8009 reads
2026-03-08 18:00:56,339 - DEBUG - 0 reads not considered because fully enclosed in repeat masked regions
2026-03-08 18:00:56,836 - DEBUG - Counting for batch 975, containing 100 cells and 7850 reads
2026-03-08 18:00:57,490 - DEBUG - 0 reads not considered because fully enclosed in repeat masked regions
2026-03-08 18:00:58,031 - DEBUG - Counting for batch 976, containing 100 cells and 7766 reads
2026-03-08 18:00:58,653 - DEBUG - 0 reads not considered because fully enclosed in repeat masked regions
2026-03-08 18:00:59,219 - DEBUG - Counting for batch 977, containing 100 cells and 7725 reads
2026-03-08 18:00:59,852 - DEBUG - 0 reads not considered because fully enclosed in repeat masked regions
2026-03-08 18:01:00,460 - DEBUG - Counting for batch 978, containing 100 cells and 7570 reads
2026-03-08 18:01:01,094 - DEBUG - 0 reads not considered because fully enclosed in repeat masked regions
2026-03-08 18:01:01,659 - DEBUG - Counting for batch 979, containing 100 cells and 7835 reads
2026-03-08 18:01:02,299 - DEBUG - 0 reads not considered because fully enclosed in repeat masked regions
2026-03-08 18:01:02,828 - DEBUG - Counting for batch 980, containing 100 cells and 7681 reads
2026-03-08 18:01:03,453 - DEBUG - 0 reads not considered because fully enclosed in repeat masked regions
2026-03-08 18:01:03,931 - DEBUG - Counting for batch 981, containing 100 cells and 7600 reads
2026-03-08 18:01:04,555 - DEBUG - 0 reads not considered because fully enclosed in repeat masked regions
2026-03-08 18:01:05,056 - DEBUG - Counting for batch 982, containing 100 cells and 7611 reads
2026-03-08 18:01:05,682 - DEBUG - 0 reads not considered because fully enclosed in repeat masked regions
2026-03-08 18:01:06,284 - DEBUG - Counting for batch 983, containing 100 cells and 7700 reads
2026-03-08 18:01:06,900 - DEBUG - 0 reads not considered because fully enclosed in repeat masked regions
2026-03-08 18:01:07,446 - DEBUG - Counting for batch 984, containing 100 cells and 7480 reads
2026-03-08 18:01:09,064 - DEBUG - 0 reads not considered because fully enclosed in repeat masked regions
2026-03-08 18:01:09,611 - DEBUG - Counting for batch 985, containing 100 cells and 7630 reads
2026-03-08 18:01:10,236 - DEBUG - 0 reads not considered because fully enclosed in repeat masked regions
2026-03-08 18:01:10,749 - DEBUG - Counting for batch 986, containing 100 cells and 7574 reads
2026-03-08 18:01:11,371 - DEBUG - 0 reads not considered because fully enclosed in repeat masked regions
2026-03-08 18:01:11,901 - DEBUG - Counting for batch 987, containing 100 cells and 7505 reads
2026-03-08 18:01:12,541 - DEBUG - 0 reads not considered because fully enclosed in repeat masked regions
2026-03-08 18:01:13,042 - DEBUG - Counting for batch 988, containing 100 cells and 7593 reads
2026-03-08 18:01:13,675 - DEBUG - 0 reads not considered because fully enclosed in repeat masked regions
2026-03-08 18:01:14,238 - DEBUG - Counting for batch 989, containing 100 cells and 7698 reads
2026-03-08 18:01:14,865 - DEBUG - 0 reads not considered because fully enclosed in repeat masked regions
2026-03-08 18:01:15,419 - DEBUG - Counting for batch 990, containing 100 cells and 7873 reads
2026-03-08 18:01:16,070 - DEBUG - 0 reads not considered because fully enclosed in repeat masked regions
2026-03-08 18:01:16,541 - DEBUG - Read first 190 million reads
2026-03-08 18:01:16,604 - DEBUG - Counting for batch 991, containing 100 cells and 7551 reads
2026-03-08 18:01:17,237 - DEBUG - 0 reads not considered because fully enclosed in repeat masked regions
2026-03-08 18:01:17,914 - DEBUG - Counting for batch 992, containing 100 cells and 7513 reads
2026-03-08 18:01:18,549 - DEBUG - 0 reads not considered because fully enclosed in repeat masked regions
2026-03-08 18:01:19,120 - DEBUG - Counting for batch 993, containing 100 cells and 7744 reads
2026-03-08 18:01:19,760 - DEBUG - 0 reads not considered because fully enclosed in repeat masked regions
2026-03-08 18:01:20,286 - DEBUG - Counting for batch 994, containing 100 cells and 8090 reads
2026-03-08 18:01:20,940 - DEBUG - 0 reads not considered because fully enclosed in repeat masked regions
2026-03-08 18:01:21,529 - DEBUG - Counting for batch 995, containing 100 cells and 7756 reads
2026-03-08 18:01:23,157 - DEBUG - 0 reads not considered because fully enclosed in repeat masked regions
2026-03-08 18:01:23,655 - DEBUG - Counting for batch 996, containing 100 cells and 7696 reads
2026-03-08 18:01:24,290 - DEBUG - 0 reads not considered because fully enclosed in repeat masked regions
2026-03-08 18:01:24,876 - DEBUG - Counting for batch 997, containing 100 cells and 7706 reads
2026-03-08 18:01:25,514 - DEBUG - 0 reads not considered because fully enclosed in repeat masked regions
2026-03-08 18:01:25,983 - DEBUG - Counting for batch 998, containing 100 cells and 7452 reads
2026-03-08 18:01:26,610 - DEBUG - 0 reads not considered because fully enclosed in repeat masked regions
2026-03-08 18:01:27,134 - DEBUG - Counting for batch 999, containing 100 cells and 8084 reads
2026-03-08 18:01:27,766 - DEBUG - 0 reads not considered because fully enclosed in repeat masked regions
2026-03-08 18:01:28,373 - DEBUG - Counting for batch 1000, containing 100 cells and 7773 reads
2026-03-08 18:01:29,000 - DEBUG - 0 reads not considered because fully enclosed in repeat masked regions
2026-03-08 18:01:29,514 - DEBUG - Counting for batch 1001, containing 100 cells and 7621 reads
2026-03-08 18:01:30,145 - DEBUG - 0 reads not considered because fully enclosed in repeat masked regions
2026-03-08 18:01:30,685 - DEBUG - Counting for batch 1002, containing 100 cells and 7803 reads
2026-03-08 18:01:31,314 - DEBUG - 0 reads not considered because fully enclosed in repeat masked regions
2026-03-08 18:01:31,824 - DEBUG - Counting for batch 1003, containing 100 cells and 7836 reads
2026-03-08 18:01:32,455 - DEBUG - 0 reads not considered because fully enclosed in repeat masked regions
2026-03-08 18:01:32,953 - DEBUG - Counting for batch 1004, containing 100 cells and 7647 reads
2026-03-08 18:01:33,595 - DEBUG - 0 reads not considered because fully enclosed in repeat masked regions
2026-03-08 18:01:34,108 - DEBUG - Counting for batch 1005, containing 100 cells and 7514 reads
2026-03-08 18:01:34,736 - DEBUG - 0 reads not considered because fully enclosed in repeat masked regions
2026-03-08 18:01:35,263 - DEBUG - Counting for batch 1006, containing 100 cells and 7485 reads
2026-03-08 18:01:36,884 - DEBUG - 0 reads not considered because fully enclosed in repeat masked regions
2026-03-08 18:01:37,466 - DEBUG - Counting for batch 1007, containing 100 cells and 7478 reads
2026-03-08 18:01:38,128 - DEBUG - 0 reads not considered because fully enclosed in repeat masked regions
2026-03-08 18:01:38,690 - DEBUG - Counting for batch 1008, containing 100 cells and 7638 reads
2026-03-08 18:01:39,332 - DEBUG - 0 reads not considered because fully enclosed in repeat masked regions
2026-03-08 18:01:39,877 - DEBUG - Counting for batch 1009, containing 100 cells and 7698 reads
2026-03-08 18:01:40,514 - DEBUG - 0 reads not considered because fully enclosed in repeat masked regions
2026-03-08 18:01:41,034 - DEBUG - Counting for batch 1010, containing 100 cells and 8019 reads
2026-03-08 18:01:41,669 - DEBUG - 0 reads not considered because fully enclosed in repeat masked regions
2026-03-08 18:01:42,206 - DEBUG - Counting for batch 1011, containing 100 cells and 7482 reads
2026-03-08 18:01:42,836 - DEBUG - 0 reads not considered because fully enclosed in repeat masked regions
2026-03-08 18:01:43,385 - DEBUG - Counting for batch 1012, containing 100 cells and 7814 reads
2026-03-08 18:01:44,013 - DEBUG - 0 reads not considered because fully enclosed in repeat masked regions
2026-03-08 18:01:44,515 - DEBUG - Counting for batch 1013, containing 100 cells and 7446 reads
2026-03-08 18:01:45,154 - DEBUG - 0 reads not considered because fully enclosed in repeat masked regions
2026-03-08 18:01:45,663 - DEBUG - Counting for batch 1014, containing 100 cells and 7688 reads
2026-03-08 18:01:46,299 - DEBUG - 0 reads not considered because fully enclosed in repeat masked regions
2026-03-08 18:01:46,839 - DEBUG - Counting for batch 1015, containing 100 cells and 7835 reads
2026-03-08 18:01:47,472 - DEBUG - 0 reads not considered because fully enclosed in repeat masked regions
2026-03-08 18:01:47,992 - DEBUG - Counting for batch 1016, containing 100 cells and 7865 reads
2026-03-08 18:01:48,637 - DEBUG - 0 reads not considered because fully enclosed in repeat masked regions
2026-03-08 18:01:49,157 - DEBUG - Counting for batch 1017, containing 100 cells and 7501 reads
2026-03-08 18:01:50,761 - DEBUG - 0 reads not considered because fully enclosed in repeat masked regions
2026-03-08 18:01:51,345 - DEBUG - Counting for batch 1018, containing 100 cells and 7685 reads
2026-03-08 18:01:51,987 - DEBUG - 0 reads not considered because fully enclosed in repeat masked regions
2026-03-08 18:01:52,537 - DEBUG - Counting for batch 1019, containing 100 cells and 7900 reads
2026-03-08 18:01:53,160 - DEBUG - 0 reads not considered because fully enclosed in repeat masked regions
2026-03-08 18:01:53,669 - DEBUG - Counting for batch 1020, containing 100 cells and 7624 reads
2026-03-08 18:01:54,294 - DEBUG - 0 reads not considered because fully enclosed in repeat masked regions
2026-03-08 18:01:54,791 - DEBUG - Counting for batch 1021, containing 100 cells and 8152 reads
2026-03-08 18:01:55,437 - DEBUG - 0 reads not considered because fully enclosed in repeat masked regions
2026-03-08 18:01:56,008 - DEBUG - Counting for batch 1022, containing 100 cells and 7962 reads
2026-03-08 18:01:56,633 - DEBUG - 0 reads not considered because fully enclosed in repeat masked regions
2026-03-08 18:01:57,181 - DEBUG - Counting for batch 1023, containing 100 cells and 7742 reads
2026-03-08 18:01:57,812 - DEBUG - 0 reads not considered because fully enclosed in repeat masked regions
2026-03-08 18:01:58,335 - DEBUG - Counting for batch 1024, containing 100 cells and 7604 reads
2026-03-08 18:01:58,969 - DEBUG - 0 reads not considered because fully enclosed in repeat masked regions
2026-03-08 18:01:59,508 - DEBUG - Counting for batch 1025, containing 100 cells and 7908 reads
2026-03-08 18:02:00,167 - DEBUG - 0 reads not considered because fully enclosed in repeat masked regions
2026-03-08 18:02:00,734 - DEBUG - Counting for batch 1026, containing 100 cells and 7895 reads
2026-03-08 18:02:01,371 - DEBUG - 0 reads not considered because fully enclosed in repeat masked regions
2026-03-08 18:02:01,943 - DEBUG - Counting for batch 1027, containing 100 cells and 8025 reads
2026-03-08 18:02:02,612 - DEBUG - 0 reads not considered because fully enclosed in repeat masked regions
2026-03-08 18:02:03,134 - DEBUG - Counting for batch 1028, containing 100 cells and 7950 reads
2026-03-08 18:02:04,735 - DEBUG - 0 reads not considered because fully enclosed in repeat masked regions
2026-03-08 18:02:05,273 - DEBUG - Counting for batch 1029, containing 100 cells and 7607 reads
2026-03-08 18:02:05,911 - DEBUG - 0 reads not considered because fully enclosed in repeat masked regions
2026-03-08 18:02:06,451 - DEBUG - Counting for batch 1030, containing 100 cells and 7828 reads
2026-03-08 18:02:07,098 - DEBUG - 0 reads not considered because fully enclosed in repeat masked regions
2026-03-08 18:02:07,616 - DEBUG - Counting for batch 1031, containing 100 cells and 7878 reads
2026-03-08 18:02:08,254 - DEBUG - 0 reads not considered because fully enclosed in repeat masked regions
2026-03-08 18:02:08,766 - DEBUG - Counting for batch 1032, containing 100 cells and 7757 reads
2026-03-08 18:02:09,409 - DEBUG - 0 reads not considered because fully enclosed in repeat masked regions
2026-03-08 18:02:10,017 - DEBUG - Counting for batch 1033, containing 100 cells and 7558 reads
2026-03-08 18:02:10,656 - DEBUG - 0 reads not considered because fully enclosed in repeat masked regions
2026-03-08 18:02:11,196 - DEBUG - Counting for batch 1034, containing 100 cells and 7519 reads
2026-03-08 18:02:11,831 - DEBUG - 0 reads not considered because fully enclosed in repeat masked regions
2026-03-08 18:02:12,443 - DEBUG - Counting for batch 1035, containing 100 cells and 7583 reads
2026-03-08 18:02:13,089 - DEBUG - 0 reads not considered because fully enclosed in repeat masked regions
2026-03-08 18:02:13,623 - DEBUG - Counting for batch 1036, containing 100 cells and 7543 reads
2026-03-08 18:02:14,293 - DEBUG - 0 reads not considered because fully enclosed in repeat masked regions
2026-03-08 18:02:14,848 - DEBUG - Counting for batch 1037, containing 100 cells and 7702 reads
2026-03-08 18:02:15,483 - DEBUG - 0 reads not considered because fully enclosed in repeat masked regions
2026-03-08 18:02:16,094 - DEBUG - Counting for batch 1038, containing 100 cells and 7247 reads
2026-03-08 18:02:16,714 - DEBUG - 0 reads not considered because fully enclosed in repeat masked regions
2026-03-08 18:02:17,241 - DEBUG - Counting for batch 1039, containing 100 cells and 7576 reads
2026-03-08 18:02:17,873 - DEBUG - 0 reads not considered because fully enclosed in repeat masked regions
2026-03-08 18:02:19,390 - DEBUG - Counting for batch 1040, containing 100 cells and 7814 reads
2026-03-08 18:02:20,021 - DEBUG - 0 reads not considered because fully enclosed in repeat masked regions
2026-03-08 18:02:20,610 - DEBUG - Counting for batch 1041, containing 100 cells and 7782 reads
2026-03-08 18:02:21,247 - DEBUG - 0 reads not considered because fully enclosed in repeat masked regions
2026-03-08 18:02:21,774 - DEBUG - Counting for batch 1042, containing 100 cells and 8046 reads
2026-03-08 18:02:22,433 - DEBUG - 0 reads not considered because fully enclosed in repeat masked regions
2026-03-08 18:02:22,763 - DEBUG - Read first 200 million reads
2026-03-08 18:02:22,978 - DEBUG - Counting for batch 1043, containing 100 cells and 7447 reads
2026-03-08 18:02:23,593 - DEBUG - 0 reads not considered because fully enclosed in repeat masked regions
2026-03-08 18:02:24,201 - DEBUG - Counting for batch 1044, containing 100 cells and 8164 reads
2026-03-08 18:02:24,834 - DEBUG - 0 reads not considered because fully enclosed in repeat masked regions
2026-03-08 18:02:25,307 - DEBUG - Counting for batch 1045, containing 100 cells and 7407 reads
2026-03-08 18:02:25,923 - DEBUG - 0 reads not considered because fully enclosed in repeat masked regions
2026-03-08 18:02:26,381 - DEBUG - Counting for batch 1046, containing 100 cells and 7548 reads
2026-03-08 18:02:27,005 - DEBUG - 0 reads not considered because fully enclosed in repeat masked regions
2026-03-08 18:02:27,556 - DEBUG - Counting for batch 1047, containing 100 cells and 7793 reads
2026-03-08 18:02:28,183 - DEBUG - 0 reads not considered because fully enclosed in repeat masked regions
2026-03-08 18:02:28,762 - DEBUG - Counting for batch 1048, containing 100 cells and 7632 reads
2026-03-08 18:02:29,383 - DEBUG - 0 reads not considered because fully enclosed in repeat masked regions
2026-03-08 18:02:29,914 - DEBUG - Counting for batch 1049, containing 100 cells and 7530 reads
2026-03-08 18:02:30,542 - DEBUG - 0 reads not considered because fully enclosed in repeat masked regions
2026-03-08 18:02:31,094 - DEBUG - Counting for batch 1050, containing 100 cells and 7630 reads
2026-03-08 18:02:31,731 - DEBUG - 0 reads not considered because fully enclosed in repeat masked regions
2026-03-08 18:02:33,243 - DEBUG - Counting for batch 1051, containing 100 cells and 7807 reads
2026-03-08 18:02:33,874 - DEBUG - 0 reads not considered because fully enclosed in repeat masked regions
2026-03-08 18:02:34,393 - DEBUG - Counting for batch 1052, containing 100 cells and 7683 reads
2026-03-08 18:02:35,023 - DEBUG - 0 reads not considered because fully enclosed in repeat masked regions
2026-03-08 18:02:35,542 - DEBUG - Counting for batch 1053, containing 100 cells and 7882 reads
2026-03-08 18:02:36,196 - DEBUG - 0 reads not considered because fully enclosed in repeat masked regions
2026-03-08 18:02:36,747 - DEBUG - Counting for batch 1054, containing 100 cells and 7760 reads
2026-03-08 18:02:37,382 - DEBUG - 0 reads not considered because fully enclosed in repeat masked regions
2026-03-08 18:02:37,970 - DEBUG - Counting for batch 1055, containing 100 cells and 7679 reads
2026-03-08 18:02:38,603 - DEBUG - 0 reads not considered because fully enclosed in repeat masked regions
2026-03-08 18:02:39,168 - DEBUG - Counting for batch 1056, containing 100 cells and 7561 reads
2026-03-08 18:02:39,801 - DEBUG - 0 reads not considered because fully enclosed in repeat masked regions
2026-03-08 18:02:40,416 - DEBUG - Counting for batch 1057, containing 100 cells and 7603 reads
2026-03-08 18:02:41,067 - DEBUG - 0 reads not considered because fully enclosed in repeat masked regions
2026-03-08 18:02:41,629 - DEBUG - Counting for batch 1058, containing 100 cells and 7694 reads
2026-03-08 18:02:42,289 - DEBUG - 0 reads not considered because fully enclosed in repeat masked regions
2026-03-08 18:02:42,908 - DEBUG - Counting for batch 1059, containing 100 cells and 7565 reads
2026-03-08 18:02:43,546 - DEBUG - 0 reads not considered because fully enclosed in repeat masked regions
2026-03-08 18:02:44,039 - DEBUG - Counting for batch 1060, containing 100 cells and 7859 reads
2026-03-08 18:02:44,671 - DEBUG - 0 reads not considered because fully enclosed in repeat masked regions
2026-03-08 18:02:45,276 - DEBUG - Counting for batch 1061, containing 100 cells and 7325 reads
2026-03-08 18:02:45,906 - DEBUG - 0 reads not considered because fully enclosed in repeat masked regions
2026-03-08 18:02:47,437 - DEBUG - Counting for batch 1062, containing 100 cells and 7594 reads
2026-03-08 18:02:48,072 - DEBUG - 0 reads not considered because fully enclosed in repeat masked regions
2026-03-08 18:02:48,624 - DEBUG - Counting for batch 1063, containing 100 cells and 7828 reads
2026-03-08 18:02:49,271 - DEBUG - 0 reads not considered because fully enclosed in repeat masked regions
2026-03-08 18:02:49,925 - DEBUG - Counting for batch 1064, containing 100 cells and 7823 reads
2026-03-08 18:02:50,552 - DEBUG - 0 reads not considered because fully enclosed in repeat masked regions
2026-03-08 18:02:51,047 - DEBUG - Counting for batch 1065, containing 100 cells and 7548 reads
2026-03-08 18:02:51,673 - DEBUG - 0 reads not considered because fully enclosed in repeat masked regions
2026-03-08 18:02:52,254 - DEBUG - Counting for batch 1066, containing 100 cells and 7753 reads
2026-03-08 18:02:52,894 - DEBUG - 0 reads not considered because fully enclosed in repeat masked regions
2026-03-08 18:02:53,454 - DEBUG - Counting for batch 1067, containing 100 cells and 7662 reads
2026-03-08 18:02:54,103 - DEBUG - 0 reads not considered because fully enclosed in repeat masked regions
2026-03-08 18:02:54,604 - DEBUG - Counting for batch 1068, containing 100 cells and 7803 reads
2026-03-08 18:02:55,228 - DEBUG - 0 reads not considered because fully enclosed in repeat masked regions
2026-03-08 18:02:55,698 - DEBUG - Counting for batch 1069, containing 100 cells and 7776 reads
2026-03-08 18:02:56,336 - DEBUG - 0 reads not considered because fully enclosed in repeat masked regions
2026-03-08 18:02:56,894 - DEBUG - Counting for batch 1070, containing 100 cells and 7542 reads
2026-03-08 18:02:57,510 - DEBUG - 0 reads not considered because fully enclosed in repeat masked regions
2026-03-08 18:02:58,111 - DEBUG - Counting for batch 1071, containing 100 cells and 7985 reads
2026-03-08 18:02:58,754 - DEBUG - 0 reads not considered because fully enclosed in repeat masked regions
2026-03-08 18:02:59,333 - DEBUG - Counting for batch 1072, containing 100 cells and 7759 reads
2026-03-08 18:02:59,972 - DEBUG - 0 reads not considered because fully enclosed in repeat masked regions
2026-03-08 18:03:00,523 - DEBUG - Counting for batch 1073, containing 100 cells and 7544 reads
2026-03-08 18:03:02,128 - DEBUG - 0 reads not considered because fully enclosed in repeat masked regions
2026-03-08 18:03:02,706 - DEBUG - Counting for batch 1074, containing 100 cells and 7638 reads
2026-03-08 18:03:03,337 - DEBUG - 0 reads not considered because fully enclosed in repeat masked regions
2026-03-08 18:03:03,919 - DEBUG - Counting for batch 1075, containing 100 cells and 7725 reads
2026-03-08 18:03:04,546 - DEBUG - 0 reads not considered because fully enclosed in repeat masked regions
2026-03-08 18:03:05,024 - DEBUG - Counting for batch 1076, containing 100 cells and 7701 reads
2026-03-08 18:03:05,663 - DEBUG - 0 reads not considered because fully enclosed in repeat masked regions
2026-03-08 18:03:06,229 - DEBUG - Counting for batch 1077, containing 100 cells and 7785 reads
2026-03-08 18:03:06,877 - DEBUG - 0 reads not considered because fully enclosed in repeat masked regions
2026-03-08 18:03:07,519 - DEBUG - Counting for batch 1078, containing 100 cells and 7610 reads
2026-03-08 18:03:08,151 - DEBUG - 0 reads not considered because fully enclosed in repeat masked regions
2026-03-08 18:03:08,693 - DEBUG - Counting for batch 1079, containing 100 cells and 7534 reads
2026-03-08 18:03:09,318 - DEBUG - 0 reads not considered because fully enclosed in repeat masked regions
2026-03-08 18:03:09,859 - DEBUG - Counting for batch 1080, containing 100 cells and 7441 reads
2026-03-08 18:03:10,524 - DEBUG - 0 reads not considered because fully enclosed in repeat masked regions
2026-03-08 18:03:11,027 - DEBUG - Counting for batch 1081, containing 100 cells and 7624 reads
2026-03-08 18:03:11,685 - DEBUG - 0 reads not considered because fully enclosed in repeat masked regions
2026-03-08 18:03:12,284 - DEBUG - Counting for batch 1082, containing 100 cells and 7837 reads
2026-03-08 18:03:12,942 - DEBUG - 0 reads not considered because fully enclosed in repeat masked regions
2026-03-08 18:03:13,518 - DEBUG - Counting for batch 1083, containing 100 cells and 7529 reads
2026-03-08 18:03:14,144 - DEBUG - 0 reads not considered because fully enclosed in repeat masked regions
2026-03-08 18:03:14,679 - DEBUG - Counting for batch 1084, containing 100 cells and 7548 reads
2026-03-08 18:03:16,301 - DEBUG - 0 reads not considered because fully enclosed in repeat masked regions
2026-03-08 18:03:16,914 - DEBUG - Counting for batch 1085, containing 100 cells and 7410 reads
2026-03-08 18:03:17,541 - DEBUG - 0 reads not considered because fully enclosed in repeat masked regions
2026-03-08 18:03:18,211 - DEBUG - Counting for batch 1086, containing 100 cells and 7770 reads
2026-03-08 18:03:18,847 - DEBUG - 0 reads not considered because fully enclosed in repeat masked regions
2026-03-08 18:03:19,488 - DEBUG - Counting for batch 1087, containing 100 cells and 7521 reads
2026-03-08 18:03:20,130 - DEBUG - 0 reads not considered because fully enclosed in repeat masked regions
2026-03-08 18:03:20,672 - DEBUG - Counting for batch 1088, containing 100 cells and 7664 reads
2026-03-08 18:03:21,303 - DEBUG - 0 reads not considered because fully enclosed in repeat masked regions
2026-03-08 18:03:21,856 - DEBUG - Counting for batch 1089, containing 100 cells and 7628 reads
2026-03-08 18:03:22,494 - DEBUG - 0 reads not considered because fully enclosed in repeat masked regions
2026-03-08 18:03:23,031 - DEBUG - Counting for batch 1090, containing 100 cells and 7629 reads
2026-03-08 18:03:23,658 - DEBUG - 0 reads not considered because fully enclosed in repeat masked regions
2026-03-08 18:03:24,186 - DEBUG - Counting for batch 1091, containing 100 cells and 7736 reads
2026-03-08 18:03:24,808 - DEBUG - 0 reads not considered because fully enclosed in repeat masked regions
2026-03-08 18:03:25,351 - DEBUG - Counting for batch 1092, containing 100 cells and 7403 reads
2026-03-08 18:03:25,972 - DEBUG - 0 reads not considered because fully enclosed in repeat masked regions
2026-03-08 18:03:26,363 - DEBUG - Read first 210 million reads
2026-03-08 18:03:26,535 - DEBUG - Counting for batch 1093, containing 100 cells and 7761 reads
2026-03-08 18:03:27,176 - DEBUG - 0 reads not considered because fully enclosed in repeat masked regions
2026-03-08 18:03:27,727 - DEBUG - Counting for batch 1094, containing 100 cells and 8017 reads
2026-03-08 18:03:28,357 - DEBUG - 0 reads not considered because fully enclosed in repeat masked regions
2026-03-08 18:03:28,914 - DEBUG - Counting for batch 1095, containing 100 cells and 7762 reads
2026-03-08 18:03:30,531 - DEBUG - 0 reads not considered because fully enclosed in repeat masked regions
2026-03-08 18:03:31,044 - DEBUG - Counting for batch 1096, containing 100 cells and 7464 reads
2026-03-08 18:03:31,698 - DEBUG - 0 reads not considered because fully enclosed in repeat masked regions
2026-03-08 18:03:32,345 - DEBUG - Counting for batch 1097, containing 100 cells and 7772 reads
2026-03-08 18:03:32,987 - DEBUG - 0 reads not considered because fully enclosed in repeat masked regions
2026-03-08 18:03:33,535 - DEBUG - Counting for batch 1098, containing 100 cells and 7635 reads
2026-03-08 18:03:34,170 - DEBUG - 0 reads not considered because fully enclosed in repeat masked regions
2026-03-08 18:03:34,725 - DEBUG - Counting for batch 1099, containing 100 cells and 7365 reads
2026-03-08 18:03:35,399 - DEBUG - 0 reads not considered because fully enclosed in repeat masked regions
2026-03-08 18:03:35,986 - DEBUG - Counting for batch 1100, containing 100 cells and 7819 reads
2026-03-08 18:03:36,613 - DEBUG - 0 reads not considered because fully enclosed in repeat masked regions
2026-03-08 18:03:37,195 - DEBUG - Counting for batch 1101, containing 100 cells and 7538 reads
2026-03-08 18:03:37,834 - DEBUG - 0 reads not considered because fully enclosed in repeat masked regions
2026-03-08 18:03:38,479 - DEBUG - Counting for batch 1102, containing 100 cells and 7426 reads
2026-03-08 18:03:39,104 - DEBUG - 0 reads not considered because fully enclosed in repeat masked regions
2026-03-08 18:03:39,723 - DEBUG - Counting for batch 1103, containing 100 cells and 7856 reads
2026-03-08 18:03:40,353 - DEBUG - 0 reads not considered because fully enclosed in repeat masked regions
2026-03-08 18:03:40,941 - DEBUG - Counting for batch 1104, containing 100 cells and 7472 reads
2026-03-08 18:03:41,573 - DEBUG - 0 reads not considered because fully enclosed in repeat masked regions
2026-03-08 18:03:42,182 - DEBUG - Counting for batch 1105, containing 100 cells and 7423 reads
2026-03-08 18:03:42,811 - DEBUG - 0 reads not considered because fully enclosed in repeat masked regions
2026-03-08 18:03:43,497 - DEBUG - Counting for batch 1106, containing 100 cells and 7732 reads
2026-03-08 18:03:44,137 - DEBUG - 0 reads not considered because fully enclosed in repeat masked regions
2026-03-08 18:03:44,704 - DEBUG - Counting for batch 1107, containing 100 cells and 7408 reads
2026-03-08 18:03:46,317 - DEBUG - 0 reads not considered because fully enclosed in repeat masked regions
2026-03-08 18:03:46,858 - DEBUG - Counting for batch 1108, containing 100 cells and 7052 reads
2026-03-08 18:03:47,497 - DEBUG - 0 reads not considered because fully enclosed in repeat masked regions
2026-03-08 18:03:48,044 - DEBUG - Counting for batch 1109, containing 100 cells and 7899 reads
2026-03-08 18:03:48,679 - DEBUG - 0 reads not considered because fully enclosed in repeat masked regions
2026-03-08 18:03:49,223 - DEBUG - Counting for batch 1110, containing 100 cells and 7831 reads
2026-03-08 18:03:49,863 - DEBUG - 0 reads not considered because fully enclosed in repeat masked regions
2026-03-08 18:03:50,506 - DEBUG - Counting for batch 1111, containing 100 cells and 7548 reads
2026-03-08 18:03:51,171 - DEBUG - 0 reads not considered because fully enclosed in repeat masked regions
2026-03-08 18:03:51,720 - DEBUG - Counting for batch 1112, containing 100 cells and 7536 reads
2026-03-08 18:03:52,363 - DEBUG - 0 reads not considered because fully enclosed in repeat masked regions
2026-03-08 18:03:52,888 - DEBUG - Counting for batch 1113, containing 100 cells and 7783 reads
2026-03-08 18:03:53,521 - DEBUG - 0 reads not considered because fully enclosed in repeat masked regions
2026-03-08 18:03:54,012 - DEBUG - Counting for batch 1114, containing 100 cells and 7634 reads
2026-03-08 18:03:54,637 - DEBUG - 0 reads not considered because fully enclosed in repeat masked regions
2026-03-08 18:03:55,196 - DEBUG - Counting for batch 1115, containing 100 cells and 7856 reads
2026-03-08 18:03:55,830 - DEBUG - 0 reads not considered because fully enclosed in repeat masked regions
2026-03-08 18:03:56,344 - DEBUG - Counting for batch 1116, containing 100 cells and 7920 reads
2026-03-08 18:03:56,996 - DEBUG - 0 reads not considered because fully enclosed in repeat masked regions
2026-03-08 18:03:57,606 - DEBUG - Counting for batch 1117, containing 100 cells and 7759 reads
2026-03-08 18:03:58,234 - DEBUG - 0 reads not considered because fully enclosed in repeat masked regions
2026-03-08 18:03:58,787 - DEBUG - Counting for batch 1118, containing 100 cells and 7340 reads
2026-03-08 18:04:00,381 - DEBUG - 0 reads not considered because fully enclosed in repeat masked regions
2026-03-08 18:04:00,873 - DEBUG - Counting for batch 1119, containing 100 cells and 7608 reads
2026-03-08 18:04:01,526 - DEBUG - 0 reads not considered because fully enclosed in repeat masked regions
2026-03-08 18:04:02,165 - DEBUG - Counting for batch 1120, containing 100 cells and 7429 reads
2026-03-08 18:04:02,794 - DEBUG - 0 reads not considered because fully enclosed in repeat masked regions
2026-03-08 18:04:03,435 - DEBUG - Counting for batch 1121, containing 100 cells and 7929 reads
2026-03-08 18:04:04,064 - DEBUG - 0 reads not considered because fully enclosed in repeat masked regions
2026-03-08 18:04:04,594 - DEBUG - Counting for batch 1122, containing 100 cells and 7495 reads
2026-03-08 18:04:05,221 - DEBUG - 0 reads not considered because fully enclosed in repeat masked regions
2026-03-08 18:04:05,861 - DEBUG - Counting for batch 1123, containing 100 cells and 7818 reads
2026-03-08 18:04:06,508 - DEBUG - 0 reads not considered because fully enclosed in repeat masked regions
2026-03-08 18:04:07,148 - DEBUG - Counting for batch 1124, containing 100 cells and 7916 reads
2026-03-08 18:04:07,792 - DEBUG - 0 reads not considered because fully enclosed in repeat masked regions
2026-03-08 18:04:08,376 - DEBUG - Counting for batch 1125, containing 100 cells and 7929 reads
2026-03-08 18:04:09,041 - DEBUG - 0 reads not considered because fully enclosed in repeat masked regions
2026-03-08 18:04:09,580 - DEBUG - Counting for batch 1126, containing 100 cells and 7545 reads
2026-03-08 18:04:10,206 - DEBUG - 0 reads not considered because fully enclosed in repeat masked regions
2026-03-08 18:04:10,726 - DEBUG - Counting for batch 1127, containing 100 cells and 8076 reads
2026-03-08 18:04:11,357 - DEBUG - 0 reads not considered because fully enclosed in repeat masked regions
2026-03-08 18:04:11,898 - DEBUG - Counting for batch 1128, containing 100 cells and 7904 reads
2026-03-08 18:04:12,533 - DEBUG - 0 reads not considered because fully enclosed in repeat masked regions
2026-03-08 18:04:13,065 - DEBUG - Counting for batch 1129, containing 100 cells and 7782 reads
2026-03-08 18:04:14,662 - DEBUG - 0 reads not considered because fully enclosed in repeat masked regions
2026-03-08 18:04:15,199 - DEBUG - Counting for batch 1130, containing 100 cells and 7909 reads
2026-03-08 18:04:15,858 - DEBUG - 0 reads not considered because fully enclosed in repeat masked regions
2026-03-08 18:04:16,450 - DEBUG - Counting for batch 1131, containing 100 cells and 7543 reads
2026-03-08 18:04:17,085 - DEBUG - 0 reads not considered because fully enclosed in repeat masked regions
2026-03-08 18:04:17,636 - DEBUG - Counting for batch 1132, containing 100 cells and 7713 reads
2026-03-08 18:04:18,275 - DEBUG - 0 reads not considered because fully enclosed in repeat masked regions
2026-03-08 18:04:18,772 - DEBUG - Counting for batch 1133, containing 100 cells and 7701 reads
2026-03-08 18:04:19,410 - DEBUG - 0 reads not considered because fully enclosed in repeat masked regions
2026-03-08 18:04:19,966 - DEBUG - Counting for batch 1134, containing 100 cells and 7595 reads
2026-03-08 18:04:20,601 - DEBUG - 0 reads not considered because fully enclosed in repeat masked regions
2026-03-08 18:04:21,169 - DEBUG - Counting for batch 1135, containing 100 cells and 7722 reads
2026-03-08 18:04:21,795 - DEBUG - 0 reads not considered because fully enclosed in repeat masked regions
2026-03-08 18:04:22,296 - DEBUG - Counting for batch 1136, containing 100 cells and 7839 reads
2026-03-08 18:04:22,953 - DEBUG - 0 reads not considered because fully enclosed in repeat masked regions
2026-03-08 18:04:23,397 - DEBUG - Counting for batch 1137, containing 100 cells and 7857 reads
2026-03-08 18:04:24,032 - DEBUG - 0 reads not considered because fully enclosed in repeat masked regions
2026-03-08 18:04:24,552 - DEBUG - Counting for batch 1138, containing 100 cells and 7757 reads
2026-03-08 18:04:25,175 - DEBUG - 0 reads not considered because fully enclosed in repeat masked regions
2026-03-08 18:04:25,755 - DEBUG - Counting for batch 1139, containing 100 cells and 8087 reads
2026-03-08 18:04:26,408 - DEBUG - 0 reads not considered because fully enclosed in repeat masked regions
2026-03-08 18:04:27,929 - DEBUG - Counting for batch 1140, containing 100 cells and 7462 reads
2026-03-08 18:04:28,566 - DEBUG - 0 reads not considered because fully enclosed in repeat masked regions
2026-03-08 18:04:29,214 - DEBUG - Counting for batch 1141, containing 100 cells and 7704 reads
2026-03-08 18:04:29,842 - DEBUG - 0 reads not considered because fully enclosed in repeat masked regions
2026-03-08 18:04:30,450 - DEBUG - Counting for batch 1142, containing 100 cells and 7596 reads
2026-03-08 18:04:31,077 - DEBUG - 0 reads not considered because fully enclosed in repeat masked regions
2026-03-08 18:04:31,195 - DEBUG - Read first 220 million reads
2026-03-08 18:04:31,583 - DEBUG - Counting for batch 1143, containing 100 cells and 7525 reads
2026-03-08 18:04:32,203 - DEBUG - 0 reads not considered because fully enclosed in repeat masked regions
2026-03-08 18:04:32,762 - DEBUG - Counting for batch 1144, containing 100 cells and 7193 reads
2026-03-08 18:04:33,384 - DEBUG - 0 reads not considered because fully enclosed in repeat masked regions
2026-03-08 18:04:33,985 - DEBUG - Counting for batch 1145, containing 100 cells and 7662 reads
2026-03-08 18:04:34,630 - DEBUG - 0 reads not considered because fully enclosed in repeat masked regions
2026-03-08 18:04:35,222 - DEBUG - Counting for batch 1146, containing 100 cells and 7945 reads
2026-03-08 18:04:35,851 - DEBUG - 0 reads not considered because fully enclosed in repeat masked regions
2026-03-08 18:04:36,392 - DEBUG - Counting for batch 1147, containing 100 cells and 7624 reads
2026-03-08 18:04:37,038 - DEBUG - 0 reads not considered because fully enclosed in repeat masked regions
2026-03-08 18:04:37,662 - DEBUG - Counting for batch 1148, containing 100 cells and 7942 reads
2026-03-08 18:04:38,309 - DEBUG - 0 reads not considered because fully enclosed in repeat masked regions
2026-03-08 18:04:38,909 - DEBUG - Counting for batch 1149, containing 100 cells and 7707 reads
2026-03-08 18:04:39,571 - DEBUG - 0 reads not considered because fully enclosed in repeat masked regions
2026-03-08 18:04:40,106 - DEBUG - Counting for batch 1150, containing 100 cells and 7643 reads
2026-03-08 18:04:40,772 - DEBUG - 0 reads not considered because fully enclosed in repeat masked regions
2026-03-08 18:04:42,313 - DEBUG - Counting for batch 1151, containing 100 cells and 7870 reads
2026-03-08 18:04:42,959 - DEBUG - 0 reads not considered because fully enclosed in repeat masked regions
2026-03-08 18:04:43,554 - DEBUG - Counting for batch 1152, containing 100 cells and 7407 reads
2026-03-08 18:04:44,174 - DEBUG - 0 reads not considered because fully enclosed in repeat masked regions
2026-03-08 18:04:44,761 - DEBUG - Counting for batch 1153, containing 100 cells and 7410 reads
2026-03-08 18:04:45,381 - DEBUG - 0 reads not considered because fully enclosed in repeat masked regions
2026-03-08 18:04:46,000 - DEBUG - Counting for batch 1154, containing 100 cells and 7369 reads
2026-03-08 18:04:46,642 - DEBUG - 0 reads not considered because fully enclosed in repeat masked regions
2026-03-08 18:04:47,231 - DEBUG - Counting for batch 1155, containing 100 cells and 7750 reads
2026-03-08 18:04:47,863 - DEBUG - 0 reads not considered because fully enclosed in repeat masked regions
2026-03-08 18:04:48,479 - DEBUG - Counting for batch 1156, containing 100 cells and 7280 reads
2026-03-08 18:04:49,102 - DEBUG - 0 reads not considered because fully enclosed in repeat masked regions
2026-03-08 18:04:49,688 - DEBUG - Counting for batch 1157, containing 100 cells and 7692 reads
2026-03-08 18:04:50,342 - DEBUG - 0 reads not considered because fully enclosed in repeat masked regions
2026-03-08 18:04:50,927 - DEBUG - Counting for batch 1158, containing 100 cells and 7440 reads
2026-03-08 18:04:51,561 - DEBUG - 0 reads not considered because fully enclosed in repeat masked regions
2026-03-08 18:04:52,038 - DEBUG - Counting for batch 1159, containing 100 cells and 7444 reads
2026-03-08 18:04:52,682 - DEBUG - 0 reads not considered because fully enclosed in repeat masked regions
2026-03-08 18:04:53,204 - DEBUG - Counting for batch 1160, containing 100 cells and 7760 reads
2026-03-08 18:04:53,833 - DEBUG - 0 reads not considered because fully enclosed in repeat masked regions
2026-03-08 18:04:54,383 - DEBUG - Counting for batch 1161, containing 100 cells and 7491 reads
2026-03-08 18:04:55,024 - DEBUG - 0 reads not considered because fully enclosed in repeat masked regions
2026-03-08 18:04:55,633 - DEBUG - Counting for batch 1162, containing 100 cells and 7534 reads
2026-03-08 18:04:57,236 - DEBUG - 0 reads not considered because fully enclosed in repeat masked regions
2026-03-08 18:04:57,795 - DEBUG - Counting for batch 1163, containing 100 cells and 7519 reads
2026-03-08 18:04:58,470 - DEBUG - 0 reads not considered because fully enclosed in repeat masked regions
2026-03-08 18:04:59,063 - DEBUG - Counting for batch 1164, containing 100 cells and 7403 reads
2026-03-08 18:04:59,689 - DEBUG - 0 reads not considered because fully enclosed in repeat masked regions
2026-03-08 18:05:00,224 - DEBUG - Counting for batch 1165, containing 100 cells and 7819 reads
2026-03-08 18:05:00,854 - DEBUG - 0 reads not considered because fully enclosed in repeat masked regions
2026-03-08 18:05:01,308 - DEBUG - Counting for batch 1166, containing 100 cells and 7562 reads
2026-03-08 18:05:01,941 - DEBUG - 0 reads not considered because fully enclosed in repeat masked regions
2026-03-08 18:05:02,464 - DEBUG - Counting for batch 1167, containing 100 cells and 7672 reads
2026-03-08 18:05:03,099 - DEBUG - 0 reads not considered because fully enclosed in repeat masked regions
2026-03-08 18:05:03,709 - DEBUG - Counting for batch 1168, containing 100 cells and 7732 reads
2026-03-08 18:05:04,340 - DEBUG - 0 reads not considered because fully enclosed in repeat masked regions
2026-03-08 18:05:04,834 - DEBUG - Counting for batch 1169, containing 100 cells and 8003 reads
2026-03-08 18:05:05,474 - DEBUG - 0 reads not considered because fully enclosed in repeat masked regions
2026-03-08 18:05:06,076 - DEBUG - Counting for batch 1170, containing 100 cells and 7632 reads
2026-03-08 18:05:06,713 - DEBUG - 0 reads not considered because fully enclosed in repeat masked regions
2026-03-08 18:05:07,272 - DEBUG - Counting for batch 1171, containing 100 cells and 7453 reads
2026-03-08 18:05:07,901 - DEBUG - 0 reads not considered because fully enclosed in repeat masked regions
2026-03-08 18:05:08,413 - DEBUG - Counting for batch 1172, containing 100 cells and 7662 reads
2026-03-08 18:05:09,071 - DEBUG - 0 reads not considered because fully enclosed in repeat masked regions
2026-03-08 18:05:09,586 - DEBUG - Counting for batch 1173, containing 100 cells and 7778 reads
2026-03-08 18:05:11,221 - DEBUG - 0 reads not considered because fully enclosed in repeat masked regions
2026-03-08 18:05:11,703 - DEBUG - Counting for batch 1174, containing 100 cells and 7867 reads
2026-03-08 18:05:12,354 - DEBUG - 0 reads not considered because fully enclosed in repeat masked regions
2026-03-08 18:05:12,914 - DEBUG - Counting for batch 1175, containing 100 cells and 7270 reads
2026-03-08 18:05:13,551 - DEBUG - 0 reads not considered because fully enclosed in repeat masked regions
2026-03-08 18:05:14,027 - DEBUG - Counting for batch 1176, containing 100 cells and 7885 reads
2026-03-08 18:05:14,692 - DEBUG - 0 reads not considered because fully enclosed in repeat masked regions
2026-03-08 18:05:15,244 - DEBUG - Counting for batch 1177, containing 100 cells and 7349 reads
2026-03-08 18:05:15,862 - DEBUG - 0 reads not considered because fully enclosed in repeat masked regions
2026-03-08 18:05:16,433 - DEBUG - Counting for batch 1178, containing 100 cells and 7151 reads
2026-03-08 18:05:17,053 - DEBUG - 0 reads not considered because fully enclosed in repeat masked regions
2026-03-08 18:05:17,649 - DEBUG - Counting for batch 1179, containing 100 cells and 7886 reads
2026-03-08 18:05:18,300 - DEBUG - 0 reads not considered because fully enclosed in repeat masked regions
2026-03-08 18:05:18,865 - DEBUG - Counting for batch 1180, containing 100 cells and 7664 reads
2026-03-08 18:05:19,495 - DEBUG - 0 reads not considered because fully enclosed in repeat masked regions
2026-03-08 18:05:20,062 - DEBUG - Counting for batch 1181, containing 100 cells and 7547 reads
2026-03-08 18:05:20,688 - DEBUG - 0 reads not considered because fully enclosed in repeat masked regions
2026-03-08 18:05:21,249 - DEBUG - Counting for batch 1182, containing 100 cells and 7541 reads
2026-03-08 18:05:21,875 - DEBUG - 0 reads not considered because fully enclosed in repeat masked regions
2026-03-08 18:05:22,469 - DEBUG - Counting for batch 1183, containing 100 cells and 7940 reads
2026-03-08 18:05:23,130 - DEBUG - 0 reads not considered because fully enclosed in repeat masked regions
2026-03-08 18:05:23,631 - DEBUG - Counting for batch 1184, containing 100 cells and 7580 reads
2026-03-08 18:05:24,270 - DEBUG - 0 reads not considered because fully enclosed in repeat masked regions
2026-03-08 18:05:25,791 - DEBUG - Counting for batch 1185, containing 100 cells and 7673 reads
2026-03-08 18:05:26,433 - DEBUG - 0 reads not considered because fully enclosed in repeat masked regions
2026-03-08 18:05:26,999 - DEBUG - Counting for batch 1186, containing 100 cells and 7851 reads
2026-03-08 18:05:27,637 - DEBUG - 0 reads not considered because fully enclosed in repeat masked regions
2026-03-08 18:05:28,165 - DEBUG - Counting for batch 1187, containing 100 cells and 7647 reads
2026-03-08 18:05:28,808 - DEBUG - 0 reads not considered because fully enclosed in repeat masked regions
2026-03-08 18:05:29,357 - DEBUG - Counting for batch 1188, containing 100 cells and 7721 reads
2026-03-08 18:05:29,992 - DEBUG - 0 reads not considered because fully enclosed in repeat masked regions
2026-03-08 18:05:30,558 - DEBUG - Counting for batch 1189, containing 100 cells and 7857 reads
2026-03-08 18:05:31,231 - DEBUG - 0 reads not considered because fully enclosed in repeat masked regions
2026-03-08 18:05:31,733 - DEBUG - Counting for batch 1190, containing 100 cells and 7618 reads
2026-03-08 18:05:32,358 - DEBUG - 0 reads not considered because fully enclosed in repeat masked regions
2026-03-08 18:05:32,942 - DEBUG - Counting for batch 1191, containing 100 cells and 7492 reads
2026-03-08 18:05:33,577 - DEBUG - 0 reads not considered because fully enclosed in repeat masked regions
2026-03-08 18:05:34,156 - DEBUG - Counting for batch 1192, containing 100 cells and 7176 reads
2026-03-08 18:05:34,781 - DEBUG - 0 reads not considered because fully enclosed in repeat masked regions
2026-03-08 18:05:34,918 - DEBUG - Read first 230 million reads
2026-03-08 18:05:35,349 - DEBUG - Counting for batch 1193, containing 100 cells and 7736 reads
2026-03-08 18:05:36,015 - DEBUG - 0 reads not considered because fully enclosed in repeat masked regions
2026-03-08 18:05:36,615 - DEBUG - Counting for batch 1194, containing 100 cells and 7615 reads
2026-03-08 18:05:37,257 - DEBUG - 0 reads not considered because fully enclosed in repeat masked regions
2026-03-08 18:05:37,816 - DEBUG - Counting for batch 1195, containing 100 cells and 7829 reads
2026-03-08 18:05:39,433 - DEBUG - 0 reads not considered because fully enclosed in repeat masked regions
2026-03-08 18:05:40,025 - DEBUG - Counting for batch 1196, containing 100 cells and 7816 reads
2026-03-08 18:05:40,670 - DEBUG - 0 reads not considered because fully enclosed in repeat masked regions
2026-03-08 18:05:41,281 - DEBUG - Counting for batch 1197, containing 100 cells and 7772 reads
2026-03-08 18:05:41,907 - DEBUG - 0 reads not considered because fully enclosed in repeat masked regions
2026-03-08 18:05:42,434 - DEBUG - Counting for batch 1198, containing 100 cells and 7524 reads
2026-03-08 18:05:43,075 - DEBUG - 0 reads not considered because fully enclosed in repeat masked regions
2026-03-08 18:05:43,742 - DEBUG - Counting for batch 1199, containing 100 cells and 7728 reads
2026-03-08 18:05:44,385 - DEBUG - 0 reads not considered because fully enclosed in repeat masked regions
2026-03-08 18:05:44,955 - DEBUG - Counting for batch 1200, containing 100 cells and 7643 reads
2026-03-08 18:05:45,593 - DEBUG - 0 reads not considered because fully enclosed in repeat masked regions
2026-03-08 18:05:46,174 - DEBUG - Counting for batch 1201, containing 100 cells and 8007 reads
2026-03-08 18:05:46,830 - DEBUG - 0 reads not considered because fully enclosed in repeat masked regions
2026-03-08 18:05:47,400 - DEBUG - Counting for batch 1202, containing 100 cells and 7499 reads
2026-03-08 18:05:48,017 - DEBUG - 0 reads not considered because fully enclosed in repeat masked regions
2026-03-08 18:05:48,530 - DEBUG - Counting for batch 1203, containing 100 cells and 7955 reads
2026-03-08 18:05:49,158 - DEBUG - 0 reads not considered because fully enclosed in repeat masked regions
2026-03-08 18:05:49,699 - DEBUG - Counting for batch 1204, containing 100 cells and 7793 reads
2026-03-08 18:05:50,325 - DEBUG - 0 reads not considered because fully enclosed in repeat masked regions
2026-03-08 18:05:50,908 - DEBUG - Counting for batch 1205, containing 100 cells and 8007 reads
2026-03-08 18:05:51,540 - DEBUG - 0 reads not considered because fully enclosed in repeat masked regions
2026-03-08 18:05:52,080 - DEBUG - Counting for batch 1206, containing 100 cells and 7838 reads
2026-03-08 18:05:53,718 - DEBUG - 0 reads not considered because fully enclosed in repeat masked regions
2026-03-08 18:05:54,288 - DEBUG - Counting for batch 1207, containing 100 cells and 7510 reads
2026-03-08 18:05:54,916 - DEBUG - 0 reads not considered because fully enclosed in repeat masked regions
2026-03-08 18:05:55,497 - DEBUG - Counting for batch 1208, containing 100 cells and 7924 reads
2026-03-08 18:05:56,136 - DEBUG - 0 reads not considered because fully enclosed in repeat masked regions
2026-03-08 18:05:56,687 - DEBUG - Counting for batch 1209, containing 100 cells and 7508 reads
2026-03-08 18:05:57,322 - DEBUG - 0 reads not considered because fully enclosed in repeat masked regions
2026-03-08 18:05:57,829 - DEBUG - Counting for batch 1210, containing 100 cells and 7453 reads
2026-03-08 18:05:58,464 - DEBUG - 0 reads not considered because fully enclosed in repeat masked regions
2026-03-08 18:05:59,043 - DEBUG - Counting for batch 1211, containing 100 cells and 7803 reads
2026-03-08 18:05:59,701 - DEBUG - 0 reads not considered because fully enclosed in repeat masked regions
2026-03-08 18:06:00,233 - DEBUG - Counting for batch 1212, containing 100 cells and 7484 reads
2026-03-08 18:06:00,879 - DEBUG - 0 reads not considered because fully enclosed in repeat masked regions
2026-03-08 18:06:01,387 - DEBUG - Counting for batch 1213, containing 100 cells and 7836 reads
2026-03-08 18:06:02,014 - DEBUG - 0 reads not considered because fully enclosed in repeat masked regions
2026-03-08 18:06:02,531 - DEBUG - Counting for batch 1214, containing 100 cells and 7680 reads
2026-03-08 18:06:03,172 - DEBUG - 0 reads not considered because fully enclosed in repeat masked regions
2026-03-08 18:06:03,816 - DEBUG - Counting for batch 1215, containing 100 cells and 7738 reads
2026-03-08 18:06:04,436 - DEBUG - 0 reads not considered because fully enclosed in repeat masked regions
2026-03-08 18:06:04,986 - DEBUG - Counting for batch 1216, containing 100 cells and 7866 reads
2026-03-08 18:06:05,620 - DEBUG - 0 reads not considered because fully enclosed in repeat masked regions
2026-03-08 18:06:06,195 - DEBUG - Counting for batch 1217, containing 100 cells and 7587 reads
2026-03-08 18:06:07,815 - DEBUG - 0 reads not considered because fully enclosed in repeat masked regions
2026-03-08 18:06:08,398 - DEBUG - Counting for batch 1218, containing 100 cells and 7480 reads
2026-03-08 18:06:09,031 - DEBUG - 0 reads not considered because fully enclosed in repeat masked regions
2026-03-08 18:06:09,555 - DEBUG - Counting for batch 1219, containing 100 cells and 7591 reads
2026-03-08 18:06:10,181 - DEBUG - 0 reads not considered because fully enclosed in repeat masked regions
2026-03-08 18:06:10,779 - DEBUG - Counting for batch 1220, containing 100 cells and 7428 reads
2026-03-08 18:06:11,405 - DEBUG - 0 reads not considered because fully enclosed in repeat masked regions
2026-03-08 18:06:11,957 - DEBUG - Counting for batch 1221, containing 100 cells and 7478 reads
2026-03-08 18:06:12,587 - DEBUG - 0 reads not considered because fully enclosed in repeat masked regions
2026-03-08 18:06:13,241 - DEBUG - Counting for batch 1222, containing 100 cells and 7773 reads
2026-03-08 18:06:13,918 - DEBUG - 0 reads not considered because fully enclosed in repeat masked regions
2026-03-08 18:06:14,482 - DEBUG - Counting for batch 1223, containing 100 cells and 7799 reads
2026-03-08 18:06:15,122 - DEBUG - 0 reads not considered because fully enclosed in repeat masked regions
2026-03-08 18:06:15,710 - DEBUG - Counting for batch 1224, containing 100 cells and 7360 reads
2026-03-08 18:06:16,333 - DEBUG - 0 reads not considered because fully enclosed in repeat masked regions
2026-03-08 18:06:16,914 - DEBUG - Counting for batch 1225, containing 100 cells and 7822 reads
2026-03-08 18:06:17,545 - DEBUG - 0 reads not considered because fully enclosed in repeat masked regions
2026-03-08 18:06:18,093 - DEBUG - Counting for batch 1226, containing 100 cells and 7745 reads
2026-03-08 18:06:18,725 - DEBUG - 0 reads not considered because fully enclosed in repeat masked regions
2026-03-08 18:06:19,302 - DEBUG - Counting for batch 1227, containing 100 cells and 7716 reads
2026-03-08 18:06:19,931 - DEBUG - 0 reads not considered because fully enclosed in repeat masked regions
2026-03-08 18:06:20,456 - DEBUG - Counting for batch 1228, containing 100 cells and 7491 reads
2026-03-08 18:06:22,065 - DEBUG - 0 reads not considered because fully enclosed in repeat masked regions
2026-03-08 18:06:22,583 - DEBUG - Counting for batch 1229, containing 100 cells and 7754 reads
2026-03-08 18:06:23,218 - DEBUG - 0 reads not considered because fully enclosed in repeat masked regions
2026-03-08 18:06:23,785 - DEBUG - Counting for batch 1230, containing 100 cells and 7522 reads
2026-03-08 18:06:24,428 - DEBUG - 0 reads not considered because fully enclosed in repeat masked regions
2026-03-08 18:06:25,060 - DEBUG - Counting for batch 1231, containing 100 cells and 7814 reads
2026-03-08 18:06:25,703 - DEBUG - 0 reads not considered because fully enclosed in repeat masked regions
2026-03-08 18:06:26,336 - DEBUG - Counting for batch 1232, containing 100 cells and 7678 reads
2026-03-08 18:06:26,997 - DEBUG - 0 reads not considered because fully enclosed in repeat masked regions
2026-03-08 18:06:27,513 - DEBUG - Counting for batch 1233, containing 100 cells and 7638 reads
2026-03-08 18:06:28,145 - DEBUG - 0 reads not considered because fully enclosed in repeat masked regions
2026-03-08 18:06:28,658 - DEBUG - Counting for batch 1234, containing 100 cells and 7430 reads
2026-03-08 18:06:29,291 - DEBUG - 0 reads not considered because fully enclosed in repeat masked regions
2026-03-08 18:06:29,836 - DEBUG - Counting for batch 1235, containing 100 cells and 7690 reads
2026-03-08 18:06:30,468 - DEBUG - 0 reads not considered because fully enclosed in repeat masked regions
2026-03-08 18:06:31,026 - DEBUG - Counting for batch 1236, containing 100 cells and 7844 reads
2026-03-08 18:06:31,661 - DEBUG - 0 reads not considered because fully enclosed in repeat masked regions
2026-03-08 18:06:32,300 - DEBUG - Counting for batch 1237, containing 100 cells and 7692 reads
2026-03-08 18:06:32,940 - DEBUG - 0 reads not considered because fully enclosed in repeat masked regions
2026-03-08 18:06:33,447 - DEBUG - Counting for batch 1238, containing 100 cells and 7775 reads
2026-03-08 18:06:34,092 - DEBUG - 0 reads not considered because fully enclosed in repeat masked regions
2026-03-08 18:06:34,683 - DEBUG - Counting for batch 1239, containing 100 cells and 7564 reads
2026-03-08 18:06:36,318 - DEBUG - 0 reads not considered because fully enclosed in repeat masked regions
2026-03-08 18:06:36,801 - DEBUG - Counting for batch 1240, containing 100 cells and 7249 reads
2026-03-08 18:06:37,434 - DEBUG - 0 reads not considered because fully enclosed in repeat masked regions
2026-03-08 18:06:38,050 - DEBUG - Counting for batch 1241, containing 100 cells and 7389 reads
2026-03-08 18:06:38,683 - DEBUG - 0 reads not considered because fully enclosed in repeat masked regions
2026-03-08 18:06:38,931 - DEBUG - Read first 240 million reads
2026-03-08 18:06:39,232 - DEBUG - Counting for batch 1242, containing 100 cells and 7473 reads
2026-03-08 18:06:39,878 - DEBUG - 0 reads not considered because fully enclosed in repeat masked regions
2026-03-08 18:06:40,472 - DEBUG - Counting for batch 1243, containing 100 cells and 7618 reads
2026-03-08 18:06:41,110 - DEBUG - 0 reads not considered because fully enclosed in repeat masked regions
2026-03-08 18:06:41,632 - DEBUG - Counting for batch 1244, containing 100 cells and 7451 reads
2026-03-08 18:06:42,255 - DEBUG - 0 reads not considered because fully enclosed in repeat masked regions
2026-03-08 18:06:42,769 - DEBUG - Counting for batch 1245, containing 100 cells and 7629 reads
2026-03-08 18:06:43,398 - DEBUG - 0 reads not considered because fully enclosed in repeat masked regions
2026-03-08 18:06:43,972 - DEBUG - Counting for batch 1246, containing 100 cells and 7241 reads
2026-03-08 18:06:44,607 - DEBUG - 0 reads not considered because fully enclosed in repeat masked regions
2026-03-08 18:06:45,141 - DEBUG - Counting for batch 1247, containing 100 cells and 7490 reads
2026-03-08 18:06:45,766 - DEBUG - 0 reads not considered because fully enclosed in repeat masked regions
2026-03-08 18:06:46,347 - DEBUG - Counting for batch 1248, containing 100 cells and 7771 reads
2026-03-08 18:06:46,976 - DEBUG - 0 reads not considered because fully enclosed in repeat masked regions
2026-03-08 18:06:47,454 - DEBUG - Counting for batch 1249, containing 100 cells and 7769 reads
2026-03-08 18:06:48,086 - DEBUG - 0 reads not considered because fully enclosed in repeat masked regions
2026-03-08 18:06:48,759 - DEBUG - Counting for batch 1250, containing 100 cells and 7500 reads
2026-03-08 18:06:49,385 - DEBUG - 0 reads not considered because fully enclosed in repeat masked regions
2026-03-08 18:06:49,991 - DEBUG - Counting for batch 1251, containing 100 cells and 7741 reads
2026-03-08 18:06:51,583 - DEBUG - 0 reads not considered because fully enclosed in repeat masked regions
2026-03-08 18:06:52,128 - DEBUG - Counting for batch 1252, containing 100 cells and 7871 reads
2026-03-08 18:06:52,777 - DEBUG - 0 reads not considered because fully enclosed in repeat masked regions
2026-03-08 18:06:53,288 - DEBUG - Counting for batch 1253, containing 100 cells and 7641 reads
2026-03-08 18:06:53,935 - DEBUG - 0 reads not considered because fully enclosed in repeat masked regions
2026-03-08 18:06:54,515 - DEBUG - Counting for batch 1254, containing 100 cells and 7360 reads
2026-03-08 18:06:55,142 - DEBUG - 0 reads not considered because fully enclosed in repeat masked regions
2026-03-08 18:06:55,760 - DEBUG - Counting for batch 1255, containing 100 cells and 7338 reads
2026-03-08 18:06:56,378 - DEBUG - 0 reads not considered because fully enclosed in repeat masked regions
2026-03-08 18:06:56,905 - DEBUG - Counting for batch 1256, containing 100 cells and 7735 reads
2026-03-08 18:06:57,536 - DEBUG - 0 reads not considered because fully enclosed in repeat masked regions
2026-03-08 18:06:58,093 - DEBUG - Counting for batch 1257, containing 100 cells and 7438 reads
2026-03-08 18:06:58,718 - DEBUG - 0 reads not considered because fully enclosed in repeat masked regions
2026-03-08 18:06:59,276 - DEBUG - Counting for batch 1258, containing 100 cells and 7709 reads
2026-03-08 18:06:59,904 - DEBUG - 0 reads not considered because fully enclosed in repeat masked regions
2026-03-08 18:07:00,402 - DEBUG - Counting for batch 1259, containing 100 cells and 7472 reads
2026-03-08 18:07:01,038 - DEBUG - 0 reads not considered because fully enclosed in repeat masked regions
2026-03-08 18:07:01,601 - DEBUG - Counting for batch 1260, containing 100 cells and 7643 reads
2026-03-08 18:07:02,249 - DEBUG - 0 reads not considered because fully enclosed in repeat masked regions
2026-03-08 18:07:02,781 - DEBUG - Counting for batch 1261, containing 100 cells and 7425 reads
2026-03-08 18:07:03,401 - DEBUG - 0 reads not considered because fully enclosed in repeat masked regions
2026-03-08 18:07:03,954 - DEBUG - Counting for batch 1262, containing 100 cells and 7582 reads
2026-03-08 18:07:05,549 - DEBUG - 0 reads not considered because fully enclosed in repeat masked regions
2026-03-08 18:07:06,041 - DEBUG - Counting for batch 1263, containing 100 cells and 7736 reads
2026-03-08 18:07:06,668 - DEBUG - 0 reads not considered because fully enclosed in repeat masked regions
2026-03-08 18:07:07,169 - DEBUG - Counting for batch 1264, containing 100 cells and 7567 reads
2026-03-08 18:07:07,806 - DEBUG - 0 reads not considered because fully enclosed in repeat masked regions
2026-03-08 18:07:08,340 - DEBUG - Counting for batch 1265, containing 100 cells and 7456 reads
2026-03-08 18:07:08,971 - DEBUG - 0 reads not considered because fully enclosed in repeat masked regions
2026-03-08 18:07:09,492 - DEBUG - Counting for batch 1266, containing 100 cells and 7614 reads
2026-03-08 18:07:10,133 - DEBUG - 0 reads not considered because fully enclosed in repeat masked regions
2026-03-08 18:07:10,596 - DEBUG - Counting for batch 1267, containing 100 cells and 7555 reads
2026-03-08 18:07:11,233 - DEBUG - 0 reads not considered because fully enclosed in repeat masked regions
2026-03-08 18:07:11,815 - DEBUG - Counting for batch 1268, containing 100 cells and 7726 reads
2026-03-08 18:07:12,464 - DEBUG - 0 reads not considered because fully enclosed in repeat masked regions
2026-03-08 18:07:12,927 - DEBUG - Counting for batch 1269, containing 100 cells and 7556 reads
2026-03-08 18:07:13,546 - DEBUG - 0 reads not considered because fully enclosed in repeat masked regions
2026-03-08 18:07:14,189 - DEBUG - Counting for batch 1270, containing 100 cells and 7373 reads
2026-03-08 18:07:14,823 - DEBUG - 0 reads not considered because fully enclosed in repeat masked regions
2026-03-08 18:07:15,304 - DEBUG - Counting for batch 1271, containing 100 cells and 7478 reads
2026-03-08 18:07:15,926 - DEBUG - 0 reads not considered because fully enclosed in repeat masked regions
2026-03-08 18:07:16,467 - DEBUG - Counting for batch 1272, containing 100 cells and 7607 reads
2026-03-08 18:07:17,098 - DEBUG - 0 reads not considered because fully enclosed in repeat masked regions
2026-03-08 18:07:17,611 - DEBUG - Counting for batch 1273, containing 100 cells and 7622 reads
2026-03-08 18:07:19,233 - DEBUG - 0 reads not considered because fully enclosed in repeat masked regions
2026-03-08 18:07:19,851 - DEBUG - Counting for batch 1274, containing 100 cells and 7485 reads
2026-03-08 18:07:20,479 - DEBUG - 0 reads not considered because fully enclosed in repeat masked regions
2026-03-08 18:07:20,995 - DEBUG - Counting for batch 1275, containing 100 cells and 7523 reads
2026-03-08 18:07:21,645 - DEBUG - 0 reads not considered because fully enclosed in repeat masked regions
2026-03-08 18:07:22,198 - DEBUG - Counting for batch 1276, containing 100 cells and 7438 reads
2026-03-08 18:07:22,826 - DEBUG - 0 reads not considered because fully enclosed in repeat masked regions
2026-03-08 18:07:23,438 - DEBUG - Counting for batch 1277, containing 100 cells and 7276 reads
2026-03-08 18:07:24,051 - DEBUG - 0 reads not considered because fully enclosed in repeat masked regions
2026-03-08 18:07:24,609 - DEBUG - Counting for batch 1278, containing 100 cells and 7348 reads
2026-03-08 18:07:25,239 - DEBUG - 0 reads not considered because fully enclosed in repeat masked regions
2026-03-08 18:07:25,824 - DEBUG - Counting for batch 1279, containing 100 cells and 7374 reads
2026-03-08 18:07:26,440 - DEBUG - 0 reads not considered because fully enclosed in repeat masked regions
2026-03-08 18:07:27,069 - DEBUG - Counting for batch 1280, containing 100 cells and 7643 reads
2026-03-08 18:07:27,723 - DEBUG - 0 reads not considered because fully enclosed in repeat masked regions
2026-03-08 18:07:28,236 - DEBUG - Counting for batch 1281, containing 100 cells and 7446 reads
2026-03-08 18:07:28,873 - DEBUG - 0 reads not considered because fully enclosed in repeat masked regions
2026-03-08 18:07:29,470 - DEBUG - Counting for batch 1282, containing 100 cells and 7540 reads
2026-03-08 18:07:30,122 - DEBUG - 0 reads not considered because fully enclosed in repeat masked regions
2026-03-08 18:07:30,592 - DEBUG - Counting for batch 1283, containing 100 cells and 7535 reads
2026-03-08 18:07:31,207 - DEBUG - 0 reads not considered because fully enclosed in repeat masked regions
2026-03-08 18:07:31,865 - DEBUG - Counting for batch 1284, containing 100 cells and 7438 reads
2026-03-08 18:07:32,541 - DEBUG - 0 reads not considered because fully enclosed in repeat masked regions
2026-03-08 18:07:34,071 - DEBUG - Counting for batch 1285, containing 100 cells and 7562 reads
2026-03-08 18:07:34,714 - DEBUG - 0 reads not considered because fully enclosed in repeat masked regions
2026-03-08 18:07:35,221 - DEBUG - Counting for batch 1286, containing 100 cells and 7699 reads
2026-03-08 18:07:35,844 - DEBUG - 0 reads not considered because fully enclosed in repeat masked regions
2026-03-08 18:07:36,398 - DEBUG - Counting for batch 1287, containing 100 cells and 7855 reads
2026-03-08 18:07:37,031 - DEBUG - 0 reads not considered because fully enclosed in repeat masked regions
2026-03-08 18:07:37,575 - DEBUG - Counting for batch 1288, containing 100 cells and 7680 reads
2026-03-08 18:07:38,205 - DEBUG - 0 reads not considered because fully enclosed in repeat masked regions
2026-03-08 18:07:38,790 - DEBUG - Counting for batch 1289, containing 100 cells and 7800 reads
2026-03-08 18:07:39,440 - DEBUG - 0 reads not considered because fully enclosed in repeat masked regions
2026-03-08 18:07:40,011 - DEBUG - Counting for batch 1290, containing 100 cells and 7420 reads
2026-03-08 18:07:40,662 - DEBUG - 0 reads not considered because fully enclosed in repeat masked regions
2026-03-08 18:07:41,332 - DEBUG - Counting for batch 1291, containing 100 cells and 7378 reads
2026-03-08 18:07:41,962 - DEBUG - 0 reads not considered because fully enclosed in repeat masked regions
2026-03-08 18:07:42,371 - DEBUG - Read first 250 million reads
2026-03-08 18:07:42,533 - DEBUG - Counting for batch 1292, containing 100 cells and 7658 reads
2026-03-08 18:07:43,174 - DEBUG - 0 reads not considered because fully enclosed in repeat masked regions
2026-03-08 18:07:43,717 - DEBUG - Counting for batch 1293, containing 100 cells and 7609 reads
2026-03-08 18:07:44,355 - DEBUG - 0 reads not considered because fully enclosed in repeat masked regions
2026-03-08 18:07:44,980 - DEBUG - Counting for batch 1294, containing 100 cells and 7610 reads
2026-03-08 18:07:45,606 - DEBUG - 0 reads not considered because fully enclosed in repeat masked regions
2026-03-08 18:07:46,206 - DEBUG - Counting for batch 1295, containing 100 cells and 7359 reads
2026-03-08 18:07:47,812 - DEBUG - 0 reads not considered because fully enclosed in repeat masked regions
2026-03-08 18:07:48,429 - DEBUG - Counting for batch 1296, containing 100 cells and 7350 reads
2026-03-08 18:07:49,060 - DEBUG - 0 reads not considered because fully enclosed in repeat masked regions
2026-03-08 18:07:49,629 - DEBUG - Counting for batch 1297, containing 100 cells and 7685 reads
2026-03-08 18:07:50,266 - DEBUG - 0 reads not considered because fully enclosed in repeat masked regions
2026-03-08 18:07:50,774 - DEBUG - Counting for batch 1298, containing 100 cells and 7726 reads
2026-03-08 18:07:51,424 - DEBUG - 0 reads not considered because fully enclosed in repeat masked regions
2026-03-08 18:07:51,994 - DEBUG - Counting for batch 1299, containing 100 cells and 7908 reads
2026-03-08 18:07:52,636 - DEBUG - 0 reads not considered because fully enclosed in repeat masked regions
2026-03-08 18:07:53,244 - DEBUG - Counting for batch 1300, containing 100 cells and 7636 reads
2026-03-08 18:07:53,885 - DEBUG - 0 reads not considered because fully enclosed in repeat masked regions
2026-03-08 18:07:54,442 - DEBUG - Counting for batch 1301, containing 100 cells and 7631 reads
2026-03-08 18:07:55,074 - DEBUG - 0 reads not considered because fully enclosed in repeat masked regions
2026-03-08 18:07:55,665 - DEBUG - Counting for batch 1302, containing 100 cells and 7591 reads
2026-03-08 18:07:56,294 - DEBUG - 0 reads not considered because fully enclosed in repeat masked regions
2026-03-08 18:07:56,872 - DEBUG - Counting for batch 1303, containing 100 cells and 7307 reads
2026-03-08 18:07:57,487 - DEBUG - 0 reads not considered because fully enclosed in repeat masked regions
2026-03-08 18:07:57,985 - DEBUG - Counting for batch 1304, containing 100 cells and 7387 reads
2026-03-08 18:07:58,611 - DEBUG - 0 reads not considered because fully enclosed in repeat masked regions
2026-03-08 18:07:59,150 - DEBUG - Counting for batch 1305, containing 100 cells and 7328 reads
2026-03-08 18:07:59,779 - DEBUG - 0 reads not considered because fully enclosed in repeat masked regions
2026-03-08 18:08:00,236 - DEBUG - Counting for batch 1306, containing 100 cells and 7773 reads
2026-03-08 18:08:00,865 - DEBUG - 0 reads not considered because fully enclosed in repeat masked regions
2026-03-08 18:08:01,491 - DEBUG - Counting for batch 1307, containing 100 cells and 7863 reads
2026-03-08 18:08:03,135 - DEBUG - 0 reads not considered because fully enclosed in repeat masked regions
2026-03-08 18:08:03,699 - DEBUG - Counting for batch 1308, containing 100 cells and 7577 reads
2026-03-08 18:08:04,352 - DEBUG - 0 reads not considered because fully enclosed in repeat masked regions
2026-03-08 18:08:04,916 - DEBUG - Counting for batch 1309, containing 100 cells and 7544 reads
2026-03-08 18:08:05,548 - DEBUG - 0 reads not considered because fully enclosed in repeat masked regions
2026-03-08 18:08:06,066 - DEBUG - Counting for batch 1310, containing 100 cells and 7571 reads
2026-03-08 18:08:06,714 - DEBUG - 0 reads not considered because fully enclosed in repeat masked regions
2026-03-08 18:08:07,278 - DEBUG - Counting for batch 1311, containing 100 cells and 6809 reads
2026-03-08 18:08:07,883 - DEBUG - 0 reads not considered because fully enclosed in repeat masked regions
2026-03-08 18:08:08,386 - DEBUG - Counting for batch 1312, containing 100 cells and 7702 reads
2026-03-08 18:08:09,018 - DEBUG - 0 reads not considered because fully enclosed in repeat masked regions
2026-03-08 18:08:09,643 - DEBUG - Counting for batch 1313, containing 100 cells and 7548 reads
2026-03-08 18:08:10,283 - DEBUG - 0 reads not considered because fully enclosed in repeat masked regions
2026-03-08 18:08:10,904 - DEBUG - Counting for batch 1314, containing 100 cells and 7231 reads
2026-03-08 18:08:11,574 - DEBUG - 0 reads not considered because fully enclosed in repeat masked regions
2026-03-08 18:08:12,267 - DEBUG - Counting for batch 1315, containing 100 cells and 7576 reads
2026-03-08 18:08:12,921 - DEBUG - 0 reads not considered because fully enclosed in repeat masked regions
2026-03-08 18:08:13,488 - DEBUG - Counting for batch 1316, containing 100 cells and 7545 reads
2026-03-08 18:08:14,108 - DEBUG - 0 reads not considered because fully enclosed in repeat masked regions
2026-03-08 18:08:14,652 - DEBUG - Counting for batch 1317, containing 100 cells and 7584 reads
2026-03-08 18:08:15,285 - DEBUG - 0 reads not considered because fully enclosed in repeat masked regions
2026-03-08 18:08:15,845 - DEBUG - Counting for batch 1318, containing 100 cells and 7698 reads
2026-03-08 18:08:17,469 - DEBUG - 0 reads not considered because fully enclosed in repeat masked regions
2026-03-08 18:08:18,044 - DEBUG - Counting for batch 1319, containing 100 cells and 7703 reads
2026-03-08 18:08:18,666 - DEBUG - 0 reads not considered because fully enclosed in repeat masked regions
2026-03-08 18:08:19,317 - DEBUG - Counting for batch 1320, containing 100 cells and 7244 reads
2026-03-08 18:08:19,940 - DEBUG - 0 reads not considered because fully enclosed in repeat masked regions
2026-03-08 18:08:20,428 - DEBUG - Counting for batch 1321, containing 100 cells and 7835 reads
2026-03-08 18:08:21,071 - DEBUG - 0 reads not considered because fully enclosed in repeat masked regions
2026-03-08 18:08:21,574 - DEBUG - Counting for batch 1322, containing 100 cells and 7566 reads
2026-03-08 18:08:22,210 - DEBUG - 0 reads not considered because fully enclosed in repeat masked regions
2026-03-08 18:08:22,718 - DEBUG - Counting for batch 1323, containing 100 cells and 7915 reads
2026-03-08 18:08:23,363 - DEBUG - 0 reads not considered because fully enclosed in repeat masked regions
2026-03-08 18:08:24,030 - DEBUG - Counting for batch 1324, containing 100 cells and 7356 reads
2026-03-08 18:08:24,667 - DEBUG - 0 reads not considered because fully enclosed in repeat masked regions
2026-03-08 18:08:25,239 - DEBUG - Counting for batch 1325, containing 100 cells and 7603 reads
2026-03-08 18:08:25,866 - DEBUG - 0 reads not considered because fully enclosed in repeat masked regions
2026-03-08 18:08:26,456 - DEBUG - Counting for batch 1326, containing 100 cells and 7693 reads
2026-03-08 18:08:27,083 - DEBUG - 0 reads not considered because fully enclosed in repeat masked regions
2026-03-08 18:08:27,639 - DEBUG - Counting for batch 1327, containing 100 cells and 8046 reads
2026-03-08 18:08:28,291 - DEBUG - 0 reads not considered because fully enclosed in repeat masked regions
2026-03-08 18:08:28,788 - DEBUG - Counting for batch 1328, containing 100 cells and 7760 reads
2026-03-08 18:08:29,419 - DEBUG - 0 reads not considered because fully enclosed in repeat masked regions
2026-03-08 18:08:29,987 - DEBUG - Counting for batch 1329, containing 100 cells and 7612 reads
2026-03-08 18:08:30,613 - DEBUG - 0 reads not considered because fully enclosed in repeat masked regions
2026-03-08 18:08:32,065 - DEBUG - Counting for batch 1330, containing 100 cells and 7736 reads
2026-03-08 18:08:32,696 - DEBUG - 0 reads not considered because fully enclosed in repeat masked regions
2026-03-08 18:08:33,207 - DEBUG - Counting for batch 1331, containing 100 cells and 7605 reads
2026-03-08 18:08:33,856 - DEBUG - 0 reads not considered because fully enclosed in repeat masked regions
2026-03-08 18:08:34,338 - DEBUG - Counting for batch 1332, containing 100 cells and 7479 reads
2026-03-08 18:08:34,995 - DEBUG - 0 reads not considered because fully enclosed in repeat masked regions
2026-03-08 18:08:35,600 - DEBUG - Counting for batch 1333, containing 100 cells and 7949 reads
2026-03-08 18:08:36,229 - DEBUG - 0 reads not considered because fully enclosed in repeat masked regions
2026-03-08 18:08:36,824 - DEBUG - Counting for batch 1334, containing 100 cells and 7724 reads
2026-03-08 18:08:37,457 - DEBUG - 0 reads not considered because fully enclosed in repeat masked regions
2026-03-08 18:08:38,020 - DEBUG - Counting for batch 1335, containing 100 cells and 7903 reads
2026-03-08 18:08:38,654 - DEBUG - 0 reads not considered because fully enclosed in repeat masked regions
2026-03-08 18:08:39,210 - DEBUG - Counting for batch 1336, containing 100 cells and 7579 reads
2026-03-08 18:08:39,848 - DEBUG - 0 reads not considered because fully enclosed in repeat masked regions
2026-03-08 18:08:40,457 - DEBUG - Counting for batch 1337, containing 100 cells and 7879 reads
2026-03-08 18:08:41,093 - DEBUG - 0 reads not considered because fully enclosed in repeat masked regions
2026-03-08 18:08:41,589 - DEBUG - Counting for batch 1338, containing 100 cells and 7649 reads
2026-03-08 18:08:42,239 - DEBUG - 0 reads not considered because fully enclosed in repeat masked regions
2026-03-08 18:08:42,841 - DEBUG - Counting for batch 1339, containing 100 cells and 7805 reads
2026-03-08 18:08:43,471 - DEBUG - 0 reads not considered because fully enclosed in repeat masked regions
2026-03-08 18:08:44,077 - DEBUG - Counting for batch 1340, containing 100 cells and 7283 reads
2026-03-08 18:08:44,720 - DEBUG - 0 reads not considered because fully enclosed in repeat masked regions
2026-03-08 18:08:46,244 - DEBUG - Counting for batch 1341, containing 100 cells and 7959 reads
2026-03-08 18:08:46,877 - DEBUG - 0 reads not considered because fully enclosed in repeat masked regions
2026-03-08 18:08:47,063 - DEBUG - Read first 260 million reads
2026-03-08 18:08:47,448 - DEBUG - Counting for batch 1342, containing 100 cells and 7704 reads
2026-03-08 18:08:48,082 - DEBUG - 0 reads not considered because fully enclosed in repeat masked regions
2026-03-08 18:08:48,579 - DEBUG - Counting for batch 1343, containing 100 cells and 7597 reads
2026-03-08 18:08:49,217 - DEBUG - 0 reads not considered because fully enclosed in repeat masked regions
2026-03-08 18:08:49,845 - DEBUG - Counting for batch 1344, containing 100 cells and 7595 reads
2026-03-08 18:08:50,485 - DEBUG - 0 reads not considered because fully enclosed in repeat masked regions
2026-03-08 18:08:51,042 - DEBUG - Counting for batch 1345, containing 100 cells and 7947 reads
2026-03-08 18:08:51,682 - DEBUG - 0 reads not considered because fully enclosed in repeat masked regions
2026-03-08 18:08:52,355 - DEBUG - Counting for batch 1346, containing 100 cells and 7768 reads
2026-03-08 18:08:52,995 - DEBUG - 0 reads not considered because fully enclosed in repeat masked regions
2026-03-08 18:08:53,510 - DEBUG - Counting for batch 1347, containing 100 cells and 7985 reads
2026-03-08 18:08:54,197 - DEBUG - 0 reads not considered because fully enclosed in repeat masked regions
2026-03-08 18:08:54,648 - DEBUG - Counting for batch 1348, containing 100 cells and 7663 reads
2026-03-08 18:08:55,299 - DEBUG - 0 reads not considered because fully enclosed in repeat masked regions
2026-03-08 18:08:55,878 - DEBUG - Counting for batch 1349, containing 100 cells and 7886 reads
2026-03-08 18:08:56,508 - DEBUG - 0 reads not considered because fully enclosed in repeat masked regions
2026-03-08 18:08:56,988 - DEBUG - Counting for batch 1350, containing 100 cells and 7662 reads
2026-03-08 18:08:57,621 - DEBUG - 0 reads not considered because fully enclosed in repeat masked regions
2026-03-08 18:08:58,168 - DEBUG - Counting for batch 1351, containing 100 cells and 7808 reads
2026-03-08 18:08:58,810 - DEBUG - 0 reads not considered because fully enclosed in repeat masked regions
2026-03-08 18:09:00,241 - DEBUG - Counting for batch 1352, containing 100 cells and 7466 reads
2026-03-08 18:09:00,872 - DEBUG - 0 reads not considered because fully enclosed in repeat masked regions
2026-03-08 18:09:01,398 - DEBUG - Counting for batch 1353, containing 100 cells and 7910 reads
2026-03-08 18:09:02,048 - DEBUG - 0 reads not considered because fully enclosed in repeat masked regions
2026-03-08 18:09:02,650 - DEBUG - Counting for batch 1354, containing 100 cells and 7748 reads
2026-03-08 18:09:03,294 - DEBUG - 0 reads not considered because fully enclosed in repeat masked regions
2026-03-08 18:09:03,944 - DEBUG - Counting for batch 1355, containing 100 cells and 7450 reads
2026-03-08 18:09:04,574 - DEBUG - 0 reads not considered because fully enclosed in repeat masked regions
2026-03-08 18:09:05,130 - DEBUG - Counting for batch 1356, containing 100 cells and 8024 reads
2026-03-08 18:09:05,797 - DEBUG - 0 reads not considered because fully enclosed in repeat masked regions
2026-03-08 18:09:06,331 - DEBUG - Counting for batch 1357, containing 100 cells and 7802 reads
2026-03-08 18:09:06,950 - DEBUG - 0 reads not considered because fully enclosed in repeat masked regions
2026-03-08 18:09:07,592 - DEBUG - Counting for batch 1358, containing 100 cells and 7694 reads
2026-03-08 18:09:08,244 - DEBUG - 0 reads not considered because fully enclosed in repeat masked regions
2026-03-08 18:09:08,743 - DEBUG - Counting for batch 1359, containing 100 cells and 7592 reads
2026-03-08 18:09:09,371 - DEBUG - 0 reads not considered because fully enclosed in repeat masked regions
2026-03-08 18:09:09,896 - DEBUG - Counting for batch 1360, containing 100 cells and 7752 reads
2026-03-08 18:09:10,527 - DEBUG - 0 reads not considered because fully enclosed in repeat masked regions
2026-03-08 18:09:11,079 - DEBUG - Counting for batch 1361, containing 100 cells and 7636 reads
2026-03-08 18:09:11,712 - DEBUG - 0 reads not considered because fully enclosed in repeat masked regions
2026-03-08 18:09:12,311 - DEBUG - Counting for batch 1362, containing 100 cells and 8016 reads
2026-03-08 18:09:13,932 - DEBUG - 0 reads not considered because fully enclosed in repeat masked regions
2026-03-08 18:09:14,588 - DEBUG - Counting for batch 1363, containing 100 cells and 7845 reads
2026-03-08 18:09:15,233 - DEBUG - 0 reads not considered because fully enclosed in repeat masked regions
2026-03-08 18:09:15,896 - DEBUG - Counting for batch 1364, containing 100 cells and 7705 reads
2026-03-08 18:09:16,561 - DEBUG - 0 reads not considered because fully enclosed in repeat masked regions
2026-03-08 18:09:17,134 - DEBUG - Counting for batch 1365, containing 100 cells and 7724 reads
2026-03-08 18:09:17,760 - DEBUG - 0 reads not considered because fully enclosed in repeat masked regions
2026-03-08 18:09:18,286 - DEBUG - Counting for batch 1366, containing 100 cells and 7898 reads
2026-03-08 18:09:18,972 - DEBUG - 0 reads not considered because fully enclosed in repeat masked regions
2026-03-08 18:09:19,445 - DEBUG - Counting for batch 1367, containing 100 cells and 7761 reads
2026-03-08 18:09:20,071 - DEBUG - 0 reads not considered because fully enclosed in repeat masked regions
2026-03-08 18:09:20,625 - DEBUG - Counting for batch 1368, containing 100 cells and 7619 reads
2026-03-08 18:09:21,262 - DEBUG - 0 reads not considered because fully enclosed in repeat masked regions
2026-03-08 18:09:21,797 - DEBUG - Counting for batch 1369, containing 100 cells and 7900 reads
2026-03-08 18:09:22,437 - DEBUG - 0 reads not considered because fully enclosed in repeat masked regions
2026-03-08 18:09:23,021 - DEBUG - Counting for batch 1370, containing 100 cells and 7541 reads
2026-03-08 18:09:23,660 - DEBUG - 0 reads not considered because fully enclosed in repeat masked regions
2026-03-08 18:09:24,206 - DEBUG - Counting for batch 1371, containing 100 cells and 7825 reads
2026-03-08 18:09:24,841 - DEBUG - 0 reads not considered because fully enclosed in repeat masked regions
2026-03-08 18:09:25,355 - DEBUG - Counting for batch 1372, containing 100 cells and 7365 reads
2026-03-08 18:09:26,011 - DEBUG - 0 reads not considered because fully enclosed in repeat masked regions
2026-03-08 18:09:26,541 - DEBUG - Counting for batch 1373, containing 100 cells and 8069 reads
2026-03-08 18:09:28,152 - DEBUG - 0 reads not considered because fully enclosed in repeat masked regions
2026-03-08 18:09:28,659 - DEBUG - Counting for batch 1374, containing 100 cells and 7671 reads
2026-03-08 18:09:29,298 - DEBUG - 0 reads not considered because fully enclosed in repeat masked regions
2026-03-08 18:09:29,845 - DEBUG - Counting for batch 1375, containing 100 cells and 7636 reads
2026-03-08 18:09:30,476 - DEBUG - 0 reads not considered because fully enclosed in repeat masked regions
2026-03-08 18:09:31,008 - DEBUG - Counting for batch 1376, containing 100 cells and 7771 reads
2026-03-08 18:09:31,640 - DEBUG - 0 reads not considered because fully enclosed in repeat masked regions
2026-03-08 18:09:32,106 - DEBUG - Counting for batch 1377, containing 100 cells and 7308 reads
2026-03-08 18:09:32,723 - DEBUG - 0 reads not considered because fully enclosed in repeat masked regions
2026-03-08 18:09:33,265 - DEBUG - Counting for batch 1378, containing 100 cells and 7679 reads
2026-03-08 18:09:33,910 - DEBUG - 0 reads not considered because fully enclosed in repeat masked regions
2026-03-08 18:09:34,490 - DEBUG - Counting for batch 1379, containing 100 cells and 7927 reads
2026-03-08 18:09:35,142 - DEBUG - 0 reads not considered because fully enclosed in repeat masked regions
2026-03-08 18:09:35,696 - DEBUG - Counting for batch 1380, containing 100 cells and 7940 reads
2026-03-08 18:09:36,340 - DEBUG - 0 reads not considered because fully enclosed in repeat masked regions
2026-03-08 18:09:36,838 - DEBUG - Counting for batch 1381, containing 100 cells and 7300 reads
2026-03-08 18:09:37,460 - DEBUG - 0 reads not considered because fully enclosed in repeat masked regions
2026-03-08 18:09:38,026 - DEBUG - Counting for batch 1382, containing 100 cells and 7714 reads
2026-03-08 18:09:38,646 - DEBUG - 0 reads not considered because fully enclosed in repeat masked regions
2026-03-08 18:09:39,209 - DEBUG - Counting for batch 1383, containing 100 cells and 7711 reads
2026-03-08 18:09:39,840 - DEBUG - 0 reads not considered because fully enclosed in repeat masked regions
2026-03-08 18:09:40,332 - DEBUG - Counting for batch 1384, containing 100 cells and 7594 reads
2026-03-08 18:09:41,948 - DEBUG - 0 reads not considered because fully enclosed in repeat masked regions
2026-03-08 18:09:42,450 - DEBUG - Counting for batch 1385, containing 100 cells and 7249 reads
2026-03-08 18:09:43,072 - DEBUG - 0 reads not considered because fully enclosed in repeat masked regions
2026-03-08 18:09:43,566 - DEBUG - Counting for batch 1386, containing 100 cells and 8009 reads
2026-03-08 18:09:44,233 - DEBUG - 0 reads not considered because fully enclosed in repeat masked regions
2026-03-08 18:09:44,756 - DEBUG - Counting for batch 1387, containing 100 cells and 7688 reads
2026-03-08 18:09:45,395 - DEBUG - 0 reads not considered because fully enclosed in repeat masked regions
2026-03-08 18:09:45,938 - DEBUG - Counting for batch 1388, containing 100 cells and 7743 reads
2026-03-08 18:09:46,587 - DEBUG - 0 reads not considered because fully enclosed in repeat masked regions
2026-03-08 18:09:47,200 - DEBUG - Counting for batch 1389, containing 100 cells and 7555 reads
2026-03-08 18:09:47,873 - DEBUG - 0 reads not considered because fully enclosed in repeat masked regions
2026-03-08 18:09:48,426 - DEBUG - Counting for batch 1390, containing 100 cells and 7788 reads
2026-03-08 18:09:49,063 - DEBUG - 0 reads not considered because fully enclosed in repeat masked regions
2026-03-08 18:09:49,646 - DEBUG - Counting for batch 1391, containing 100 cells and 7335 reads
2026-03-08 18:09:50,277 - DEBUG - 0 reads not considered because fully enclosed in repeat masked regions
2026-03-08 18:09:50,898 - DEBUG - Counting for batch 1392, containing 100 cells and 7517 reads
2026-03-08 18:09:51,524 - DEBUG - 0 reads not considered because fully enclosed in repeat masked regions
2026-03-08 18:09:51,606 - DEBUG - Read first 270 million reads
2026-03-08 18:09:52,073 - DEBUG - Counting for batch 1393, containing 100 cells and 7944 reads
2026-03-08 18:09:52,719 - DEBUG - 0 reads not considered because fully enclosed in repeat masked regions
2026-03-08 18:09:53,183 - DEBUG - Counting for batch 1394, containing 100 cells and 7732 reads
2026-03-08 18:09:53,804 - DEBUG - 0 reads not considered because fully enclosed in repeat masked regions
2026-03-08 18:09:54,306 - DEBUG - Counting for batch 1395, containing 100 cells and 7599 reads
2026-03-08 18:09:54,937 - DEBUG - 0 reads not considered because fully enclosed in repeat masked regions
2026-03-08 18:09:56,444 - DEBUG - Counting for batch 1396, containing 100 cells and 7475 reads
2026-03-08 18:09:57,103 - DEBUG - 0 reads not considered because fully enclosed in repeat masked regions
2026-03-08 18:09:57,579 - DEBUG - Counting for batch 1397, containing 100 cells and 7411 reads
2026-03-08 18:09:58,253 - DEBUG - 0 reads not considered because fully enclosed in repeat masked regions
2026-03-08 18:09:58,799 - DEBUG - Counting for batch 1398, containing 100 cells and 7734 reads
2026-03-08 18:09:59,418 - DEBUG - 0 reads not considered because fully enclosed in repeat masked regions
2026-03-08 18:09:59,855 - DEBUG - Counting for batch 1399, containing 100 cells and 7391 reads
2026-03-08 18:10:00,487 - DEBUG - 0 reads not considered because fully enclosed in repeat masked regions
2026-03-08 18:10:01,051 - DEBUG - Counting for batch 1400, containing 100 cells and 7536 reads
2026-03-08 18:10:01,697 - DEBUG - 0 reads not considered because fully enclosed in repeat masked regions
2026-03-08 18:10:02,233 - DEBUG - Counting for batch 1401, containing 100 cells and 7682 reads
2026-03-08 18:10:02,865 - DEBUG - 0 reads not considered because fully enclosed in repeat masked regions
2026-03-08 18:10:03,442 - DEBUG - Counting for batch 1402, containing 100 cells and 7537 reads
2026-03-08 18:10:04,063 - DEBUG - 0 reads not considered because fully enclosed in repeat masked regions
2026-03-08 18:10:04,628 - DEBUG - Counting for batch 1403, containing 100 cells and 7840 reads
2026-03-08 18:10:05,252 - DEBUG - 0 reads not considered because fully enclosed in repeat masked regions
2026-03-08 18:10:05,771 - DEBUG - Counting for batch 1404, containing 100 cells and 7686 reads
2026-03-08 18:10:06,397 - DEBUG - 0 reads not considered because fully enclosed in repeat masked regions
2026-03-08 18:10:06,933 - DEBUG - Counting for batch 1405, containing 100 cells and 7913 reads
2026-03-08 18:10:07,579 - DEBUG - 0 reads not considered because fully enclosed in repeat masked regions
2026-03-08 18:10:08,147 - DEBUG - Counting for batch 1406, containing 100 cells and 7553 reads
2026-03-08 18:10:08,783 - DEBUG - 0 reads not considered because fully enclosed in repeat masked regions
2026-03-08 18:10:09,359 - DEBUG - Counting for batch 1407, containing 100 cells and 7786 reads
2026-03-08 18:10:10,993 - DEBUG - 0 reads not considered because fully enclosed in repeat masked regions
2026-03-08 18:10:11,564 - DEBUG - Counting for batch 1408, containing 100 cells and 7830 reads
2026-03-08 18:10:12,199 - DEBUG - 0 reads not considered because fully enclosed in repeat masked regions
2026-03-08 18:10:12,804 - DEBUG - Counting for batch 1409, containing 100 cells and 7750 reads
2026-03-08 18:10:13,445 - DEBUG - 0 reads not considered because fully enclosed in repeat masked regions
2026-03-08 18:10:13,993 - DEBUG - Counting for batch 1410, containing 100 cells and 7738 reads
2026-03-08 18:10:14,626 - DEBUG - 0 reads not considered because fully enclosed in repeat masked regions
2026-03-08 18:10:15,272 - DEBUG - Counting for batch 1411, containing 100 cells and 7864 reads
2026-03-08 18:10:15,900 - DEBUG - 0 reads not considered because fully enclosed in repeat masked regions
2026-03-08 18:10:16,460 - DEBUG - Counting for batch 1412, containing 100 cells and 7708 reads
2026-03-08 18:10:17,101 - DEBUG - 0 reads not considered because fully enclosed in repeat masked regions
2026-03-08 18:10:17,624 - DEBUG - Counting for batch 1413, containing 100 cells and 7571 reads
2026-03-08 18:10:18,252 - DEBUG - 0 reads not considered because fully enclosed in repeat masked regions
2026-03-08 18:10:18,742 - DEBUG - Counting for batch 1414, containing 100 cells and 7342 reads
2026-03-08 18:10:19,363 - DEBUG - 0 reads not considered because fully enclosed in repeat masked regions
2026-03-08 18:10:19,959 - DEBUG - Counting for batch 1415, containing 100 cells and 7377 reads
2026-03-08 18:10:20,613 - DEBUG - 0 reads not considered because fully enclosed in repeat masked regions
2026-03-08 18:10:21,181 - DEBUG - Counting for batch 1416, containing 100 cells and 7935 reads
2026-03-08 18:10:21,807 - DEBUG - 0 reads not considered because fully enclosed in repeat masked regions
2026-03-08 18:10:22,344 - DEBUG - Counting for batch 1417, containing 100 cells and 7473 reads
2026-03-08 18:10:22,978 - DEBUG - 0 reads not considered because fully enclosed in repeat masked regions
2026-03-08 18:10:23,459 - DEBUG - Counting for batch 1418, containing 100 cells and 7380 reads
2026-03-08 18:10:25,061 - DEBUG - 0 reads not considered because fully enclosed in repeat masked regions
2026-03-08 18:10:25,710 - DEBUG - Counting for batch 1419, containing 100 cells and 7462 reads
2026-03-08 18:10:26,337 - DEBUG - 0 reads not considered because fully enclosed in repeat masked regions
2026-03-08 18:10:26,865 - DEBUG - Counting for batch 1420, containing 100 cells and 7464 reads
2026-03-08 18:10:27,484 - DEBUG - 0 reads not considered because fully enclosed in repeat masked regions
2026-03-08 18:10:27,988 - DEBUG - Counting for batch 1421, containing 100 cells and 7328 reads
2026-03-08 18:10:28,637 - DEBUG - 0 reads not considered because fully enclosed in repeat masked regions
2026-03-08 18:10:29,119 - DEBUG - Counting for batch 1422, containing 100 cells and 7322 reads
2026-03-08 18:10:29,760 - DEBUG - 0 reads not considered because fully enclosed in repeat masked regions
2026-03-08 18:10:30,352 - DEBUG - Counting for batch 1423, containing 100 cells and 7466 reads
2026-03-08 18:10:31,016 - DEBUG - 0 reads not considered because fully enclosed in repeat masked regions
2026-03-08 18:10:31,590 - DEBUG - Counting for batch 1424, containing 100 cells and 7782 reads
2026-03-08 18:10:32,235 - DEBUG - 0 reads not considered because fully enclosed in repeat masked regions
2026-03-08 18:10:32,806 - DEBUG - Counting for batch 1425, containing 100 cells and 7182 reads
2026-03-08 18:10:33,428 - DEBUG - 0 reads not considered because fully enclosed in repeat masked regions
2026-03-08 18:10:33,895 - DEBUG - Counting for batch 1426, containing 100 cells and 7517 reads
2026-03-08 18:10:34,515 - DEBUG - 0 reads not considered because fully enclosed in repeat masked regions
2026-03-08 18:10:35,069 - DEBUG - Counting for batch 1427, containing 100 cells and 7233 reads
2026-03-08 18:10:35,690 - DEBUG - 0 reads not considered because fully enclosed in repeat masked regions
2026-03-08 18:10:36,245 - DEBUG - Counting for batch 1428, containing 100 cells and 7647 reads
2026-03-08 18:10:36,866 - DEBUG - 0 reads not considered because fully enclosed in repeat masked regions
2026-03-08 18:10:37,416 - DEBUG - Counting for batch 1429, containing 100 cells and 7209 reads
2026-03-08 18:10:38,026 - DEBUG - 0 reads not considered because fully enclosed in repeat masked regions
2026-03-08 18:10:38,552 - DEBUG - Counting for batch 1430, containing 100 cells and 7556 reads
2026-03-08 18:10:40,174 - DEBUG - 0 reads not considered because fully enclosed in repeat masked regions
2026-03-08 18:10:40,677 - DEBUG - Counting for batch 1431, containing 100 cells and 7803 reads
2026-03-08 18:10:41,330 - DEBUG - 0 reads not considered because fully enclosed in repeat masked regions
2026-03-08 18:10:41,875 - DEBUG - Counting for batch 1432, containing 100 cells and 7842 reads
2026-03-08 18:10:42,500 - DEBUG - 0 reads not considered because fully enclosed in repeat masked regions
2026-03-08 18:10:43,032 - DEBUG - Counting for batch 1433, containing 100 cells and 7738 reads
2026-03-08 18:10:43,661 - DEBUG - 0 reads not considered because fully enclosed in repeat masked regions
2026-03-08 18:10:44,181 - DEBUG - Counting for batch 1434, containing 100 cells and 7775 reads
2026-03-08 18:10:44,814 - DEBUG - 0 reads not considered because fully enclosed in repeat masked regions
2026-03-08 18:10:45,352 - DEBUG - Counting for batch 1435, containing 100 cells and 7715 reads
2026-03-08 18:10:45,988 - DEBUG - 0 reads not considered because fully enclosed in repeat masked regions
2026-03-08 18:10:46,462 - DEBUG - Counting for batch 1436, containing 100 cells and 7649 reads
2026-03-08 18:10:47,097 - DEBUG - 0 reads not considered because fully enclosed in repeat masked regions
2026-03-08 18:10:47,642 - DEBUG - Counting for batch 1437, containing 100 cells and 7329 reads
2026-03-08 18:10:48,254 - DEBUG - 0 reads not considered because fully enclosed in repeat masked regions
2026-03-08 18:10:48,844 - DEBUG - Counting for batch 1438, containing 100 cells and 7677 reads
2026-03-08 18:10:49,485 - DEBUG - 0 reads not considered because fully enclosed in repeat masked regions
2026-03-08 18:10:50,070 - DEBUG - Counting for batch 1439, containing 100 cells and 7637 reads
2026-03-08 18:10:50,718 - DEBUG - 0 reads not considered because fully enclosed in repeat masked regions
2026-03-08 18:10:51,383 - DEBUG - Counting for batch 1440, containing 100 cells and 7632 reads
2026-03-08 18:10:52,038 - DEBUG - 0 reads not considered because fully enclosed in repeat masked regions
2026-03-08 18:10:52,609 - DEBUG - Counting for batch 1441, containing 100 cells and 7839 reads
2026-03-08 18:10:54,238 - DEBUG - 0 reads not considered because fully enclosed in repeat masked regions
2026-03-08 18:10:54,817 - DEBUG - Counting for batch 1442, containing 100 cells and 7587 reads
2026-03-08 18:10:55,451 - DEBUG - 0 reads not considered because fully enclosed in repeat masked regions
2026-03-08 18:10:55,957 - DEBUG - Counting for batch 1443, containing 100 cells and 7711 reads
2026-03-08 18:10:56,588 - DEBUG - 0 reads not considered because fully enclosed in repeat masked regions
2026-03-08 18:10:57,015 - DEBUG - Read first 280 million reads
2026-03-08 18:10:57,141 - DEBUG - Counting for batch 1444, containing 100 cells and 7478 reads
2026-03-08 18:10:57,762 - DEBUG - 0 reads not considered because fully enclosed in repeat masked regions
2026-03-08 18:10:58,318 - DEBUG - Counting for batch 1445, containing 100 cells and 7683 reads
2026-03-08 18:10:58,952 - DEBUG - 0 reads not considered because fully enclosed in repeat masked regions
2026-03-08 18:10:59,524 - DEBUG - Counting for batch 1446, containing 100 cells and 7667 reads
2026-03-08 18:11:00,165 - DEBUG - 0 reads not considered because fully enclosed in repeat masked regions
2026-03-08 18:11:00,683 - DEBUG - Counting for batch 1447, containing 100 cells and 7875 reads
2026-03-08 18:11:01,350 - DEBUG - 0 reads not considered because fully enclosed in repeat masked regions
2026-03-08 18:11:01,891 - DEBUG - Counting for batch 1448, containing 100 cells and 7883 reads
2026-03-08 18:11:02,516 - DEBUG - 0 reads not considered because fully enclosed in repeat masked regions
2026-03-08 18:11:03,056 - DEBUG - Counting for batch 1449, containing 100 cells and 7775 reads
2026-03-08 18:11:03,696 - DEBUG - 0 reads not considered because fully enclosed in repeat masked regions
2026-03-08 18:11:04,196 - DEBUG - Counting for batch 1450, containing 100 cells and 7772 reads
2026-03-08 18:11:04,824 - DEBUG - 0 reads not considered because fully enclosed in repeat masked regions
2026-03-08 18:11:05,398 - DEBUG - Counting for batch 1451, containing 100 cells and 8067 reads
2026-03-08 18:11:06,045 - DEBUG - 0 reads not considered because fully enclosed in repeat masked regions
2026-03-08 18:11:06,631 - DEBUG - Counting for batch 1452, containing 100 cells and 7784 reads
2026-03-08 18:11:08,250 - DEBUG - 0 reads not considered because fully enclosed in repeat masked regions
2026-03-08 18:11:08,827 - DEBUG - Counting for batch 1453, containing 100 cells and 7751 reads
2026-03-08 18:11:09,451 - DEBUG - 0 reads not considered because fully enclosed in repeat masked regions
2026-03-08 18:11:10,011 - DEBUG - Counting for batch 1454, containing 100 cells and 7542 reads
2026-03-08 18:11:10,666 - DEBUG - 0 reads not considered because fully enclosed in repeat masked regions
2026-03-08 18:11:11,276 - DEBUG - Counting for batch 1455, containing 100 cells and 7775 reads
2026-03-08 18:11:11,920 - DEBUG - 0 reads not considered because fully enclosed in repeat masked regions
2026-03-08 18:11:12,454 - DEBUG - Counting for batch 1456, containing 100 cells and 7755 reads
2026-03-08 18:11:13,090 - DEBUG - 0 reads not considered because fully enclosed in repeat masked regions
2026-03-08 18:11:13,701 - DEBUG - Counting for batch 1457, containing 100 cells and 7850 reads
2026-03-08 18:11:14,316 - DEBUG - 0 reads not considered because fully enclosed in repeat masked regions
2026-03-08 18:11:14,862 - DEBUG - Counting for batch 1458, containing 100 cells and 7820 reads
2026-03-08 18:11:15,484 - DEBUG - 0 reads not considered because fully enclosed in repeat masked regions
2026-03-08 18:11:16,058 - DEBUG - Counting for batch 1459, containing 100 cells and 7539 reads
2026-03-08 18:11:16,713 - DEBUG - 0 reads not considered because fully enclosed in repeat masked regions
2026-03-08 18:11:17,308 - DEBUG - Counting for batch 1460, containing 100 cells and 7582 reads
2026-03-08 18:11:17,941 - DEBUG - 0 reads not considered because fully enclosed in repeat masked regions
2026-03-08 18:11:18,532 - DEBUG - Counting for batch 1461, containing 100 cells and 7745 reads
2026-03-08 18:11:19,185 - DEBUG - 0 reads not considered because fully enclosed in repeat masked regions
2026-03-08 18:11:19,707 - DEBUG - Counting for batch 1462, containing 100 cells and 7476 reads
2026-03-08 18:11:20,337 - DEBUG - 0 reads not considered because fully enclosed in repeat masked regions
2026-03-08 18:11:20,849 - DEBUG - Counting for batch 1463, containing 100 cells and 7581 reads
2026-03-08 18:11:22,473 - DEBUG - 0 reads not considered because fully enclosed in repeat masked regions
2026-03-08 18:11:22,970 - DEBUG - Counting for batch 1464, containing 100 cells and 7282 reads
2026-03-08 18:11:23,583 - DEBUG - 0 reads not considered because fully enclosed in repeat masked regions
2026-03-08 18:11:24,091 - DEBUG - Counting for batch 1465, containing 100 cells and 7311 reads
2026-03-08 18:11:24,717 - DEBUG - 0 reads not considered because fully enclosed in repeat masked regions
2026-03-08 18:11:25,290 - DEBUG - Counting for batch 1466, containing 100 cells and 7646 reads
2026-03-08 18:11:25,939 - DEBUG - 0 reads not considered because fully enclosed in repeat masked regions
2026-03-08 18:11:26,520 - DEBUG - Counting for batch 1467, containing 100 cells and 7559 reads
2026-03-08 18:11:27,140 - DEBUG - 0 reads not considered because fully enclosed in repeat masked regions
2026-03-08 18:11:27,747 - DEBUG - Counting for batch 1468, containing 100 cells and 7802 reads
2026-03-08 18:11:28,391 - DEBUG - 0 reads not considered because fully enclosed in repeat masked regions
2026-03-08 18:11:28,870 - DEBUG - Counting for batch 1469, containing 100 cells and 7283 reads
2026-03-08 18:11:29,527 - DEBUG - 0 reads not considered because fully enclosed in repeat masked regions
2026-03-08 18:11:30,175 - DEBUG - Counting for batch 1470, containing 100 cells and 7878 reads
2026-03-08 18:11:30,823 - DEBUG - 0 reads not considered because fully enclosed in repeat masked regions
2026-03-08 18:11:31,290 - DEBUG - Counting for batch 1471, containing 100 cells and 7722 reads
2026-03-08 18:11:31,922 - DEBUG - 0 reads not considered because fully enclosed in repeat masked regions
2026-03-08 18:11:32,570 - DEBUG - Counting for batch 1472, containing 100 cells and 7805 reads
2026-03-08 18:11:33,226 - DEBUG - 0 reads not considered because fully enclosed in repeat masked regions
2026-03-08 18:11:33,902 - DEBUG - Counting for batch 1473, containing 100 cells and 7783 reads
2026-03-08 18:11:34,563 - DEBUG - 0 reads not considered because fully enclosed in repeat masked regions
2026-03-08 18:11:35,065 - DEBUG - Counting for batch 1474, containing 100 cells and 7818 reads
2026-03-08 18:11:36,688 - DEBUG - 0 reads not considered because fully enclosed in repeat masked regions
2026-03-08 18:11:37,269 - DEBUG - Counting for batch 1475, containing 100 cells and 7950 reads
2026-03-08 18:11:37,901 - DEBUG - 0 reads not considered because fully enclosed in repeat masked regions
2026-03-08 18:11:38,455 - DEBUG - Counting for batch 1476, containing 100 cells and 7852 reads
2026-03-08 18:11:39,096 - DEBUG - 0 reads not considered because fully enclosed in repeat masked regions
2026-03-08 18:11:39,622 - DEBUG - Counting for batch 1477, containing 100 cells and 7412 reads
2026-03-08 18:11:40,257 - DEBUG - 0 reads not considered because fully enclosed in repeat masked regions
2026-03-08 18:11:40,874 - DEBUG - Counting for batch 1478, containing 100 cells and 7786 reads
2026-03-08 18:11:41,499 - DEBUG - 0 reads not considered because fully enclosed in repeat masked regions
2026-03-08 18:11:42,128 - DEBUG - Counting for batch 1479, containing 100 cells and 7710 reads
2026-03-08 18:11:42,776 - DEBUG - 0 reads not considered because fully enclosed in repeat masked regions
2026-03-08 18:11:43,331 - DEBUG - Counting for batch 1480, containing 100 cells and 7999 reads
2026-03-08 18:11:43,985 - DEBUG - 0 reads not considered because fully enclosed in repeat masked regions
2026-03-08 18:11:44,556 - DEBUG - Counting for batch 1481, containing 100 cells and 7668 reads
2026-03-08 18:11:45,189 - DEBUG - 0 reads not considered because fully enclosed in repeat masked regions
2026-03-08 18:11:45,751 - DEBUG - Counting for batch 1482, containing 100 cells and 7312 reads
2026-03-08 18:11:46,386 - DEBUG - 0 reads not considered because fully enclosed in repeat masked regions
2026-03-08 18:11:46,979 - DEBUG - Counting for batch 1483, containing 100 cells and 7301 reads
2026-03-08 18:11:47,626 - DEBUG - 0 reads not considered because fully enclosed in repeat masked regions
2026-03-08 18:11:48,173 - DEBUG - Counting for batch 1484, containing 100 cells and 7886 reads
2026-03-08 18:11:48,801 - DEBUG - 0 reads not considered because fully enclosed in repeat masked regions
2026-03-08 18:11:49,331 - DEBUG - Counting for batch 1485, containing 100 cells and 7470 reads
2026-03-08 18:11:50,952 - DEBUG - 0 reads not considered because fully enclosed in repeat masked regions
2026-03-08 18:11:51,550 - DEBUG - Counting for batch 1486, containing 100 cells and 7269 reads
2026-03-08 18:11:52,169 - DEBUG - 0 reads not considered because fully enclosed in repeat masked regions
2026-03-08 18:11:52,710 - DEBUG - Counting for batch 1487, containing 100 cells and 7401 reads
2026-03-08 18:11:53,324 - DEBUG - 0 reads not considered because fully enclosed in repeat masked regions
2026-03-08 18:11:53,853 - DEBUG - Counting for batch 1488, containing 100 cells and 7712 reads
2026-03-08 18:11:54,509 - DEBUG - 0 reads not considered because fully enclosed in repeat masked regions
2026-03-08 18:11:55,013 - DEBUG - Counting for batch 1489, containing 100 cells and 8131 reads
2026-03-08 18:11:55,653 - DEBUG - 0 reads not considered because fully enclosed in repeat masked regions
2026-03-08 18:11:56,243 - DEBUG - Counting for batch 1490, containing 100 cells and 7583 reads
2026-03-08 18:11:56,886 - DEBUG - 0 reads not considered because fully enclosed in repeat masked regions
2026-03-08 18:11:57,396 - DEBUG - Counting for batch 1491, containing 100 cells and 7528 reads
2026-03-08 18:11:58,027 - DEBUG - 0 reads not considered because fully enclosed in repeat masked regions
2026-03-08 18:11:58,557 - DEBUG - Counting for batch 1492, containing 100 cells and 7554 reads
2026-03-08 18:11:59,185 - DEBUG - 0 reads not considered because fully enclosed in repeat masked regions
2026-03-08 18:11:59,789 - DEBUG - Counting for batch 1493, containing 100 cells and 7630 reads
2026-03-08 18:12:00,419 - DEBUG - 0 reads not considered because fully enclosed in repeat masked regions
2026-03-08 18:12:00,749 - DEBUG - Read first 290 million reads
2026-03-08 18:12:00,979 - DEBUG - Counting for batch 1494, containing 100 cells and 7691 reads
2026-03-08 18:12:01,604 - DEBUG - 0 reads not considered because fully enclosed in repeat masked regions
2026-03-08 18:12:02,214 - DEBUG - Counting for batch 1495, containing 100 cells and 7495 reads
2026-03-08 18:12:02,844 - DEBUG - 0 reads not considered because fully enclosed in repeat masked regions
2026-03-08 18:12:03,418 - DEBUG - Counting for batch 1496, containing 100 cells and 7314 reads
2026-03-08 18:12:04,044 - DEBUG - 0 reads not considered because fully enclosed in repeat masked regions
2026-03-08 18:12:05,558 - DEBUG - Counting for batch 1497, containing 100 cells and 7700 reads
2026-03-08 18:12:06,191 - DEBUG - 0 reads not considered because fully enclosed in repeat masked regions
2026-03-08 18:12:06,668 - DEBUG - Counting for batch 1498, containing 100 cells and 7622 reads
2026-03-08 18:12:07,298 - DEBUG - 0 reads not considered because fully enclosed in repeat masked regions
2026-03-08 18:12:07,817 - DEBUG - Counting for batch 1499, containing 100 cells and 7761 reads
2026-03-08 18:12:08,448 - DEBUG - 0 reads not considered because fully enclosed in repeat masked regions
2026-03-08 18:12:09,001 - DEBUG - Counting for batch 1500, containing 100 cells and 7811 reads
2026-03-08 18:12:09,645 - DEBUG - 0 reads not considered because fully enclosed in repeat masked regions
2026-03-08 18:12:10,203 - DEBUG - Counting for batch 1501, containing 100 cells and 7792 reads
2026-03-08 18:12:10,825 - DEBUG - 0 reads not considered because fully enclosed in repeat masked regions
2026-03-08 18:12:11,412 - DEBUG - Counting for batch 1502, containing 100 cells and 7472 reads
2026-03-08 18:12:12,048 - DEBUG - 0 reads not considered because fully enclosed in repeat masked regions
2026-03-08 18:12:12,597 - DEBUG - Counting for batch 1503, containing 100 cells and 7636 reads
2026-03-08 18:12:13,242 - DEBUG - 0 reads not considered because fully enclosed in repeat masked regions
2026-03-08 18:12:13,783 - DEBUG - Counting for batch 1504, containing 100 cells and 7943 reads
2026-03-08 18:12:14,417 - DEBUG - 0 reads not considered because fully enclosed in repeat masked regions
2026-03-08 18:12:14,896 - DEBUG - Counting for batch 1505, containing 100 cells and 7787 reads
2026-03-08 18:12:15,521 - DEBUG - 0 reads not considered because fully enclosed in repeat masked regions
2026-03-08 18:12:16,080 - DEBUG - Counting for batch 1506, containing 100 cells and 7607 reads
2026-03-08 18:12:16,730 - DEBUG - 0 reads not considered because fully enclosed in repeat masked regions
2026-03-08 18:12:17,202 - DEBUG - Counting for batch 1507, containing 100 cells and 7546 reads
2026-03-08 18:12:18,804 - DEBUG - 0 reads not considered because fully enclosed in repeat masked regions
2026-03-08 18:12:19,393 - DEBUG - Counting for batch 1508, containing 100 cells and 7751 reads
2026-03-08 18:12:20,018 - DEBUG - 0 reads not considered because fully enclosed in repeat masked regions
2026-03-08 18:12:20,499 - DEBUG - Counting for batch 1509, containing 100 cells and 7930 reads
2026-03-08 18:12:21,145 - DEBUG - 0 reads not considered because fully enclosed in repeat masked regions
2026-03-08 18:12:21,687 - DEBUG - Counting for batch 1510, containing 100 cells and 7395 reads
2026-03-08 18:12:22,315 - DEBUG - 0 reads not considered because fully enclosed in repeat masked regions
2026-03-08 18:12:22,857 - DEBUG - Counting for batch 1511, containing 100 cells and 7591 reads
2026-03-08 18:12:23,478 - DEBUG - 0 reads not considered because fully enclosed in repeat masked regions
2026-03-08 18:12:23,996 - DEBUG - Counting for batch 1512, containing 100 cells and 7609 reads
2026-03-08 18:12:24,634 - DEBUG - 0 reads not considered because fully enclosed in repeat masked regions
2026-03-08 18:12:25,173 - DEBUG - Counting for batch 1513, containing 100 cells and 7354 reads
2026-03-08 18:12:25,789 - DEBUG - 0 reads not considered because fully enclosed in repeat masked regions
2026-03-08 18:12:26,351 - DEBUG - Counting for batch 1514, containing 100 cells and 7567 reads
2026-03-08 18:12:26,971 - DEBUG - 0 reads not considered because fully enclosed in repeat masked regions
2026-03-08 18:12:27,543 - DEBUG - Counting for batch 1515, containing 100 cells and 7886 reads
2026-03-08 18:12:28,174 - DEBUG - 0 reads not considered because fully enclosed in repeat masked regions
2026-03-08 18:12:28,732 - DEBUG - Counting for batch 1516, containing 100 cells and 7512 reads
2026-03-08 18:12:29,361 - DEBUG - 0 reads not considered because fully enclosed in repeat masked regions
2026-03-08 18:12:29,877 - DEBUG - Counting for batch 1517, containing 100 cells and 7716 reads
2026-03-08 18:12:30,511 - DEBUG - 0 reads not considered because fully enclosed in repeat masked regions
2026-03-08 18:12:30,950 - DEBUG - Counting for batch 1518, containing 100 cells and 7694 reads
2026-03-08 18:12:31,588 - DEBUG - 0 reads not considered because fully enclosed in repeat masked regions
2026-03-08 18:12:32,145 - DEBUG - Counting for batch 1519, containing 100 cells and 7867 reads
2026-03-08 18:12:33,748 - DEBUG - 0 reads not considered because fully enclosed in repeat masked regions
2026-03-08 18:12:34,358 - DEBUG - Counting for batch 1520, containing 100 cells and 8043 reads
2026-03-08 18:12:35,009 - DEBUG - 0 reads not considered because fully enclosed in repeat masked regions
2026-03-08 18:12:35,569 - DEBUG - Counting for batch 1521, containing 100 cells and 7886 reads
2026-03-08 18:12:36,204 - DEBUG - 0 reads not considered because fully enclosed in repeat masked regions
2026-03-08 18:12:36,765 - DEBUG - Counting for batch 1522, containing 100 cells and 7879 reads
2026-03-08 18:12:37,396 - DEBUG - 0 reads not considered because fully enclosed in repeat masked regions
2026-03-08 18:12:37,956 - DEBUG - Counting for batch 1523, containing 100 cells and 7694 reads
2026-03-08 18:12:38,599 - DEBUG - 0 reads not considered because fully enclosed in repeat masked regions
2026-03-08 18:12:39,123 - DEBUG - Counting for batch 1524, containing 100 cells and 7961 reads
2026-03-08 18:12:39,767 - DEBUG - 0 reads not considered because fully enclosed in repeat masked regions
2026-03-08 18:12:40,384 - DEBUG - Counting for batch 1525, containing 100 cells and 8123 reads
2026-03-08 18:12:41,012 - DEBUG - 0 reads not considered because fully enclosed in repeat masked regions
2026-03-08 18:12:41,642 - DEBUG - Counting for batch 1526, containing 100 cells and 7908 reads
2026-03-08 18:12:42,268 - DEBUG - 0 reads not considered because fully enclosed in repeat masked regions
2026-03-08 18:12:42,764 - DEBUG - Counting for batch 1527, containing 100 cells and 7851 reads
2026-03-08 18:12:43,407 - DEBUG - 0 reads not considered because fully enclosed in repeat masked regions
2026-03-08 18:12:43,997 - DEBUG - Counting for batch 1528, containing 100 cells and 7936 reads
2026-03-08 18:12:44,639 - DEBUG - 0 reads not considered because fully enclosed in repeat masked regions
2026-03-08 18:12:45,187 - DEBUG - Counting for batch 1529, containing 100 cells and 7561 reads
2026-03-08 18:12:45,819 - DEBUG - 0 reads not considered because fully enclosed in repeat masked regions
2026-03-08 18:12:47,245 - DEBUG - Counting for batch 1530, containing 100 cells and 7849 reads
2026-03-08 18:12:47,879 - DEBUG - 0 reads not considered because fully enclosed in repeat masked regions
2026-03-08 18:12:48,356 - DEBUG - Counting for batch 1531, containing 100 cells and 7581 reads
2026-03-08 18:12:48,982 - DEBUG - 0 reads not considered because fully enclosed in repeat masked regions
2026-03-08 18:12:49,535 - DEBUG - Counting for batch 1532, containing 100 cells and 8204 reads
2026-03-08 18:12:50,193 - DEBUG - 0 reads not considered because fully enclosed in repeat masked regions
2026-03-08 18:12:50,779 - DEBUG - Counting for batch 1533, containing 100 cells and 7964 reads
2026-03-08 18:12:51,430 - DEBUG - 0 reads not considered because fully enclosed in repeat masked regions
2026-03-08 18:12:52,035 - DEBUG - Counting for batch 1534, containing 100 cells and 7679 reads
2026-03-08 18:12:52,660 - DEBUG - 0 reads not considered because fully enclosed in repeat masked regions
2026-03-08 18:12:53,147 - DEBUG - Counting for batch 1535, containing 100 cells and 7442 reads
2026-03-08 18:12:53,790 - DEBUG - 0 reads not considered because fully enclosed in repeat masked regions
2026-03-08 18:12:54,404 - DEBUG - Counting for batch 1536, containing 100 cells and 7797 reads
2026-03-08 18:12:55,035 - DEBUG - 0 reads not considered because fully enclosed in repeat masked regions
2026-03-08 18:12:55,567 - DEBUG - Counting for batch 1537, containing 100 cells and 7870 reads
2026-03-08 18:12:56,193 - DEBUG - 0 reads not considered because fully enclosed in repeat masked regions
2026-03-08 18:12:56,787 - DEBUG - Counting for batch 1538, containing 100 cells and 7946 reads
2026-03-08 18:12:57,419 - DEBUG - 0 reads not considered because fully enclosed in repeat masked regions
2026-03-08 18:12:58,009 - DEBUG - Counting for batch 1539, containing 100 cells and 7633 reads
2026-03-08 18:12:58,639 - DEBUG - 0 reads not considered because fully enclosed in repeat masked regions
2026-03-08 18:12:59,121 - DEBUG - Counting for batch 1540, containing 100 cells and 7903 reads
2026-03-08 18:12:59,761 - DEBUG - 0 reads not considered because fully enclosed in repeat masked regions
2026-03-08 18:13:01,327 - DEBUG - Counting for batch 1541, containing 100 cells and 7938 reads
2026-03-08 18:13:01,959 - DEBUG - 0 reads not considered because fully enclosed in repeat masked regions
2026-03-08 18:13:02,506 - DEBUG - Counting for batch 1542, containing 100 cells and 7623 reads
2026-03-08 18:13:03,157 - DEBUG - 0 reads not considered because fully enclosed in repeat masked regions
2026-03-08 18:13:03,809 - DEBUG - Counting for batch 1543, containing 100 cells and 8002 reads
2026-03-08 18:13:04,451 - DEBUG - 0 reads not considered because fully enclosed in repeat masked regions
2026-03-08 18:13:04,981 - DEBUG - Counting for batch 1544, containing 100 cells and 7631 reads
2026-03-08 18:13:05,622 - DEBUG - 0 reads not considered because fully enclosed in repeat masked regions
2026-03-08 18:13:05,929 - DEBUG - Read first 300 million reads
2026-03-08 18:13:06,148 - DEBUG - Counting for batch 1545, containing 100 cells and 7713 reads
2026-03-08 18:13:06,783 - DEBUG - 0 reads not considered because fully enclosed in repeat masked regions
2026-03-08 18:13:07,273 - DEBUG - Counting for batch 1546, containing 100 cells and 7701 reads
2026-03-08 18:13:07,922 - DEBUG - 0 reads not considered because fully enclosed in repeat masked regions
2026-03-08 18:13:08,460 - DEBUG - Counting for batch 1547, containing 100 cells and 7640 reads
2026-03-08 18:13:09,106 - DEBUG - 0 reads not considered because fully enclosed in repeat masked regions
2026-03-08 18:13:09,642 - DEBUG - Counting for batch 1548, containing 100 cells and 7746 reads
2026-03-08 18:13:10,288 - DEBUG - 0 reads not considered because fully enclosed in repeat masked regions
2026-03-08 18:13:10,881 - DEBUG - Counting for batch 1549, containing 100 cells and 8073 reads
2026-03-08 18:13:11,509 - DEBUG - 0 reads not considered because fully enclosed in repeat masked regions
2026-03-08 18:13:12,014 - DEBUG - Counting for batch 1550, containing 100 cells and 7841 reads
2026-03-08 18:13:12,664 - DEBUG - 0 reads not considered because fully enclosed in repeat masked regions
2026-03-08 18:13:13,244 - DEBUG - Counting for batch 1551, containing 100 cells and 7622 reads
2026-03-08 18:13:14,863 - DEBUG - 0 reads not considered because fully enclosed in repeat masked regions
2026-03-08 18:13:15,374 - DEBUG - Counting for batch 1552, containing 100 cells and 7786 reads
2026-03-08 18:13:16,001 - DEBUG - 0 reads not considered because fully enclosed in repeat masked regions
2026-03-08 18:13:16,563 - DEBUG - Counting for batch 1553, containing 100 cells and 7961 reads
2026-03-08 18:13:17,190 - DEBUG - 0 reads not considered because fully enclosed in repeat masked regions
2026-03-08 18:13:17,764 - DEBUG - Counting for batch 1554, containing 100 cells and 7812 reads
2026-03-08 18:13:18,387 - DEBUG - 0 reads not considered because fully enclosed in repeat masked regions
2026-03-08 18:13:18,948 - DEBUG - Counting for batch 1555, containing 100 cells and 8232 reads
2026-03-08 18:13:19,589 - DEBUG - 0 reads not considered because fully enclosed in repeat masked regions
2026-03-08 18:13:20,099 - DEBUG - Counting for batch 1556, containing 100 cells and 7712 reads
2026-03-08 18:13:20,722 - DEBUG - 0 reads not considered because fully enclosed in repeat masked regions
2026-03-08 18:13:21,236 - DEBUG - Counting for batch 1557, containing 100 cells and 8022 reads
2026-03-08 18:13:21,887 - DEBUG - 0 reads not considered because fully enclosed in repeat masked regions
2026-03-08 18:13:22,414 - DEBUG - Counting for batch 1558, containing 100 cells and 7983 reads
2026-03-08 18:13:23,051 - DEBUG - 0 reads not considered because fully enclosed in repeat masked regions
2026-03-08 18:13:23,622 - DEBUG - Counting for batch 1559, containing 100 cells and 7908 reads
2026-03-08 18:13:24,250 - DEBUG - 0 reads not considered because fully enclosed in repeat masked regions
2026-03-08 18:13:24,747 - DEBUG - Counting for batch 1560, containing 100 cells and 7908 reads
2026-03-08 18:13:25,382 - DEBUG - 0 reads not considered because fully enclosed in repeat masked regions
2026-03-08 18:13:25,964 - DEBUG - Counting for batch 1561, containing 100 cells and 7627 reads
2026-03-08 18:13:26,588 - DEBUG - 0 reads not considered because fully enclosed in repeat masked regions
2026-03-08 18:13:27,069 - DEBUG - Counting for batch 1562, containing 100 cells and 7885 reads
2026-03-08 18:13:28,669 - DEBUG - 0 reads not considered because fully enclosed in repeat masked regions
2026-03-08 18:13:29,146 - DEBUG - Counting for batch 1563, containing 100 cells and 7647 reads
2026-03-08 18:13:29,788 - DEBUG - 0 reads not considered because fully enclosed in repeat masked regions
2026-03-08 18:13:30,334 - DEBUG - Counting for batch 1564, containing 100 cells and 7867 reads
2026-03-08 18:13:30,975 - DEBUG - 0 reads not considered because fully enclosed in repeat masked regions
2026-03-08 18:13:31,516 - DEBUG - Counting for batch 1565, containing 100 cells and 7672 reads
2026-03-08 18:13:32,152 - DEBUG - 0 reads not considered because fully enclosed in repeat masked regions
2026-03-08 18:13:32,738 - DEBUG - Counting for batch 1566, containing 100 cells and 7654 reads
2026-03-08 18:13:33,379 - DEBUG - 0 reads not considered because fully enclosed in repeat masked regions
2026-03-08 18:13:33,929 - DEBUG - Counting for batch 1567, containing 100 cells and 7806 reads
2026-03-08 18:13:34,569 - DEBUG - 0 reads not considered because fully enclosed in repeat masked regions
2026-03-08 18:13:35,045 - DEBUG - Counting for batch 1568, containing 100 cells and 8242 reads
2026-03-08 18:13:35,703 - DEBUG - 0 reads not considered because fully enclosed in repeat masked regions
2026-03-08 18:13:36,304 - DEBUG - Counting for batch 1569, containing 100 cells and 7782 reads
2026-03-08 18:13:36,946 - DEBUG - 0 reads not considered because fully enclosed in repeat masked regions
2026-03-08 18:13:37,508 - DEBUG - Counting for batch 1570, containing 100 cells and 7642 reads
2026-03-08 18:13:38,170 - DEBUG - 0 reads not considered because fully enclosed in repeat masked regions
2026-03-08 18:13:38,802 - DEBUG - Counting for batch 1571, containing 100 cells and 7593 reads
2026-03-08 18:13:39,421 - DEBUG - 0 reads not considered because fully enclosed in repeat masked regions
2026-03-08 18:13:39,958 - DEBUG - Counting for batch 1572, containing 100 cells and 7483 reads
2026-03-08 18:13:40,606 - DEBUG - 0 reads not considered because fully enclosed in repeat masked regions
2026-03-08 18:13:42,083 - DEBUG - Counting for batch 1573, containing 100 cells and 7382 reads
2026-03-08 18:13:42,700 - DEBUG - 0 reads not considered because fully enclosed in repeat masked regions
2026-03-08 18:13:43,202 - DEBUG - Counting for batch 1574, containing 100 cells and 7553 reads
2026-03-08 18:13:43,827 - DEBUG - 0 reads not considered because fully enclosed in repeat masked regions
2026-03-08 18:13:44,350 - DEBUG - Counting for batch 1575, containing 100 cells and 7267 reads
2026-03-08 18:13:44,968 - DEBUG - 0 reads not considered because fully enclosed in repeat masked regions
2026-03-08 18:13:45,501 - DEBUG - Counting for batch 1576, containing 100 cells and 7401 reads
2026-03-08 18:13:46,125 - DEBUG - 0 reads not considered because fully enclosed in repeat masked regions
2026-03-08 18:13:46,655 - DEBUG - Counting for batch 1577, containing 100 cells and 7775 reads
2026-03-08 18:13:47,294 - DEBUG - 0 reads not considered because fully enclosed in repeat masked regions
2026-03-08 18:13:47,848 - DEBUG - Counting for batch 1578, containing 100 cells and 7649 reads
2026-03-08 18:13:48,495 - DEBUG - 0 reads not considered because fully enclosed in repeat masked regions
2026-03-08 18:13:49,107 - DEBUG - Counting for batch 1579, containing 100 cells and 7395 reads
2026-03-08 18:13:49,736 - DEBUG - 0 reads not considered because fully enclosed in repeat masked regions
2026-03-08 18:13:50,357 - DEBUG - Counting for batch 1580, containing 100 cells and 7744 reads
2026-03-08 18:13:50,991 - DEBUG - 0 reads not considered because fully enclosed in repeat masked regions
2026-03-08 18:13:51,478 - DEBUG - Counting for batch 1581, containing 100 cells and 7707 reads
2026-03-08 18:13:52,108 - DEBUG - 0 reads not considered because fully enclosed in repeat masked regions
2026-03-08 18:13:52,658 - DEBUG - Counting for batch 1582, containing 100 cells and 7399 reads
2026-03-08 18:13:53,283 - DEBUG - 0 reads not considered because fully enclosed in repeat masked regions
2026-03-08 18:13:53,862 - DEBUG - Counting for batch 1583, containing 100 cells and 7457 reads
2026-03-08 18:13:54,484 - DEBUG - 0 reads not considered because fully enclosed in repeat masked regions
2026-03-08 18:13:55,034 - DEBUG - Counting for batch 1584, containing 100 cells and 7636 reads
2026-03-08 18:13:56,636 - DEBUG - 0 reads not considered because fully enclosed in repeat masked regions
2026-03-08 18:13:57,143 - DEBUG - Counting for batch 1585, containing 100 cells and 7745 reads
2026-03-08 18:13:57,777 - DEBUG - 0 reads not considered because fully enclosed in repeat masked regions
2026-03-08 18:13:58,336 - DEBUG - Counting for batch 1586, containing 100 cells and 7555 reads
2026-03-08 18:13:58,991 - DEBUG - 0 reads not considered because fully enclosed in repeat masked regions
2026-03-08 18:13:59,489 - DEBUG - Counting for batch 1587, containing 100 cells and 7784 reads
2026-03-08 18:14:00,123 - DEBUG - 0 reads not considered because fully enclosed in repeat masked regions
2026-03-08 18:14:00,732 - DEBUG - Counting for batch 1588, containing 100 cells and 7421 reads
2026-03-08 18:14:01,402 - DEBUG - 0 reads not considered because fully enclosed in repeat masked regions
2026-03-08 18:14:01,936 - DEBUG - Counting for batch 1589, containing 100 cells and 7705 reads
2026-03-08 18:14:02,567 - DEBUG - 0 reads not considered because fully enclosed in repeat masked regions
2026-03-08 18:14:03,134 - DEBUG - Counting for batch 1590, containing 100 cells and 7909 reads
2026-03-08 18:14:03,776 - DEBUG - 0 reads not considered because fully enclosed in repeat masked regions
2026-03-08 18:14:04,264 - DEBUG - Counting for batch 1591, containing 100 cells and 7675 reads
2026-03-08 18:14:04,931 - DEBUG - 0 reads not considered because fully enclosed in repeat masked regions
2026-03-08 18:14:05,462 - DEBUG - Counting for batch 1592, containing 100 cells and 7647 reads
2026-03-08 18:14:06,092 - DEBUG - 0 reads not considered because fully enclosed in repeat masked regions
2026-03-08 18:14:06,712 - DEBUG - Counting for batch 1593, containing 100 cells and 7773 reads
2026-03-08 18:14:07,355 - DEBUG - 0 reads not considered because fully enclosed in repeat masked regions
2026-03-08 18:14:07,968 - DEBUG - Counting for batch 1594, containing 100 cells and 7945 reads
2026-03-08 18:14:08,606 - DEBUG - 0 reads not considered because fully enclosed in repeat masked regions
2026-03-08 18:14:09,186 - DEBUG - Counting for batch 1595, containing 100 cells and 7872 reads
2026-03-08 18:14:10,806 - DEBUG - 0 reads not considered because fully enclosed in repeat masked regions
2026-03-08 18:14:11,328 - DEBUG - Counting for batch 1596, containing 100 cells and 7618 reads
2026-03-08 18:14:11,971 - DEBUG - 0 reads not considered because fully enclosed in repeat masked regions
2026-03-08 18:14:12,116 - DEBUG - Read first 310 million reads
2026-03-08 18:14:12,502 - DEBUG - Counting for batch 1597, containing 100 cells and 7896 reads
2026-03-08 18:14:13,141 - DEBUG - 0 reads not considered because fully enclosed in repeat masked regions
2026-03-08 18:14:13,645 - DEBUG - Counting for batch 1598, containing 100 cells and 7495 reads
2026-03-08 18:14:14,281 - DEBUG - 0 reads not considered because fully enclosed in repeat masked regions
2026-03-08 18:14:14,804 - DEBUG - Counting for batch 1599, containing 100 cells and 7639 reads
2026-03-08 18:14:15,423 - DEBUG - 0 reads not considered because fully enclosed in repeat masked regions
2026-03-08 18:14:15,888 - DEBUG - Counting for batch 1600, containing 100 cells and 7768 reads
2026-03-08 18:14:16,525 - DEBUG - 0 reads not considered because fully enclosed in repeat masked regions
2026-03-08 18:14:17,040 - DEBUG - Counting for batch 1601, containing 100 cells and 7707 reads
2026-03-08 18:14:17,664 - DEBUG - 0 reads not considered because fully enclosed in repeat masked regions
2026-03-08 18:14:18,301 - DEBUG - Counting for batch 1602, containing 100 cells and 7625 reads
2026-03-08 18:14:18,941 - DEBUG - 0 reads not considered because fully enclosed in repeat masked regions
2026-03-08 18:14:19,453 - DEBUG - Counting for batch 1603, containing 100 cells and 7616 reads
2026-03-08 18:14:20,099 - DEBUG - 0 reads not considered because fully enclosed in repeat masked regions
2026-03-08 18:14:20,732 - DEBUG - Counting for batch 1604, containing 100 cells and 7731 reads
2026-03-08 18:14:21,391 - DEBUG - 0 reads not considered because fully enclosed in repeat masked regions
2026-03-08 18:14:21,940 - DEBUG - Counting for batch 1605, containing 100 cells and 7916 reads
2026-03-08 18:14:22,566 - DEBUG - 0 reads not considered because fully enclosed in repeat masked regions
2026-03-08 18:14:23,059 - DEBUG - Counting for batch 1606, containing 100 cells and 7645 reads
2026-03-08 18:14:24,669 - DEBUG - 0 reads not considered because fully enclosed in repeat masked regions
2026-03-08 18:14:25,229 - DEBUG - Counting for batch 1607, containing 100 cells and 7389 reads
2026-03-08 18:14:25,852 - DEBUG - 0 reads not considered because fully enclosed in repeat masked regions
2026-03-08 18:14:26,432 - DEBUG - Counting for batch 1608, containing 100 cells and 7682 reads
2026-03-08 18:14:27,071 - DEBUG - 0 reads not considered because fully enclosed in repeat masked regions
2026-03-08 18:14:27,569 - DEBUG - Counting for batch 1609, containing 100 cells and 7770 reads
2026-03-08 18:14:28,195 - DEBUG - 0 reads not considered because fully enclosed in repeat masked regions
2026-03-08 18:14:28,702 - DEBUG - Counting for batch 1610, containing 100 cells and 7844 reads
2026-03-08 18:14:29,353 - DEBUG - 0 reads not considered because fully enclosed in repeat masked regions
2026-03-08 18:14:29,913 - DEBUG - Counting for batch 1611, containing 100 cells and 7884 reads
2026-03-08 18:14:30,537 - DEBUG - 0 reads not considered because fully enclosed in repeat masked regions
2026-03-08 18:14:31,034 - DEBUG - Counting for batch 1612, containing 100 cells and 7811 reads
2026-03-08 18:14:31,686 - DEBUG - 0 reads not considered because fully enclosed in repeat masked regions
2026-03-08 18:14:32,171 - DEBUG - Counting for batch 1613, containing 100 cells and 7699 reads
2026-03-08 18:14:32,797 - DEBUG - 0 reads not considered because fully enclosed in repeat masked regions
2026-03-08 18:14:33,389 - DEBUG - Counting for batch 1614, containing 100 cells and 7822 reads
2026-03-08 18:14:34,024 - DEBUG - 0 reads not considered because fully enclosed in repeat masked regions
2026-03-08 18:14:34,542 - DEBUG - Counting for batch 1615, containing 100 cells and 7939 reads
2026-03-08 18:14:35,172 - DEBUG - 0 reads not considered because fully enclosed in repeat masked regions
2026-03-08 18:14:35,732 - DEBUG - Counting for batch 1616, containing 100 cells and 7975 reads
2026-03-08 18:14:36,366 - DEBUG - 0 reads not considered because fully enclosed in repeat masked regions
2026-03-08 18:14:36,875 - DEBUG - Counting for batch 1617, containing 100 cells and 8144 reads
2026-03-08 18:14:38,499 - DEBUG - 0 reads not considered because fully enclosed in repeat masked regions
2026-03-08 18:14:39,025 - DEBUG - Counting for batch 1618, containing 100 cells and 7908 reads
2026-03-08 18:14:39,671 - DEBUG - 0 reads not considered because fully enclosed in repeat masked regions
2026-03-08 18:14:40,219 - DEBUG - Counting for batch 1619, containing 100 cells and 7786 reads
2026-03-08 18:14:40,870 - DEBUG - 0 reads not considered because fully enclosed in repeat masked regions
2026-03-08 18:14:41,455 - DEBUG - Counting for batch 1620, containing 100 cells and 7708 reads
2026-03-08 18:14:42,096 - DEBUG - 0 reads not considered because fully enclosed in repeat masked regions
2026-03-08 18:14:42,602 - DEBUG - Counting for batch 1621, containing 100 cells and 7815 reads
2026-03-08 18:14:43,233 - DEBUG - 0 reads not considered because fully enclosed in repeat masked regions
2026-03-08 18:14:43,799 - DEBUG - Counting for batch 1622, containing 100 cells and 7753 reads
2026-03-08 18:14:44,425 - DEBUG - 0 reads not considered because fully enclosed in repeat masked regions
2026-03-08 18:14:45,070 - DEBUG - Counting for batch 1623, containing 100 cells and 7826 reads
2026-03-08 18:14:45,704 - DEBUG - 0 reads not considered because fully enclosed in repeat masked regions
2026-03-08 18:14:46,254 - DEBUG - Counting for batch 1624, containing 100 cells and 7740 reads
2026-03-08 18:14:46,887 - DEBUG - 0 reads not considered because fully enclosed in repeat masked regions
2026-03-08 18:14:47,423 - DEBUG - Counting for batch 1625, containing 100 cells and 7813 reads
2026-03-08 18:14:48,058 - DEBUG - 0 reads not considered because fully enclosed in repeat masked regions
2026-03-08 18:14:48,630 - DEBUG - Counting for batch 1626, containing 100 cells and 7968 reads
2026-03-08 18:14:49,266 - DEBUG - 0 reads not considered because fully enclosed in repeat masked regions
2026-03-08 18:14:49,860 - DEBUG - Counting for batch 1627, containing 100 cells and 7927 reads
2026-03-08 18:14:50,538 - DEBUG - 0 reads not considered because fully enclosed in repeat masked regions
2026-03-08 18:14:51,101 - DEBUG - Counting for batch 1628, containing 100 cells and 7666 reads
2026-03-08 18:14:52,715 - DEBUG - 0 reads not considered because fully enclosed in repeat masked regions
2026-03-08 18:14:53,222 - DEBUG - Counting for batch 1629, containing 100 cells and 7471 reads
2026-03-08 18:14:53,851 - DEBUG - 0 reads not considered because fully enclosed in repeat masked regions
2026-03-08 18:14:54,433 - DEBUG - Counting for batch 1630, containing 100 cells and 7713 reads
2026-03-08 18:14:55,056 - DEBUG - 0 reads not considered because fully enclosed in repeat masked regions
2026-03-08 18:14:55,659 - DEBUG - Counting for batch 1631, containing 100 cells and 7972 reads
2026-03-08 18:14:56,304 - DEBUG - 0 reads not considered because fully enclosed in repeat masked regions
2026-03-08 18:14:56,823 - DEBUG - Counting for batch 1632, containing 100 cells and 7892 reads
2026-03-08 18:14:57,449 - DEBUG - 0 reads not considered because fully enclosed in repeat masked regions
2026-03-08 18:14:58,075 - DEBUG - Counting for batch 1633, containing 100 cells and 7623 reads
2026-03-08 18:14:58,722 - DEBUG - 0 reads not considered because fully enclosed in repeat masked regions
2026-03-08 18:14:59,325 - DEBUG - Counting for batch 1634, containing 100 cells and 7350 reads
2026-03-08 18:14:59,970 - DEBUG - 0 reads not considered because fully enclosed in repeat masked regions
2026-03-08 18:15:00,558 - DEBUG - Counting for batch 1635, containing 100 cells and 7650 reads
2026-03-08 18:15:01,180 - DEBUG - 0 reads not considered because fully enclosed in repeat masked regions
2026-03-08 18:15:01,724 - DEBUG - Counting for batch 1636, containing 100 cells and 7698 reads
2026-03-08 18:15:02,364 - DEBUG - 0 reads not considered because fully enclosed in repeat masked regions
2026-03-08 18:15:02,893 - DEBUG - Counting for batch 1637, containing 100 cells and 7792 reads
2026-03-08 18:15:03,536 - DEBUG - 0 reads not considered because fully enclosed in repeat masked regions
2026-03-08 18:15:04,032 - DEBUG - Counting for batch 1638, containing 100 cells and 7779 reads
2026-03-08 18:15:04,669 - DEBUG - 0 reads not considered because fully enclosed in repeat masked regions
2026-03-08 18:15:05,159 - DEBUG - Counting for batch 1639, containing 100 cells and 7728 reads
2026-03-08 18:15:05,815 - DEBUG - 0 reads not considered because fully enclosed in repeat masked regions
2026-03-08 18:15:07,450 - DEBUG - Counting for batch 1640, containing 100 cells and 7694 reads
2026-03-08 18:15:08,080 - DEBUG - 0 reads not considered because fully enclosed in repeat masked regions
2026-03-08 18:15:08,682 - DEBUG - Counting for batch 1641, containing 100 cells and 7990 reads
2026-03-08 18:15:09,342 - DEBUG - 0 reads not considered because fully enclosed in repeat masked regions
2026-03-08 18:15:09,843 - DEBUG - Counting for batch 1642, containing 100 cells and 7935 reads
2026-03-08 18:15:10,489 - DEBUG - 0 reads not considered because fully enclosed in repeat masked regions
2026-03-08 18:15:11,020 - DEBUG - Counting for batch 1643, containing 100 cells and 7947 reads
2026-03-08 18:15:11,680 - DEBUG - 0 reads not considered because fully enclosed in repeat masked regions
2026-03-08 18:15:12,222 - DEBUG - Counting for batch 1644, containing 100 cells and 7944 reads
2026-03-08 18:15:12,855 - DEBUG - 0 reads not considered because fully enclosed in repeat masked regions
2026-03-08 18:15:13,363 - DEBUG - Counting for batch 1645, containing 100 cells and 7615 reads
2026-03-08 18:15:14,012 - DEBUG - 0 reads not considered because fully enclosed in repeat masked regions
2026-03-08 18:15:14,653 - DEBUG - Counting for batch 1646, containing 100 cells and 8020 reads
2026-03-08 18:15:15,291 - DEBUG - 0 reads not considered because fully enclosed in repeat masked regions
2026-03-08 18:15:15,797 - DEBUG - Counting for batch 1647, containing 100 cells and 7977 reads
2026-03-08 18:15:16,447 - DEBUG - 0 reads not considered because fully enclosed in repeat masked regions
2026-03-08 18:15:16,663 - DEBUG - Read first 320 million reads
2026-03-08 18:15:16,976 - DEBUG - Counting for batch 1648, containing 100 cells and 7549 reads
2026-03-08 18:15:17,627 - DEBUG - 0 reads not considered because fully enclosed in repeat masked regions
2026-03-08 18:15:18,256 - DEBUG - Counting for batch 1649, containing 100 cells and 7404 reads
2026-03-08 18:15:18,899 - DEBUG - 0 reads not considered because fully enclosed in repeat masked regions
2026-03-08 18:15:19,372 - DEBUG - Counting for batch 1650, containing 100 cells and 7704 reads
2026-03-08 18:15:20,972 - DEBUG - 0 reads not considered because fully enclosed in repeat masked regions
2026-03-08 18:15:21,470 - DEBUG - Counting for batch 1651, containing 100 cells and 7754 reads
2026-03-08 18:15:22,094 - DEBUG - 0 reads not considered because fully enclosed in repeat masked regions
2026-03-08 18:15:22,655 - DEBUG - Counting for batch 1652, containing 100 cells and 7369 reads
2026-03-08 18:15:23,277 - DEBUG - 0 reads not considered because fully enclosed in repeat masked regions
2026-03-08 18:15:23,760 - DEBUG - Counting for batch 1653, containing 100 cells and 7710 reads
2026-03-08 18:15:24,394 - DEBUG - 0 reads not considered because fully enclosed in repeat masked regions
2026-03-08 18:15:24,996 - DEBUG - Counting for batch 1654, containing 100 cells and 7865 reads
2026-03-08 18:15:25,634 - DEBUG - 0 reads not considered because fully enclosed in repeat masked regions
2026-03-08 18:15:26,192 - DEBUG - Counting for batch 1655, containing 100 cells and 7722 reads
2026-03-08 18:15:26,840 - DEBUG - 0 reads not considered because fully enclosed in repeat masked regions
2026-03-08 18:15:27,341 - DEBUG - Counting for batch 1656, containing 100 cells and 7625 reads
2026-03-08 18:15:27,967 - DEBUG - 0 reads not considered because fully enclosed in repeat masked regions
2026-03-08 18:15:28,591 - DEBUG - Counting for batch 1657, containing 100 cells and 7744 reads
2026-03-08 18:15:29,230 - DEBUG - 0 reads not considered because fully enclosed in repeat masked regions
2026-03-08 18:15:29,823 - DEBUG - Counting for batch 1658, containing 100 cells and 8063 reads
2026-03-08 18:15:30,471 - DEBUG - 0 reads not considered because fully enclosed in repeat masked regions
2026-03-08 18:15:31,046 - DEBUG - Counting for batch 1659, containing 100 cells and 7598 reads
2026-03-08 18:15:31,676 - DEBUG - 0 reads not considered because fully enclosed in repeat masked regions
2026-03-08 18:15:32,181 - DEBUG - Counting for batch 1660, containing 100 cells and 7583 reads
2026-03-08 18:15:32,815 - DEBUG - 0 reads not considered because fully enclosed in repeat masked regions
2026-03-08 18:15:33,267 - DEBUG - Counting for batch 1661, containing 100 cells and 8078 reads
2026-03-08 18:15:34,894 - DEBUG - 0 reads not considered because fully enclosed in repeat masked regions
2026-03-08 18:15:35,361 - DEBUG - Counting for batch 1662, containing 100 cells and 7757 reads
2026-03-08 18:15:36,002 - DEBUG - 0 reads not considered because fully enclosed in repeat masked regions
2026-03-08 18:15:36,558 - DEBUG - Counting for batch 1663, containing 100 cells and 8246 reads
2026-03-08 18:15:37,197 - DEBUG - 0 reads not considered because fully enclosed in repeat masked regions
2026-03-08 18:15:37,792 - DEBUG - Counting for batch 1664, containing 100 cells and 7526 reads
2026-03-08 18:15:38,420 - DEBUG - 0 reads not considered because fully enclosed in repeat masked regions
2026-03-08 18:15:38,980 - DEBUG - Counting for batch 1665, containing 100 cells and 7948 reads
2026-03-08 18:15:39,620 - DEBUG - 0 reads not considered because fully enclosed in repeat masked regions
2026-03-08 18:15:40,173 - DEBUG - Counting for batch 1666, containing 100 cells and 7770 reads
2026-03-08 18:15:40,791 - DEBUG - 0 reads not considered because fully enclosed in repeat masked regions
2026-03-08 18:15:41,370 - DEBUG - Counting for batch 1667, containing 100 cells and 7681 reads
2026-03-08 18:15:42,003 - DEBUG - 0 reads not considered because fully enclosed in repeat masked regions
2026-03-08 18:15:42,505 - DEBUG - Counting for batch 1668, containing 100 cells and 7845 reads
2026-03-08 18:15:43,137 - DEBUG - 0 reads not considered because fully enclosed in repeat masked regions
2026-03-08 18:15:43,826 - DEBUG - Counting for batch 1669, containing 100 cells and 8172 reads
2026-03-08 18:15:44,469 - DEBUG - 0 reads not considered because fully enclosed in repeat masked regions
2026-03-08 18:15:45,064 - DEBUG - Counting for batch 1670, containing 100 cells and 7829 reads
2026-03-08 18:15:45,702 - DEBUG - 0 reads not considered because fully enclosed in repeat masked regions
2026-03-08 18:15:46,297 - DEBUG - Counting for batch 1671, containing 100 cells and 7505 reads
2026-03-08 18:15:46,917 - DEBUG - 0 reads not considered because fully enclosed in repeat masked regions
2026-03-08 18:15:47,451 - DEBUG - Counting for batch 1672, containing 100 cells and 8010 reads
2026-03-08 18:15:49,099 - DEBUG - 0 reads not considered because fully enclosed in repeat masked regions
2026-03-08 18:15:49,599 - DEBUG - Counting for batch 1673, containing 100 cells and 7417 reads
2026-03-08 18:15:50,220 - DEBUG - 0 reads not considered because fully enclosed in repeat masked regions
2026-03-08 18:15:50,730 - DEBUG - Counting for batch 1674, containing 100 cells and 7910 reads
2026-03-08 18:15:51,353 - DEBUG - 0 reads not considered because fully enclosed in repeat masked regions
2026-03-08 18:15:51,916 - DEBUG - Counting for batch 1675, containing 100 cells and 7931 reads
2026-03-08 18:15:52,567 - DEBUG - 0 reads not considered because fully enclosed in repeat masked regions
2026-03-08 18:15:53,210 - DEBUG - Counting for batch 1676, containing 100 cells and 7569 reads
2026-03-08 18:15:53,839 - DEBUG - 0 reads not considered because fully enclosed in repeat masked regions
2026-03-08 18:15:54,523 - DEBUG - Counting for batch 1677, containing 100 cells and 7587 reads
2026-03-08 18:15:55,174 - DEBUG - 0 reads not considered because fully enclosed in repeat masked regions
2026-03-08 18:15:55,710 - DEBUG - Counting for batch 1678, containing 100 cells and 7734 reads
2026-03-08 18:15:56,331 - DEBUG - 0 reads not considered because fully enclosed in repeat masked regions
2026-03-08 18:15:56,959 - DEBUG - Counting for batch 1679, containing 100 cells and 7703 reads
2026-03-08 18:15:57,594 - DEBUG - 0 reads not considered because fully enclosed in repeat masked regions
2026-03-08 18:15:58,183 - DEBUG - Counting for batch 1680, containing 100 cells and 7565 reads
2026-03-08 18:15:58,842 - DEBUG - 0 reads not considered because fully enclosed in repeat masked regions
2026-03-08 18:15:59,455 - DEBUG - Counting for batch 1681, containing 100 cells and 7603 reads
2026-03-08 18:16:00,076 - DEBUG - 0 reads not considered because fully enclosed in repeat masked regions
2026-03-08 18:16:00,655 - DEBUG - Counting for batch 1682, containing 100 cells and 7978 reads
2026-03-08 18:16:01,314 - DEBUG - 0 reads not considered because fully enclosed in repeat masked regions
2026-03-08 18:16:01,853 - DEBUG - Counting for batch 1683, containing 100 cells and 7764 reads
2026-03-08 18:16:03,472 - DEBUG - 0 reads not considered because fully enclosed in repeat masked regions
2026-03-08 18:16:04,053 - DEBUG - Counting for batch 1684, containing 100 cells and 7654 reads
2026-03-08 18:16:04,708 - DEBUG - 0 reads not considered because fully enclosed in repeat masked regions
2026-03-08 18:16:05,418 - DEBUG - Counting for batch 1685, containing 100 cells and 7295 reads
2026-03-08 18:16:06,040 - DEBUG - 0 reads not considered because fully enclosed in repeat masked regions
2026-03-08 18:16:06,533 - DEBUG - Counting for batch 1686, containing 100 cells and 7331 reads
2026-03-08 18:16:07,159 - DEBUG - 0 reads not considered because fully enclosed in repeat masked regions
2026-03-08 18:16:07,666 - DEBUG - Counting for batch 1687, containing 100 cells and 7606 reads
2026-03-08 18:16:08,306 - DEBUG - 0 reads not considered because fully enclosed in repeat masked regions
2026-03-08 18:16:08,862 - DEBUG - Counting for batch 1688, containing 100 cells and 7855 reads
2026-03-08 18:16:09,512 - DEBUG - 0 reads not considered because fully enclosed in repeat masked regions
2026-03-08 18:16:10,076 - DEBUG - Counting for batch 1689, containing 100 cells and 7685 reads
2026-03-08 18:16:10,704 - DEBUG - 0 reads not considered because fully enclosed in repeat masked regions
2026-03-08 18:16:11,314 - DEBUG - Counting for batch 1690, containing 100 cells and 7778 reads
2026-03-08 18:16:11,942 - DEBUG - 0 reads not considered because fully enclosed in repeat masked regions
2026-03-08 18:16:12,446 - DEBUG - Counting for batch 1691, containing 100 cells and 7832 reads
2026-03-08 18:16:13,084 - DEBUG - 0 reads not considered because fully enclosed in repeat masked regions
2026-03-08 18:16:13,681 - DEBUG - Counting for batch 1692, containing 100 cells and 7588 reads
2026-03-08 18:16:14,318 - DEBUG - 0 reads not considered because fully enclosed in repeat masked regions
2026-03-08 18:16:14,878 - DEBUG - Counting for batch 1693, containing 100 cells and 7869 reads
2026-03-08 18:16:15,504 - DEBUG - 0 reads not considered because fully enclosed in repeat masked regions
2026-03-08 18:16:16,026 - DEBUG - Counting for batch 1694, containing 100 cells and 7603 reads
2026-03-08 18:16:16,651 - DEBUG - 0 reads not considered because fully enclosed in repeat masked regions
2026-03-08 18:16:18,160 - DEBUG - Counting for batch 1695, containing 100 cells and 7875 reads
2026-03-08 18:16:18,798 - DEBUG - 0 reads not considered because fully enclosed in repeat masked regions
2026-03-08 18:16:19,327 - DEBUG - Counting for batch 1696, containing 100 cells and 7546 reads
2026-03-08 18:16:19,957 - DEBUG - 0 reads not considered because fully enclosed in repeat masked regions
2026-03-08 18:16:20,469 - DEBUG - Counting for batch 1697, containing 100 cells and 7428 reads
2026-03-08 18:16:21,094 - DEBUG - 0 reads not considered because fully enclosed in repeat masked regions
2026-03-08 18:16:21,365 - DEBUG - Read first 330 million reads
2026-03-08 18:16:21,576 - DEBUG - Counting for batch 1698, containing 100 cells and 7898 reads
2026-03-08 18:16:22,214 - DEBUG - 0 reads not considered because fully enclosed in repeat masked regions
2026-03-08 18:16:22,782 - DEBUG - Counting for batch 1699, containing 100 cells and 7546 reads
2026-03-08 18:16:23,433 - DEBUG - 0 reads not considered because fully enclosed in repeat masked regions
2026-03-08 18:16:23,964 - DEBUG - Counting for batch 1700, containing 100 cells and 7564 reads
2026-03-08 18:16:24,586 - DEBUG - 0 reads not considered because fully enclosed in repeat masked regions
2026-03-08 18:16:25,156 - DEBUG - Counting for batch 1701, containing 100 cells and 7485 reads
2026-03-08 18:16:25,816 - DEBUG - 0 reads not considered because fully enclosed in repeat masked regions
2026-03-08 18:16:26,361 - DEBUG - Counting for batch 1702, containing 100 cells and 7607 reads
2026-03-08 18:16:27,004 - DEBUG - 0 reads not considered because fully enclosed in repeat masked regions
2026-03-08 18:16:27,555 - DEBUG - Counting for batch 1703, containing 100 cells and 7482 reads
2026-03-08 18:16:28,210 - DEBUG - 0 reads not considered because fully enclosed in repeat masked regions
2026-03-08 18:16:28,735 - DEBUG - Counting for batch 1704, containing 100 cells and 7796 reads
2026-03-08 18:16:29,402 - DEBUG - 0 reads not considered because fully enclosed in repeat masked regions
2026-03-08 18:16:29,980 - DEBUG - Counting for batch 1705, containing 100 cells and 7881 reads
2026-03-08 18:16:30,602 - DEBUG - 0 reads not considered because fully enclosed in repeat masked regions
2026-03-08 18:16:32,061 - DEBUG - Counting for batch 1706, containing 100 cells and 7460 reads
2026-03-08 18:16:32,693 - DEBUG - 0 reads not considered because fully enclosed in repeat masked regions
2026-03-08 18:16:33,273 - DEBUG - Counting for batch 1707, containing 100 cells and 7696 reads
2026-03-08 18:16:33,915 - DEBUG - 0 reads not considered because fully enclosed in repeat masked regions
2026-03-08 18:16:34,423 - DEBUG - Counting for batch 1708, containing 100 cells and 7773 reads
2026-03-08 18:16:35,060 - DEBUG - 0 reads not considered because fully enclosed in repeat masked regions
2026-03-08 18:16:35,583 - DEBUG - Counting for batch 1709, containing 100 cells and 7942 reads
2026-03-08 18:16:36,245 - DEBUG - 0 reads not considered because fully enclosed in repeat masked regions
2026-03-08 18:16:36,805 - DEBUG - Counting for batch 1710, containing 100 cells and 7544 reads
2026-03-08 18:16:37,426 - DEBUG - 0 reads not considered because fully enclosed in repeat masked regions
2026-03-08 18:16:38,046 - DEBUG - Counting for batch 1711, containing 100 cells and 7435 reads
2026-03-08 18:16:38,693 - DEBUG - 0 reads not considered because fully enclosed in repeat masked regions
2026-03-08 18:16:39,203 - DEBUG - Counting for batch 1712, containing 100 cells and 7323 reads
2026-03-08 18:16:39,831 - DEBUG - 0 reads not considered because fully enclosed in repeat masked regions
2026-03-08 18:16:40,375 - DEBUG - Counting for batch 1713, containing 100 cells and 7496 reads
2026-03-08 18:16:41,020 - DEBUG - 0 reads not considered because fully enclosed in repeat masked regions
2026-03-08 18:16:41,536 - DEBUG - Counting for batch 1714, containing 100 cells and 7724 reads
2026-03-08 18:16:42,185 - DEBUG - 0 reads not considered because fully enclosed in repeat masked regions
2026-03-08 18:16:42,719 - DEBUG - Counting for batch 1715, containing 100 cells and 7731 reads
2026-03-08 18:16:43,346 - DEBUG - 0 reads not considered because fully enclosed in repeat masked regions
2026-03-08 18:16:43,872 - DEBUG - Counting for batch 1716, containing 100 cells and 7656 reads
2026-03-08 18:16:44,506 - DEBUG - 0 reads not considered because fully enclosed in repeat masked regions
2026-03-08 18:16:45,984 - DEBUG - Counting for batch 1717, containing 100 cells and 7899 reads
2026-03-08 18:16:46,626 - DEBUG - 0 reads not considered because fully enclosed in repeat masked regions
2026-03-08 18:16:47,157 - DEBUG - Counting for batch 1718, containing 100 cells and 7934 reads
2026-03-08 18:16:47,790 - DEBUG - 0 reads not considered because fully enclosed in repeat masked regions
2026-03-08 18:16:48,309 - DEBUG - Counting for batch 1719, containing 100 cells and 7613 reads
2026-03-08 18:16:48,933 - DEBUG - 0 reads not considered because fully enclosed in repeat masked regions
2026-03-08 18:16:49,367 - DEBUG - Counting for batch 1720, containing 100 cells and 7391 reads
2026-03-08 18:16:49,995 - DEBUG - 0 reads not considered because fully enclosed in repeat masked regions
2026-03-08 18:16:50,552 - DEBUG - Counting for batch 1721, containing 100 cells and 7445 reads
2026-03-08 18:16:51,178 - DEBUG - 0 reads not considered because fully enclosed in repeat masked regions
2026-03-08 18:16:51,705 - DEBUG - Counting for batch 1722, containing 100 cells and 7547 reads
2026-03-08 18:16:52,359 - DEBUG - 0 reads not considered because fully enclosed in repeat masked regions
2026-03-08 18:16:52,921 - DEBUG - Counting for batch 1723, containing 100 cells and 7702 reads
2026-03-08 18:16:53,539 - DEBUG - 0 reads not considered because fully enclosed in repeat masked regions
2026-03-08 18:16:54,153 - DEBUG - Counting for batch 1724, containing 100 cells and 7724 reads
2026-03-08 18:16:54,784 - DEBUG - 0 reads not considered because fully enclosed in repeat masked regions
2026-03-08 18:16:55,306 - DEBUG - Counting for batch 1725, containing 100 cells and 7373 reads
2026-03-08 18:16:55,936 - DEBUG - 0 reads not considered because fully enclosed in repeat masked regions
2026-03-08 18:16:56,525 - DEBUG - Counting for batch 1726, containing 100 cells and 7696 reads
2026-03-08 18:16:57,148 - DEBUG - 0 reads not considered because fully enclosed in repeat masked regions
2026-03-08 18:16:57,727 - DEBUG - Counting for batch 1727, containing 100 cells and 7443 reads
2026-03-08 18:16:58,350 - DEBUG - 0 reads not considered because fully enclosed in repeat masked regions
2026-03-08 18:16:59,895 - DEBUG - Counting for batch 1728, containing 100 cells and 7831 reads
2026-03-08 18:17:00,543 - DEBUG - 0 reads not considered because fully enclosed in repeat masked regions
2026-03-08 18:17:01,159 - DEBUG - Counting for batch 1729, containing 100 cells and 7711 reads
2026-03-08 18:17:01,801 - DEBUG - 0 reads not considered because fully enclosed in repeat masked regions
2026-03-08 18:17:02,338 - DEBUG - Counting for batch 1730, containing 100 cells and 7525 reads
2026-03-08 18:17:02,981 - DEBUG - 0 reads not considered because fully enclosed in repeat masked regions
2026-03-08 18:17:03,490 - DEBUG - Counting for batch 1731, containing 100 cells and 7800 reads
2026-03-08 18:17:04,139 - DEBUG - 0 reads not considered because fully enclosed in repeat masked regions
2026-03-08 18:17:04,713 - DEBUG - Counting for batch 1732, containing 100 cells and 7439 reads
2026-03-08 18:17:05,357 - DEBUG - 0 reads not considered because fully enclosed in repeat masked regions
2026-03-08 18:17:05,888 - DEBUG - Counting for batch 1733, containing 100 cells and 7140 reads
2026-03-08 18:17:06,543 - DEBUG - 0 reads not considered because fully enclosed in repeat masked regions
2026-03-08 18:17:07,116 - DEBUG - Counting for batch 1734, containing 100 cells and 7449 reads
2026-03-08 18:17:07,747 - DEBUG - 0 reads not considered because fully enclosed in repeat masked regions
2026-03-08 18:17:08,306 - DEBUG - Counting for batch 1735, containing 100 cells and 7443 reads
2026-03-08 18:17:08,946 - DEBUG - 0 reads not considered because fully enclosed in repeat masked regions
2026-03-08 18:17:09,509 - DEBUG - Counting for batch 1736, containing 100 cells and 7927 reads
2026-03-08 18:17:10,146 - DEBUG - 0 reads not considered because fully enclosed in repeat masked regions
2026-03-08 18:17:10,752 - DEBUG - Counting for batch 1737, containing 100 cells and 8023 reads
2026-03-08 18:17:11,411 - DEBUG - 0 reads not considered because fully enclosed in repeat masked regions
2026-03-08 18:17:11,948 - DEBUG - Counting for batch 1738, containing 100 cells and 7904 reads
2026-03-08 18:17:13,574 - DEBUG - 0 reads not considered because fully enclosed in repeat masked regions
2026-03-08 18:17:14,152 - DEBUG - Counting for batch 1739, containing 100 cells and 8134 reads
2026-03-08 18:17:14,792 - DEBUG - 0 reads not considered because fully enclosed in repeat masked regions
2026-03-08 18:17:15,424 - DEBUG - Counting for batch 1740, containing 100 cells and 7652 reads
2026-03-08 18:17:16,080 - DEBUG - 0 reads not considered because fully enclosed in repeat masked regions
2026-03-08 18:17:16,627 - DEBUG - Counting for batch 1741, containing 100 cells and 7655 reads
2026-03-08 18:17:17,282 - DEBUG - 0 reads not considered because fully enclosed in repeat masked regions
2026-03-08 18:17:17,801 - DEBUG - Counting for batch 1742, containing 100 cells and 7734 reads
2026-03-08 18:17:18,447 - DEBUG - 0 reads not considered because fully enclosed in repeat masked regions
2026-03-08 18:17:18,978 - DEBUG - Counting for batch 1743, containing 100 cells and 7885 reads
2026-03-08 18:17:19,623 - DEBUG - 0 reads not considered because fully enclosed in repeat masked regions
2026-03-08 18:17:20,163 - DEBUG - Counting for batch 1744, containing 100 cells and 7517 reads
2026-03-08 18:17:20,796 - DEBUG - 0 reads not considered because fully enclosed in repeat masked regions
2026-03-08 18:17:21,412 - DEBUG - Counting for batch 1745, containing 100 cells and 7845 reads
2026-03-08 18:17:22,054 - DEBUG - 0 reads not considered because fully enclosed in repeat masked regions
2026-03-08 18:17:22,658 - DEBUG - Counting for batch 1746, containing 100 cells and 7578 reads
2026-03-08 18:17:23,307 - DEBUG - 0 reads not considered because fully enclosed in repeat masked regions
2026-03-08 18:17:23,844 - DEBUG - Counting for batch 1747, containing 100 cells and 7744 reads
2026-03-08 18:17:24,501 - DEBUG - 0 reads not considered because fully enclosed in repeat masked regions
2026-03-08 18:17:24,992 - DEBUG - Counting for batch 1748, containing 100 cells and 7526 reads
2026-03-08 18:17:25,636 - DEBUG - 0 reads not considered because fully enclosed in repeat masked regions
2026-03-08 18:17:26,062 - DEBUG - Read first 340 million reads
2026-03-08 18:17:26,233 - DEBUG - Counting for batch 1749, containing 100 cells and 7319 reads
2026-03-08 18:17:27,848 - DEBUG - 0 reads not considered because fully enclosed in repeat masked regions
2026-03-08 18:17:28,351 - DEBUG - Counting for batch 1750, containing 100 cells and 8186 reads
2026-03-08 18:17:28,988 - DEBUG - 0 reads not considered because fully enclosed in repeat masked regions
2026-03-08 18:17:29,522 - DEBUG - Counting for batch 1751, containing 100 cells and 7728 reads
2026-03-08 18:17:30,183 - DEBUG - 0 reads not considered because fully enclosed in repeat masked regions
2026-03-08 18:17:30,789 - DEBUG - Counting for batch 1752, containing 100 cells and 7641 reads
2026-03-08 18:17:31,437 - DEBUG - 0 reads not considered because fully enclosed in repeat masked regions
2026-03-08 18:17:32,006 - DEBUG - Counting for batch 1753, containing 100 cells and 7581 reads
2026-03-08 18:17:32,646 - DEBUG - 0 reads not considered because fully enclosed in repeat masked regions
2026-03-08 18:17:33,139 - DEBUG - Counting for batch 1754, containing 100 cells and 7484 reads
2026-03-08 18:17:33,757 - DEBUG - 0 reads not considered because fully enclosed in repeat masked regions
2026-03-08 18:17:34,263 - DEBUG - Counting for batch 1755, containing 100 cells and 7373 reads
2026-03-08 18:17:34,889 - DEBUG - 0 reads not considered because fully enclosed in repeat masked regions
2026-03-08 18:17:35,397 - DEBUG - Counting for batch 1756, containing 100 cells and 7617 reads
2026-03-08 18:17:36,027 - DEBUG - 0 reads not considered because fully enclosed in repeat masked regions
2026-03-08 18:17:36,564 - DEBUG - Counting for batch 1757, containing 100 cells and 7928 reads
2026-03-08 18:17:37,202 - DEBUG - 0 reads not considered because fully enclosed in repeat masked regions
2026-03-08 18:17:37,766 - DEBUG - Counting for batch 1758, containing 100 cells and 7643 reads
2026-03-08 18:17:38,389 - DEBUG - 0 reads not considered because fully enclosed in repeat masked regions
2026-03-08 18:17:38,961 - DEBUG - Counting for batch 1759, containing 100 cells and 7243 reads
2026-03-08 18:17:39,579 - DEBUG - 0 reads not considered because fully enclosed in repeat masked regions
2026-03-08 18:17:40,041 - DEBUG - Counting for batch 1760, containing 100 cells and 7753 reads
2026-03-08 18:17:40,691 - DEBUG - 0 reads not considered because fully enclosed in repeat masked regions
2026-03-08 18:17:42,173 - DEBUG - Counting for batch 1761, containing 100 cells and 8028 reads
2026-03-08 18:17:42,802 - DEBUG - 0 reads not considered because fully enclosed in repeat masked regions
2026-03-08 18:17:43,327 - DEBUG - Counting for batch 1762, containing 100 cells and 7544 reads
2026-03-08 18:17:43,968 - DEBUG - 0 reads not considered because fully enclosed in repeat masked regions
2026-03-08 18:17:44,492 - DEBUG - Counting for batch 1763, containing 100 cells and 7471 reads
2026-03-08 18:17:45,121 - DEBUG - 0 reads not considered because fully enclosed in repeat masked regions
2026-03-08 18:17:45,726 - DEBUG - Counting for batch 1764, containing 100 cells and 7923 reads
2026-03-08 18:17:46,371 - DEBUG - 0 reads not considered because fully enclosed in repeat masked regions
2026-03-08 18:17:46,939 - DEBUG - Counting for batch 1765, containing 100 cells and 7568 reads
2026-03-08 18:17:47,567 - DEBUG - 0 reads not considered because fully enclosed in repeat masked regions
2026-03-08 18:17:48,120 - DEBUG - Counting for batch 1766, containing 100 cells and 7801 reads
2026-03-08 18:17:48,774 - DEBUG - 0 reads not considered because fully enclosed in repeat masked regions
2026-03-08 18:17:49,328 - DEBUG - Counting for batch 1767, containing 100 cells and 7555 reads
2026-03-08 18:17:49,952 - DEBUG - 0 reads not considered because fully enclosed in repeat masked regions
2026-03-08 18:17:50,601 - DEBUG - Counting for batch 1768, containing 100 cells and 7999 reads
2026-03-08 18:17:51,248 - DEBUG - 0 reads not considered because fully enclosed in repeat masked regions
2026-03-08 18:17:51,779 - DEBUG - Counting for batch 1769, containing 100 cells and 7875 reads
2026-03-08 18:17:52,418 - DEBUG - 0 reads not considered because fully enclosed in repeat masked regions
2026-03-08 18:17:52,892 - DEBUG - Counting for batch 1770, containing 100 cells and 7123 reads
2026-03-08 18:17:53,505 - DEBUG - 0 reads not considered because fully enclosed in repeat masked regions
2026-03-08 18:17:54,053 - DEBUG - Counting for batch 1771, containing 100 cells and 7563 reads
2026-03-08 18:17:54,672 - DEBUG - 0 reads not considered because fully enclosed in repeat masked regions
2026-03-08 18:17:55,209 - DEBUG - Counting for batch 1772, containing 100 cells and 7552 reads
2026-03-08 18:17:56,815 - DEBUG - 0 reads not considered because fully enclosed in repeat masked regions
2026-03-08 18:17:57,322 - DEBUG - Counting for batch 1773, containing 100 cells and 7698 reads
2026-03-08 18:17:57,945 - DEBUG - 0 reads not considered because fully enclosed in repeat masked regions
2026-03-08 18:17:58,471 - DEBUG - Counting for batch 1774, containing 100 cells and 7774 reads
2026-03-08 18:17:59,104 - DEBUG - 0 reads not considered because fully enclosed in repeat masked regions
2026-03-08 18:17:59,657 - DEBUG - Counting for batch 1775, containing 100 cells and 7647 reads
2026-03-08 18:18:00,283 - DEBUG - 0 reads not considered because fully enclosed in repeat masked regions
2026-03-08 18:18:00,917 - DEBUG - Counting for batch 1776, containing 100 cells and 7636 reads
2026-03-08 18:18:01,548 - DEBUG - 0 reads not considered because fully enclosed in repeat masked regions
2026-03-08 18:18:02,117 - DEBUG - Counting for batch 1777, containing 100 cells and 7640 reads
2026-03-08 18:18:02,743 - DEBUG - 0 reads not considered because fully enclosed in repeat masked regions
2026-03-08 18:18:03,244 - DEBUG - Counting for batch 1778, containing 100 cells and 7857 reads
2026-03-08 18:18:03,891 - DEBUG - 0 reads not considered because fully enclosed in repeat masked regions
2026-03-08 18:18:04,475 - DEBUG - Counting for batch 1779, containing 100 cells and 7572 reads
2026-03-08 18:18:05,116 - DEBUG - 0 reads not considered because fully enclosed in repeat masked regions
2026-03-08 18:18:05,688 - DEBUG - Counting for batch 1780, containing 100 cells and 7826 reads
2026-03-08 18:18:06,326 - DEBUG - 0 reads not considered because fully enclosed in repeat masked regions
2026-03-08 18:18:06,859 - DEBUG - Counting for batch 1781, containing 100 cells and 7589 reads
2026-03-08 18:18:07,498 - DEBUG - 0 reads not considered because fully enclosed in repeat masked regions
2026-03-08 18:18:08,014 - DEBUG - Counting for batch 1782, containing 100 cells and 7734 reads
2026-03-08 18:18:08,652 - DEBUG - 0 reads not considered because fully enclosed in repeat masked regions
2026-03-08 18:18:09,209 - DEBUG - Counting for batch 1783, containing 100 cells and 7867 reads
2026-03-08 18:18:10,833 - DEBUG - 0 reads not considered because fully enclosed in repeat masked regions
2026-03-08 18:18:11,480 - DEBUG - Counting for batch 1784, containing 100 cells and 7975 reads
2026-03-08 18:18:12,152 - DEBUG - 0 reads not considered because fully enclosed in repeat masked regions
2026-03-08 18:18:12,756 - DEBUG - Counting for batch 1785, containing 100 cells and 7375 reads
2026-03-08 18:18:13,376 - DEBUG - 0 reads not considered because fully enclosed in repeat masked regions
2026-03-08 18:18:13,901 - DEBUG - Counting for batch 1786, containing 100 cells and 7999 reads
2026-03-08 18:18:14,539 - DEBUG - 0 reads not considered because fully enclosed in repeat masked regions
2026-03-08 18:18:15,131 - DEBUG - Counting for batch 1787, containing 100 cells and 7745 reads
2026-03-08 18:18:15,780 - DEBUG - 0 reads not considered because fully enclosed in repeat masked regions
2026-03-08 18:18:16,421 - DEBUG - Counting for batch 1788, containing 100 cells and 7739 reads
2026-03-08 18:18:17,059 - DEBUG - 0 reads not considered because fully enclosed in repeat masked regions
2026-03-08 18:18:17,592 - DEBUG - Counting for batch 1789, containing 100 cells and 7709 reads
2026-03-08 18:18:18,215 - DEBUG - 0 reads not considered because fully enclosed in repeat masked regions
2026-03-08 18:18:18,864 - DEBUG - Counting for batch 1790, containing 100 cells and 8055 reads
2026-03-08 18:18:19,517 - DEBUG - 0 reads not considered because fully enclosed in repeat masked regions
2026-03-08 18:18:20,153 - DEBUG - Counting for batch 1791, containing 100 cells and 7594 reads
2026-03-08 18:18:20,798 - DEBUG - 0 reads not considered because fully enclosed in repeat masked regions
2026-03-08 18:18:21,281 - DEBUG - Counting for batch 1792, containing 100 cells and 8079 reads
2026-03-08 18:18:21,920 - DEBUG - 0 reads not considered because fully enclosed in repeat masked regions
2026-03-08 18:18:22,478 - DEBUG - Counting for batch 1793, containing 100 cells and 7734 reads
2026-03-08 18:18:23,106 - DEBUG - 0 reads not considered because fully enclosed in repeat masked regions
2026-03-08 18:18:23,753 - DEBUG - Counting for batch 1794, containing 100 cells and 7509 reads
2026-03-08 18:18:25,364 - DEBUG - 0 reads not considered because fully enclosed in repeat masked regions
2026-03-08 18:18:25,976 - DEBUG - Counting for batch 1795, containing 100 cells and 7570 reads
2026-03-08 18:18:26,622 - DEBUG - 0 reads not considered because fully enclosed in repeat masked regions
2026-03-08 18:18:27,294 - DEBUG - Counting for batch 1796, containing 100 cells and 7833 reads
2026-03-08 18:18:27,921 - DEBUG - 0 reads not considered because fully enclosed in repeat masked regions
2026-03-08 18:18:28,466 - DEBUG - Counting for batch 1797, containing 100 cells and 7484 reads
2026-03-08 18:18:29,081 - DEBUG - 0 reads not considered because fully enclosed in repeat masked regions
2026-03-08 18:18:29,622 - DEBUG - Counting for batch 1798, containing 100 cells and 7620 reads
2026-03-08 18:18:30,256 - DEBUG - 0 reads not considered because fully enclosed in repeat masked regions
2026-03-08 18:18:30,639 - DEBUG - Read first 350 million reads
2026-03-08 18:18:30,781 - DEBUG - Counting for batch 1799, containing 100 cells and 7454 reads
2026-03-08 18:18:31,416 - DEBUG - 0 reads not considered because fully enclosed in repeat masked regions
2026-03-08 18:18:31,990 - DEBUG - Counting for batch 1800, containing 100 cells and 7655 reads
2026-03-08 18:18:32,614 - DEBUG - 0 reads not considered because fully enclosed in repeat masked regions
2026-03-08 18:18:33,128 - DEBUG - Counting for batch 1801, containing 100 cells and 7678 reads
2026-03-08 18:18:33,760 - DEBUG - 0 reads not considered because fully enclosed in repeat masked regions
2026-03-08 18:18:34,348 - DEBUG - Counting for batch 1802, containing 100 cells and 7523 reads
2026-03-08 18:18:34,969 - DEBUG - 0 reads not considered because fully enclosed in repeat masked regions
2026-03-08 18:18:35,549 - DEBUG - Counting for batch 1803, containing 100 cells and 7793 reads
2026-03-08 18:18:36,172 - DEBUG - 0 reads not considered because fully enclosed in repeat masked regions
2026-03-08 18:18:36,717 - DEBUG - Counting for batch 1804, containing 100 cells and 7865 reads
2026-03-08 18:18:37,379 - DEBUG - 0 reads not considered because fully enclosed in repeat masked regions
2026-03-08 18:18:37,892 - DEBUG - Counting for batch 1805, containing 100 cells and 7489 reads
2026-03-08 18:18:39,476 - DEBUG - 0 reads not considered because fully enclosed in repeat masked regions
2026-03-08 18:18:40,072 - DEBUG - Counting for batch 1806, containing 100 cells and 7629 reads
2026-03-08 18:18:40,702 - DEBUG - 0 reads not considered because fully enclosed in repeat masked regions
2026-03-08 18:18:41,218 - DEBUG - Counting for batch 1807, containing 100 cells and 7762 reads
2026-03-08 18:18:41,853 - DEBUG - 0 reads not considered because fully enclosed in repeat masked regions
2026-03-08 18:18:42,349 - DEBUG - Counting for batch 1808, containing 100 cells and 7513 reads
2026-03-08 18:18:42,972 - DEBUG - 0 reads not considered because fully enclosed in repeat masked regions
2026-03-08 18:18:43,537 - DEBUG - Counting for batch 1809, containing 100 cells and 7612 reads
2026-03-08 18:18:44,153 - DEBUG - 0 reads not considered because fully enclosed in repeat masked regions
2026-03-08 18:18:44,740 - DEBUG - Counting for batch 1810, containing 100 cells and 7785 reads
2026-03-08 18:18:45,363 - DEBUG - 0 reads not considered because fully enclosed in repeat masked regions
2026-03-08 18:18:45,868 - DEBUG - Counting for batch 1811, containing 100 cells and 7551 reads
2026-03-08 18:18:46,480 - DEBUG - 0 reads not considered because fully enclosed in repeat masked regions
2026-03-08 18:18:47,000 - DEBUG - Counting for batch 1812, containing 100 cells and 7502 reads
2026-03-08 18:18:47,621 - DEBUG - 0 reads not considered because fully enclosed in repeat masked regions
2026-03-08 18:18:48,259 - DEBUG - Counting for batch 1813, containing 100 cells and 8193 reads
2026-03-08 18:18:48,903 - DEBUG - 0 reads not considered because fully enclosed in repeat masked regions
2026-03-08 18:18:49,427 - DEBUG - Counting for batch 1814, containing 100 cells and 7730 reads
2026-03-08 18:18:50,069 - DEBUG - 0 reads not considered because fully enclosed in repeat masked regions
2026-03-08 18:18:50,735 - DEBUG - Counting for batch 1815, containing 100 cells and 7633 reads
2026-03-08 18:18:51,371 - DEBUG - 0 reads not considered because fully enclosed in repeat masked regions
2026-03-08 18:18:51,885 - DEBUG - Counting for batch 1816, containing 100 cells and 7486 reads
2026-03-08 18:18:53,444 - DEBUG - 0 reads not considered because fully enclosed in repeat masked regions
2026-03-08 18:18:54,057 - DEBUG - Counting for batch 1817, containing 100 cells and 7775 reads
2026-03-08 18:18:54,680 - DEBUG - 0 reads not considered because fully enclosed in repeat masked regions
2026-03-08 18:18:55,182 - DEBUG - Counting for batch 1818, containing 100 cells and 7330 reads
2026-03-08 18:18:55,797 - DEBUG - 0 reads not considered because fully enclosed in repeat masked regions
2026-03-08 18:18:56,372 - DEBUG - Counting for batch 1819, containing 100 cells and 7193 reads
2026-03-08 18:18:56,996 - DEBUG - 0 reads not considered because fully enclosed in repeat masked regions
2026-03-08 18:18:57,589 - DEBUG - Counting for batch 1820, containing 100 cells and 7301 reads
2026-03-08 18:18:58,207 - DEBUG - 0 reads not considered because fully enclosed in repeat masked regions
2026-03-08 18:18:58,804 - DEBUG - Counting for batch 1821, containing 100 cells and 7518 reads
2026-03-08 18:18:59,421 - DEBUG - 0 reads not considered because fully enclosed in repeat masked regions
2026-03-08 18:19:00,020 - DEBUG - Counting for batch 1822, containing 100 cells and 7677 reads
2026-03-08 18:19:00,652 - DEBUG - 0 reads not considered because fully enclosed in repeat masked regions
2026-03-08 18:19:01,236 - DEBUG - Counting for batch 1823, containing 100 cells and 7264 reads
2026-03-08 18:19:01,846 - DEBUG - 0 reads not considered because fully enclosed in repeat masked regions
2026-03-08 18:19:02,317 - DEBUG - Counting for batch 1824, containing 100 cells and 7519 reads
2026-03-08 18:19:02,950 - DEBUG - 0 reads not considered because fully enclosed in repeat masked regions
2026-03-08 18:19:03,485 - DEBUG - Counting for batch 1825, containing 100 cells and 7194 reads
2026-03-08 18:19:04,107 - DEBUG - 0 reads not considered because fully enclosed in repeat masked regions
2026-03-08 18:19:04,613 - DEBUG - Counting for batch 1826, containing 100 cells and 7163 reads
2026-03-08 18:19:05,234 - DEBUG - 0 reads not considered because fully enclosed in repeat masked regions
2026-03-08 18:19:05,766 - DEBUG - Counting for batch 1827, containing 100 cells and 7600 reads
2026-03-08 18:19:06,385 - DEBUG - 0 reads not considered because fully enclosed in repeat masked regions
2026-03-08 18:19:06,900 - DEBUG - Counting for batch 1828, containing 100 cells and 7270 reads
2026-03-08 18:19:08,474 - DEBUG - 0 reads not considered because fully enclosed in repeat masked regions
2026-03-08 18:19:09,071 - DEBUG - Counting for batch 1829, containing 100 cells and 7139 reads
2026-03-08 18:19:09,695 - DEBUG - 0 reads not considered because fully enclosed in repeat masked regions
2026-03-08 18:19:10,273 - DEBUG - Counting for batch 1830, containing 100 cells and 7425 reads
2026-03-08 18:19:10,910 - DEBUG - 0 reads not considered because fully enclosed in repeat masked regions
2026-03-08 18:19:11,479 - DEBUG - Counting for batch 1831, containing 100 cells and 7567 reads
2026-03-08 18:19:12,116 - DEBUG - 0 reads not considered because fully enclosed in repeat masked regions
2026-03-08 18:19:12,743 - DEBUG - Counting for batch 1832, containing 100 cells and 7352 reads
2026-03-08 18:19:13,357 - DEBUG - 0 reads not considered because fully enclosed in repeat masked regions
2026-03-08 18:19:13,917 - DEBUG - Counting for batch 1833, containing 100 cells and 7511 reads
2026-03-08 18:19:14,532 - DEBUG - 0 reads not considered because fully enclosed in repeat masked regions
2026-03-08 18:19:15,123 - DEBUG - Counting for batch 1834, containing 100 cells and 7652 reads
2026-03-08 18:19:15,767 - DEBUG - 0 reads not considered because fully enclosed in repeat masked regions
2026-03-08 18:19:16,295 - DEBUG - Counting for batch 1835, containing 100 cells and 7593 reads
2026-03-08 18:19:16,931 - DEBUG - 0 reads not considered because fully enclosed in repeat masked regions
2026-03-08 18:19:17,479 - DEBUG - Counting for batch 1836, containing 100 cells and 7297 reads
2026-03-08 18:19:18,109 - DEBUG - 0 reads not considered because fully enclosed in repeat masked regions
2026-03-08 18:19:18,642 - DEBUG - Counting for batch 1837, containing 100 cells and 7402 reads
2026-03-08 18:19:19,267 - DEBUG - 0 reads not considered because fully enclosed in repeat masked regions
2026-03-08 18:19:19,883 - DEBUG - Counting for batch 1838, containing 100 cells and 7382 reads
2026-03-08 18:19:20,514 - DEBUG - 0 reads not considered because fully enclosed in repeat masked regions
2026-03-08 18:19:21,012 - DEBUG - Counting for batch 1839, containing 100 cells and 7596 reads
2026-03-08 18:19:22,607 - DEBUG - 0 reads not considered because fully enclosed in repeat masked regions
2026-03-08 18:19:23,166 - DEBUG - Counting for batch 1840, containing 100 cells and 7369 reads
2026-03-08 18:19:23,786 - DEBUG - 0 reads not considered because fully enclosed in repeat masked regions
2026-03-08 18:19:24,293 - DEBUG - Counting for batch 1841, containing 100 cells and 7501 reads
2026-03-08 18:19:24,923 - DEBUG - 0 reads not considered because fully enclosed in repeat masked regions
2026-03-08 18:19:25,448 - DEBUG - Counting for batch 1842, containing 100 cells and 7189 reads
2026-03-08 18:19:26,060 - DEBUG - 0 reads not considered because fully enclosed in repeat masked regions
2026-03-08 18:19:26,651 - DEBUG - Counting for batch 1843, containing 100 cells and 7633 reads
2026-03-08 18:19:27,273 - DEBUG - 0 reads not considered because fully enclosed in repeat masked regions
2026-03-08 18:19:27,874 - DEBUG - Counting for batch 1844, containing 100 cells and 7415 reads
2026-03-08 18:19:28,491 - DEBUG - 0 reads not considered because fully enclosed in repeat masked regions
2026-03-08 18:19:29,102 - DEBUG - Counting for batch 1845, containing 100 cells and 7359 reads
2026-03-08 18:19:29,725 - DEBUG - 0 reads not considered because fully enclosed in repeat masked regions
2026-03-08 18:19:30,337 - DEBUG - Counting for batch 1846, containing 100 cells and 7497 reads
2026-03-08 18:19:30,971 - DEBUG - 0 reads not considered because fully enclosed in repeat masked regions
2026-03-08 18:19:31,554 - DEBUG - Counting for batch 1847, containing 100 cells and 7385 reads
2026-03-08 18:19:32,174 - DEBUG - 0 reads not considered because fully enclosed in repeat masked regions
2026-03-08 18:19:32,810 - DEBUG - Counting for batch 1848, containing 100 cells and 7170 reads
2026-03-08 18:19:33,441 - DEBUG - 0 reads not considered because fully enclosed in repeat masked regions
2026-03-08 18:19:33,610 - DEBUG - Read first 360 million reads
2026-03-08 18:19:34,069 - DEBUG - Counting for batch 1849, containing 100 cells and 7289 reads
2026-03-08 18:19:34,683 - DEBUG - 0 reads not considered because fully enclosed in repeat masked regions
2026-03-08 18:19:35,247 - DEBUG - Counting for batch 1850, containing 100 cells and 7308 reads
2026-03-08 18:19:35,862 - DEBUG - 0 reads not considered because fully enclosed in repeat masked regions
2026-03-08 18:19:36,437 - DEBUG - Counting for batch 1851, containing 100 cells and 7132 reads
2026-03-08 18:19:37,989 - DEBUG - 0 reads not considered because fully enclosed in repeat masked regions
2026-03-08 18:19:38,593 - DEBUG - Counting for batch 1852, containing 100 cells and 6858 reads
2026-03-08 18:19:39,206 - DEBUG - 0 reads not considered because fully enclosed in repeat masked regions
2026-03-08 18:19:39,753 - DEBUG - Counting for batch 1853, containing 100 cells and 7588 reads
2026-03-08 18:19:40,375 - DEBUG - 0 reads not considered because fully enclosed in repeat masked regions
2026-03-08 18:19:40,905 - DEBUG - Counting for batch 1854, containing 100 cells and 7292 reads
2026-03-08 18:19:41,554 - DEBUG - 0 reads not considered because fully enclosed in repeat masked regions
2026-03-08 18:19:42,207 - DEBUG - Counting for batch 1855, containing 100 cells and 7591 reads
2026-03-08 18:19:42,855 - DEBUG - 0 reads not considered because fully enclosed in repeat masked regions
2026-03-08 18:19:43,367 - DEBUG - Counting for batch 1856, containing 100 cells and 7447 reads
2026-03-08 18:19:44,002 - DEBUG - 0 reads not considered because fully enclosed in repeat masked regions
2026-03-08 18:19:44,546 - DEBUG - Counting for batch 1857, containing 100 cells and 7486 reads
2026-03-08 18:19:45,175 - DEBUG - 0 reads not considered because fully enclosed in repeat masked regions
2026-03-08 18:19:45,804 - DEBUG - Counting for batch 1858, containing 100 cells and 7606 reads
2026-03-08 18:19:46,436 - DEBUG - 0 reads not considered because fully enclosed in repeat masked regions
2026-03-08 18:19:47,022 - DEBUG - Counting for batch 1859, containing 100 cells and 7544 reads
2026-03-08 18:19:47,648 - DEBUG - 0 reads not considered because fully enclosed in repeat masked regions
2026-03-08 18:19:48,177 - DEBUG - Counting for batch 1860, containing 100 cells and 7569 reads
2026-03-08 18:19:48,804 - DEBUG - 0 reads not considered because fully enclosed in repeat masked regions
2026-03-08 18:19:49,351 - DEBUG - Counting for batch 1861, containing 100 cells and 7338 reads
2026-03-08 18:19:49,966 - DEBUG - 0 reads not considered because fully enclosed in repeat masked regions
2026-03-08 18:19:50,585 - DEBUG - Counting for batch 1862, containing 100 cells and 7580 reads
2026-03-08 18:19:52,173 - DEBUG - 0 reads not considered because fully enclosed in repeat masked regions
2026-03-08 18:19:52,694 - DEBUG - Counting for batch 1863, containing 100 cells and 7409 reads
2026-03-08 18:19:53,321 - DEBUG - 0 reads not considered because fully enclosed in repeat masked regions
2026-03-08 18:19:53,808 - DEBUG - Counting for batch 1864, containing 100 cells and 7275 reads
2026-03-08 18:19:54,443 - DEBUG - 0 reads not considered because fully enclosed in repeat masked regions
2026-03-08 18:19:54,968 - DEBUG - Counting for batch 1865, containing 100 cells and 7291 reads
2026-03-08 18:19:55,565 - DEBUG - 0 reads not considered because fully enclosed in repeat masked regions
2026-03-08 18:19:56,137 - DEBUG - Counting for batch 1866, containing 100 cells and 7704 reads
2026-03-08 18:19:56,772 - DEBUG - 0 reads not considered because fully enclosed in repeat masked regions
2026-03-08 18:19:57,266 - DEBUG - Counting for batch 1867, containing 100 cells and 7875 reads
2026-03-08 18:19:57,910 - DEBUG - 0 reads not considered because fully enclosed in repeat masked regions
2026-03-08 18:19:58,503 - DEBUG - Counting for batch 1868, containing 100 cells and 7754 reads
2026-03-08 18:19:59,128 - DEBUG - 0 reads not considered because fully enclosed in repeat masked regions
2026-03-08 18:19:59,743 - DEBUG - Counting for batch 1869, containing 100 cells and 7065 reads
2026-03-08 18:20:00,356 - DEBUG - 0 reads not considered because fully enclosed in repeat masked regions
2026-03-08 18:20:00,888 - DEBUG - Counting for batch 1870, containing 100 cells and 7569 reads
2026-03-08 18:20:01,518 - DEBUG - 0 reads not considered because fully enclosed in repeat masked regions
2026-03-08 18:20:02,100 - DEBUG - Counting for batch 1871, containing 100 cells and 7589 reads
2026-03-08 18:20:02,723 - DEBUG - 0 reads not considered because fully enclosed in repeat masked regions
2026-03-08 18:20:03,276 - DEBUG - Counting for batch 1872, containing 100 cells and 7818 reads
2026-03-08 18:20:03,917 - DEBUG - 0 reads not considered because fully enclosed in repeat masked regions
2026-03-08 18:20:04,486 - DEBUG - Counting for batch 1873, containing 100 cells and 7560 reads
2026-03-08 18:20:06,068 - DEBUG - 0 reads not considered because fully enclosed in repeat masked regions
2026-03-08 18:20:06,684 - DEBUG - Counting for batch 1874, containing 100 cells and 7230 reads
2026-03-08 18:20:07,305 - DEBUG - 0 reads not considered because fully enclosed in repeat masked regions
2026-03-08 18:20:07,824 - DEBUG - Counting for batch 1875, containing 100 cells and 7617 reads
2026-03-08 18:20:08,446 - DEBUG - 0 reads not considered because fully enclosed in repeat masked regions
2026-03-08 18:20:09,033 - DEBUG - Counting for batch 1876, containing 100 cells and 7629 reads
2026-03-08 18:20:09,655 - DEBUG - 0 reads not considered because fully enclosed in repeat masked regions
2026-03-08 18:20:10,126 - DEBUG - Counting for batch 1877, containing 100 cells and 7284 reads
2026-03-08 18:20:10,739 - DEBUG - 0 reads not considered because fully enclosed in repeat masked regions
2026-03-08 18:20:11,241 - DEBUG - Counting for batch 1878, containing 100 cells and 7767 reads
2026-03-08 18:20:11,876 - DEBUG - 0 reads not considered because fully enclosed in repeat masked regions
2026-03-08 18:20:12,348 - DEBUG - Counting for batch 1879, containing 100 cells and 7493 reads
2026-03-08 18:20:12,991 - DEBUG - 0 reads not considered because fully enclosed in repeat masked regions
2026-03-08 18:20:13,582 - DEBUG - Counting for batch 1880, containing 100 cells and 7553 reads
2026-03-08 18:20:14,208 - DEBUG - 0 reads not considered because fully enclosed in repeat masked regions
2026-03-08 18:20:14,732 - DEBUG - Counting for batch 1881, containing 100 cells and 7905 reads
2026-03-08 18:20:15,361 - DEBUG - 0 reads not considered because fully enclosed in repeat masked regions
2026-03-08 18:20:15,910 - DEBUG - Counting for batch 1882, containing 100 cells and 7578 reads
2026-03-08 18:20:16,540 - DEBUG - 0 reads not considered because fully enclosed in repeat masked regions
2026-03-08 18:20:17,055 - DEBUG - Counting for batch 1883, containing 100 cells and 7829 reads
2026-03-08 18:20:17,679 - DEBUG - 0 reads not considered because fully enclosed in repeat masked regions
2026-03-08 18:20:18,188 - DEBUG - Counting for batch 1884, containing 100 cells and 7529 reads
2026-03-08 18:20:19,751 - DEBUG - 0 reads not considered because fully enclosed in repeat masked regions
2026-03-08 18:20:20,292 - DEBUG - Counting for batch 1885, containing 100 cells and 7462 reads
2026-03-08 18:20:20,924 - DEBUG - 0 reads not considered because fully enclosed in repeat masked regions
2026-03-08 18:20:21,552 - DEBUG - Counting for batch 1886, containing 100 cells and 7437 reads
2026-03-08 18:20:22,165 - DEBUG - 0 reads not considered because fully enclosed in repeat masked regions
2026-03-08 18:20:22,752 - DEBUG - Counting for batch 1887, containing 100 cells and 7833 reads
2026-03-08 18:20:23,387 - DEBUG - 0 reads not considered because fully enclosed in repeat masked regions
2026-03-08 18:20:23,921 - DEBUG - Counting for batch 1888, containing 100 cells and 7477 reads
2026-03-08 18:20:24,543 - DEBUG - 0 reads not considered because fully enclosed in repeat masked regions
2026-03-08 18:20:25,075 - DEBUG - Counting for batch 1889, containing 100 cells and 7852 reads
2026-03-08 18:20:25,689 - DEBUG - 0 reads not considered because fully enclosed in repeat masked regions
2026-03-08 18:20:26,215 - DEBUG - Counting for batch 1890, containing 100 cells and 7573 reads
2026-03-08 18:20:26,858 - DEBUG - 0 reads not considered because fully enclosed in repeat masked regions
2026-03-08 18:20:27,369 - DEBUG - Counting for batch 1891, containing 100 cells and 7551 reads
2026-03-08 18:20:27,994 - DEBUG - 0 reads not considered because fully enclosed in repeat masked regions
2026-03-08 18:20:28,520 - DEBUG - Counting for batch 1892, containing 100 cells and 7121 reads
2026-03-08 18:20:29,136 - DEBUG - 0 reads not considered because fully enclosed in repeat masked regions
2026-03-08 18:20:29,672 - DEBUG - Counting for batch 1893, containing 100 cells and 7659 reads
2026-03-08 18:20:30,317 - DEBUG - 0 reads not considered because fully enclosed in repeat masked regions
2026-03-08 18:20:30,885 - DEBUG - Counting for batch 1894, containing 100 cells and 7188 reads
2026-03-08 18:20:31,497 - DEBUG - 0 reads not considered because fully enclosed in repeat masked regions
2026-03-08 18:20:32,048 - DEBUG - Counting for batch 1895, containing 100 cells and 7424 reads
2026-03-08 18:20:32,676 - DEBUG - 0 reads not considered because fully enclosed in repeat masked regions
2026-03-08 18:20:33,175 - DEBUG - Counting for batch 1896, containing 100 cells and 7458 reads
2026-03-08 18:20:34,730 - DEBUG - 0 reads not considered because fully enclosed in repeat masked regions
2026-03-08 18:20:35,187 - DEBUG - Counting for batch 1897, containing 100 cells and 7750 reads
2026-03-08 18:20:35,809 - DEBUG - 0 reads not considered because fully enclosed in repeat masked regions
2026-03-08 18:20:36,434 - DEBUG - Counting for batch 1898, containing 100 cells and 7496 reads
2026-03-08 18:20:37,073 - DEBUG - 0 reads not considered because fully enclosed in repeat masked regions
2026-03-08 18:20:37,521 - DEBUG - Read first 370 million reads
2026-03-08 18:20:37,676 - DEBUG - Counting for batch 1899, containing 100 cells and 7715 reads
2026-03-08 18:20:38,310 - DEBUG - 0 reads not considered because fully enclosed in repeat masked regions
2026-03-08 18:20:38,911 - DEBUG - Counting for batch 1900, containing 100 cells and 7597 reads
2026-03-08 18:20:39,555 - DEBUG - 0 reads not considered because fully enclosed in repeat masked regions
2026-03-08 18:20:40,080 - DEBUG - Counting for batch 1901, containing 100 cells and 7755 reads
2026-03-08 18:20:40,698 - DEBUG - 0 reads not considered because fully enclosed in repeat masked regions
2026-03-08 18:20:41,206 - DEBUG - Counting for batch 1902, containing 100 cells and 7986 reads
2026-03-08 18:20:41,833 - DEBUG - 0 reads not considered because fully enclosed in repeat masked regions
2026-03-08 18:20:42,333 - DEBUG - Counting for batch 1903, containing 100 cells and 7501 reads
2026-03-08 18:20:42,958 - DEBUG - 0 reads not considered because fully enclosed in repeat masked regions
2026-03-08 18:20:43,461 - DEBUG - Counting for batch 1904, containing 100 cells and 7452 reads
2026-03-08 18:20:44,075 - DEBUG - 0 reads not considered because fully enclosed in repeat masked regions
2026-03-08 18:20:44,586 - DEBUG - Counting for batch 1905, containing 100 cells and 7451 reads
2026-03-08 18:20:45,212 - DEBUG - 0 reads not considered because fully enclosed in repeat masked regions
2026-03-08 18:20:45,826 - DEBUG - Counting for batch 1906, containing 100 cells and 7803 reads
2026-03-08 18:20:46,440 - DEBUG - 0 reads not considered because fully enclosed in repeat masked regions
2026-03-08 18:20:46,975 - DEBUG - Counting for batch 1907, containing 100 cells and 7740 reads
2026-03-08 18:20:48,549 - DEBUG - 0 reads not considered because fully enclosed in repeat masked regions
2026-03-08 18:20:49,006 - DEBUG - Counting for batch 1908, containing 100 cells and 7525 reads
2026-03-08 18:20:49,619 - DEBUG - 0 reads not considered because fully enclosed in repeat masked regions
2026-03-08 18:20:50,115 - DEBUG - Counting for batch 1909, containing 100 cells and 7487 reads
2026-03-08 18:20:50,737 - DEBUG - 0 reads not considered because fully enclosed in repeat masked regions
2026-03-08 18:20:51,235 - DEBUG - Counting for batch 1910, containing 100 cells and 7160 reads
2026-03-08 18:20:51,849 - DEBUG - 0 reads not considered because fully enclosed in repeat masked regions
2026-03-08 18:20:52,387 - DEBUG - Counting for batch 1911, containing 100 cells and 7857 reads
2026-03-08 18:20:53,027 - DEBUG - 0 reads not considered because fully enclosed in repeat masked regions
2026-03-08 18:20:53,584 - DEBUG - Counting for batch 1912, containing 100 cells and 7323 reads
2026-03-08 18:20:54,216 - DEBUG - 0 reads not considered because fully enclosed in repeat masked regions
2026-03-08 18:20:54,815 - DEBUG - Counting for batch 1913, containing 100 cells and 7488 reads
2026-03-08 18:20:55,431 - DEBUG - 0 reads not considered because fully enclosed in repeat masked regions
2026-03-08 18:20:56,006 - DEBUG - Counting for batch 1914, containing 100 cells and 7141 reads
2026-03-08 18:20:56,638 - DEBUG - 0 reads not considered because fully enclosed in repeat masked regions
2026-03-08 18:20:57,251 - DEBUG - Counting for batch 1915, containing 100 cells and 7964 reads
2026-03-08 18:20:57,895 - DEBUG - 0 reads not considered because fully enclosed in repeat masked regions
2026-03-08 18:20:58,451 - DEBUG - Counting for batch 1916, containing 100 cells and 7716 reads
2026-03-08 18:20:59,102 - DEBUG - 0 reads not considered because fully enclosed in repeat masked regions
2026-03-08 18:20:59,701 - DEBUG - Counting for batch 1917, containing 100 cells and 7444 reads
2026-03-08 18:21:00,356 - DEBUG - 0 reads not considered because fully enclosed in repeat masked regions
2026-03-08 18:21:00,892 - DEBUG - Counting for batch 1918, containing 100 cells and 7761 reads
2026-03-08 18:21:02,463 - DEBUG - 0 reads not considered because fully enclosed in repeat masked regions
2026-03-08 18:21:02,977 - DEBUG - Counting for batch 1919, containing 100 cells and 7615 reads
2026-03-08 18:21:03,601 - DEBUG - 0 reads not considered because fully enclosed in repeat masked regions
2026-03-08 18:21:04,153 - DEBUG - Counting for batch 1920, containing 100 cells and 7653 reads
2026-03-08 18:21:04,783 - DEBUG - 0 reads not considered because fully enclosed in repeat masked regions
2026-03-08 18:21:05,293 - DEBUG - Counting for batch 1921, containing 100 cells and 7934 reads
2026-03-08 18:21:05,928 - DEBUG - 0 reads not considered because fully enclosed in repeat masked regions
2026-03-08 18:21:06,402 - DEBUG - Counting for batch 1922, containing 100 cells and 7737 reads
2026-03-08 18:21:07,040 - DEBUG - 0 reads not considered because fully enclosed in repeat masked regions
2026-03-08 18:21:07,617 - DEBUG - Counting for batch 1923, containing 100 cells and 8102 reads
2026-03-08 18:21:08,268 - DEBUG - 0 reads not considered because fully enclosed in repeat masked regions
2026-03-08 18:21:08,787 - DEBUG - Counting for batch 1924, containing 100 cells and 7553 reads
2026-03-08 18:21:09,432 - DEBUG - 0 reads not considered because fully enclosed in repeat masked regions
2026-03-08 18:21:09,991 - DEBUG - Counting for batch 1925, containing 100 cells and 8213 reads
2026-03-08 18:21:10,645 - DEBUG - 0 reads not considered because fully enclosed in repeat masked regions
2026-03-08 18:21:11,185 - DEBUG - Counting for batch 1926, containing 100 cells and 7853 reads
2026-03-08 18:21:11,834 - DEBUG - 0 reads not considered because fully enclosed in repeat masked regions
2026-03-08 18:21:12,359 - DEBUG - Counting for batch 1927, containing 100 cells and 7716 reads
2026-03-08 18:21:12,974 - DEBUG - 0 reads not considered because fully enclosed in repeat masked regions
2026-03-08 18:21:13,532 - DEBUG - Counting for batch 1928, containing 100 cells and 7650 reads
2026-03-08 18:21:15,108 - DEBUG - 0 reads not considered because fully enclosed in repeat masked regions
2026-03-08 18:21:15,595 - DEBUG - Counting for batch 1929, containing 100 cells and 7988 reads
2026-03-08 18:21:16,213 - DEBUG - 0 reads not considered because fully enclosed in repeat masked regions
2026-03-08 18:21:16,847 - DEBUG - Counting for batch 1930, containing 100 cells and 7965 reads
2026-03-08 18:21:17,486 - DEBUG - 0 reads not considered because fully enclosed in repeat masked regions
2026-03-08 18:21:18,114 - DEBUG - Counting for batch 1931, containing 100 cells and 7877 reads
2026-03-08 18:21:18,740 - DEBUG - 0 reads not considered because fully enclosed in repeat masked regions
2026-03-08 18:21:19,270 - DEBUG - Counting for batch 1932, containing 100 cells and 7716 reads
2026-03-08 18:21:19,910 - DEBUG - 0 reads not considered because fully enclosed in repeat masked regions
2026-03-08 18:21:20,453 - DEBUG - Counting for batch 1933, containing 100 cells and 7795 reads
2026-03-08 18:21:21,087 - DEBUG - 0 reads not considered because fully enclosed in repeat masked regions
2026-03-08 18:21:21,625 - DEBUG - Counting for batch 1934, containing 100 cells and 7706 reads
2026-03-08 18:21:22,273 - DEBUG - 0 reads not considered because fully enclosed in repeat masked regions
2026-03-08 18:21:22,818 - DEBUG - Counting for batch 1935, containing 100 cells and 7652 reads
2026-03-08 18:21:23,441 - DEBUG - 0 reads not considered because fully enclosed in repeat masked regions
2026-03-08 18:21:23,869 - DEBUG - Counting for batch 1936, containing 100 cells and 7703 reads
2026-03-08 18:21:24,502 - DEBUG - 0 reads not considered because fully enclosed in repeat masked regions
2026-03-08 18:21:25,003 - DEBUG - Counting for batch 1937, containing 100 cells and 7907 reads
2026-03-08 18:21:25,640 - DEBUG - 0 reads not considered because fully enclosed in repeat masked regions
2026-03-08 18:21:26,143 - DEBUG - Counting for batch 1938, containing 100 cells and 7559 reads
2026-03-08 18:21:26,768 - DEBUG - 0 reads not considered because fully enclosed in repeat masked regions
2026-03-08 18:21:27,320 - DEBUG - Counting for batch 1939, containing 100 cells and 7824 reads
2026-03-08 18:21:28,897 - DEBUG - 0 reads not considered because fully enclosed in repeat masked regions
2026-03-08 18:21:29,356 - DEBUG - Counting for batch 1940, containing 100 cells and 7826 reads
2026-03-08 18:21:29,975 - DEBUG - 0 reads not considered because fully enclosed in repeat masked regions
2026-03-08 18:21:30,533 - DEBUG - Counting for batch 1941, containing 100 cells and 7469 reads
2026-03-08 18:21:31,158 - DEBUG - 0 reads not considered because fully enclosed in repeat masked regions
2026-03-08 18:21:31,724 - DEBUG - Counting for batch 1942, containing 100 cells and 7606 reads
2026-03-08 18:21:32,358 - DEBUG - 0 reads not considered because fully enclosed in repeat masked regions
2026-03-08 18:21:32,854 - DEBUG - Counting for batch 1943, containing 100 cells and 7561 reads
2026-03-08 18:21:33,489 - DEBUG - 0 reads not considered because fully enclosed in repeat masked regions
2026-03-08 18:21:34,066 - DEBUG - Counting for batch 1944, containing 100 cells and 7823 reads
2026-03-08 18:21:34,690 - DEBUG - 0 reads not considered because fully enclosed in repeat masked regions
2026-03-08 18:21:35,204 - DEBUG - Counting for batch 1945, containing 100 cells and 7698 reads
2026-03-08 18:21:35,834 - DEBUG - 0 reads not considered because fully enclosed in repeat masked regions
2026-03-08 18:21:36,473 - DEBUG - Counting for batch 1946, containing 100 cells and 7672 reads
2026-03-08 18:21:37,099 - DEBUG - 0 reads not considered because fully enclosed in repeat masked regions
2026-03-08 18:21:37,626 - DEBUG - Counting for batch 1947, containing 100 cells and 7448 reads
2026-03-08 18:21:38,257 - DEBUG - 0 reads not considered because fully enclosed in repeat masked regions
2026-03-08 18:21:38,793 - DEBUG - Counting for batch 1948, containing 100 cells and 7331 reads
2026-03-08 18:21:39,425 - DEBUG - 0 reads not considered because fully enclosed in repeat masked regions
2026-03-08 18:21:39,969 - DEBUG - Counting for batch 1949, containing 100 cells and 7301 reads
2026-03-08 18:21:40,602 - DEBUG - 0 reads not considered because fully enclosed in repeat masked regions
2026-03-08 18:21:41,169 - DEBUG - Counting for batch 1950, containing 100 cells and 7693 reads
2026-03-08 18:21:41,809 - DEBUG - 0 reads not considered because fully enclosed in repeat masked regions
2026-03-08 18:21:43,025 - DEBUG - Read first 380 million reads
2026-03-08 18:21:43,341 - DEBUG - Counting for batch 1951, containing 100 cells and 7631 reads
2026-03-08 18:21:43,978 - DEBUG - 0 reads not considered because fully enclosed in repeat masked regions
2026-03-08 18:21:44,509 - DEBUG - Counting for batch 1952, containing 100 cells and 7756 reads
2026-03-08 18:21:45,158 - DEBUG - 0 reads not considered because fully enclosed in repeat masked regions
2026-03-08 18:21:45,791 - DEBUG - Counting for batch 1953, containing 100 cells and 7699 reads
2026-03-08 18:21:46,419 - DEBUG - 0 reads not considered because fully enclosed in repeat masked regions
2026-03-08 18:21:46,921 - DEBUG - Counting for batch 1954, containing 100 cells and 7648 reads
2026-03-08 18:21:47,550 - DEBUG - 0 reads not considered because fully enclosed in repeat masked regions
2026-03-08 18:21:48,200 - DEBUG - Counting for batch 1955, containing 100 cells and 7438 reads
2026-03-08 18:21:48,827 - DEBUG - 0 reads not considered because fully enclosed in repeat masked regions
2026-03-08 18:21:49,353 - DEBUG - Counting for batch 1956, containing 100 cells and 7775 reads
2026-03-08 18:21:50,018 - DEBUG - 0 reads not considered because fully enclosed in repeat masked regions
2026-03-08 18:21:50,589 - DEBUG - Counting for batch 1957, containing 100 cells and 7466 reads
2026-03-08 18:21:51,235 - DEBUG - 0 reads not considered because fully enclosed in repeat masked regions
2026-03-08 18:21:51,804 - DEBUG - Counting for batch 1958, containing 100 cells and 7568 reads
2026-03-08 18:21:52,456 - DEBUG - 0 reads not considered because fully enclosed in repeat masked regions
2026-03-08 18:21:52,989 - DEBUG - Counting for batch 1959, containing 100 cells and 7977 reads
2026-03-08 18:21:53,634 - DEBUG - 0 reads not considered because fully enclosed in repeat masked regions
2026-03-08 18:21:54,227 - DEBUG - Counting for batch 1960, containing 100 cells and 8028 reads
2026-03-08 18:21:54,850 - DEBUG - 0 reads not considered because fully enclosed in repeat masked regions
2026-03-08 18:21:55,362 - DEBUG - Counting for batch 1961, containing 100 cells and 7534 reads
2026-03-08 18:21:56,957 - DEBUG - 0 reads not considered because fully enclosed in repeat masked regions
2026-03-08 18:21:57,526 - DEBUG - Counting for batch 1962, containing 100 cells and 7579 reads
2026-03-08 18:21:58,155 - DEBUG - 0 reads not considered because fully enclosed in repeat masked regions
2026-03-08 18:21:58,770 - DEBUG - Counting for batch 1963, containing 100 cells and 7562 reads
2026-03-08 18:21:59,397 - DEBUG - 0 reads not considered because fully enclosed in repeat masked regions
2026-03-08 18:21:59,903 - DEBUG - Counting for batch 1964, containing 100 cells and 7603 reads
2026-03-08 18:22:00,570 - DEBUG - 0 reads not considered because fully enclosed in repeat masked regions
2026-03-08 18:22:01,197 - DEBUG - Counting for batch 1965, containing 100 cells and 7899 reads
2026-03-08 18:22:01,818 - DEBUG - 0 reads not considered because fully enclosed in repeat masked regions
2026-03-08 18:22:02,332 - DEBUG - Counting for batch 1966, containing 100 cells and 7514 reads
2026-03-08 18:22:02,958 - DEBUG - 0 reads not considered because fully enclosed in repeat masked regions
2026-03-08 18:22:03,539 - DEBUG - Counting for batch 1967, containing 100 cells and 7507 reads
2026-03-08 18:22:04,163 - DEBUG - 0 reads not considered because fully enclosed in repeat masked regions
2026-03-08 18:22:04,688 - DEBUG - Counting for batch 1968, containing 100 cells and 7801 reads
2026-03-08 18:22:05,331 - DEBUG - 0 reads not considered because fully enclosed in repeat masked regions
2026-03-08 18:22:05,924 - DEBUG - Counting for batch 1969, containing 100 cells and 7764 reads
2026-03-08 18:22:06,546 - DEBUG - 0 reads not considered because fully enclosed in repeat masked regions
2026-03-08 18:22:07,129 - DEBUG - Counting for batch 1970, containing 100 cells and 7886 reads
2026-03-08 18:22:07,765 - DEBUG - 0 reads not considered because fully enclosed in repeat masked regions
2026-03-08 18:22:08,331 - DEBUG - Counting for batch 1971, containing 100 cells and 7737 reads
2026-03-08 18:22:08,959 - DEBUG - 0 reads not considered because fully enclosed in repeat masked regions
2026-03-08 18:22:09,502 - DEBUG - Counting for batch 1972, containing 100 cells and 7449 reads
2026-03-08 18:22:10,130 - DEBUG - 0 reads not considered because fully enclosed in repeat masked regions
2026-03-08 18:22:11,627 - DEBUG - Counting for batch 1973, containing 100 cells and 7206 reads
2026-03-08 18:22:12,254 - DEBUG - 0 reads not considered because fully enclosed in repeat masked regions
2026-03-08 18:22:12,762 - DEBUG - Counting for batch 1974, containing 100 cells and 7493 reads
2026-03-08 18:22:13,403 - DEBUG - 0 reads not considered because fully enclosed in repeat masked regions
2026-03-08 18:22:13,900 - DEBUG - Counting for batch 1975, containing 100 cells and 7640 reads
2026-03-08 18:22:14,517 - DEBUG - 0 reads not considered because fully enclosed in repeat masked regions
2026-03-08 18:22:15,107 - DEBUG - Counting for batch 1976, containing 100 cells and 7966 reads
2026-03-08 18:22:15,729 - DEBUG - 0 reads not considered because fully enclosed in repeat masked regions
2026-03-08 18:22:16,322 - DEBUG - Counting for batch 1977, containing 100 cells and 7527 reads
2026-03-08 18:22:16,971 - DEBUG - 0 reads not considered because fully enclosed in repeat masked regions
2026-03-08 18:22:17,519 - DEBUG - Counting for batch 1978, containing 100 cells and 7612 reads
2026-03-08 18:22:18,164 - DEBUG - 0 reads not considered because fully enclosed in repeat masked regions
2026-03-08 18:22:18,717 - DEBUG - Counting for batch 1979, containing 100 cells and 7406 reads
2026-03-08 18:22:19,347 - DEBUG - 0 reads not considered because fully enclosed in repeat masked regions
2026-03-08 18:22:19,908 - DEBUG - Counting for batch 1980, containing 100 cells and 7276 reads
2026-03-08 18:22:20,542 - DEBUG - 0 reads not considered because fully enclosed in repeat masked regions
2026-03-08 18:22:21,075 - DEBUG - Counting for batch 1981, containing 100 cells and 7105 reads
2026-03-08 18:22:21,680 - DEBUG - 0 reads not considered because fully enclosed in repeat masked regions
2026-03-08 18:22:22,201 - DEBUG - Counting for batch 1982, containing 100 cells and 7611 reads
2026-03-08 18:22:22,814 - DEBUG - 0 reads not considered because fully enclosed in repeat masked regions
2026-03-08 18:22:23,391 - DEBUG - Counting for batch 1983, containing 100 cells and 7637 reads
2026-03-08 18:22:24,010 - DEBUG - 0 reads not considered because fully enclosed in repeat masked regions
2026-03-08 18:22:24,525 - DEBUG - Counting for batch 1984, containing 100 cells and 7206 reads
2026-03-08 18:22:26,083 - DEBUG - 0 reads not considered because fully enclosed in repeat masked regions
2026-03-08 18:22:26,652 - DEBUG - Counting for batch 1985, containing 100 cells and 7390 reads
2026-03-08 18:22:27,268 - DEBUG - 0 reads not considered because fully enclosed in repeat masked regions
2026-03-08 18:22:27,881 - DEBUG - Counting for batch 1986, containing 100 cells and 7741 reads
2026-03-08 18:22:28,510 - DEBUG - 0 reads not considered because fully enclosed in repeat masked regions
2026-03-08 18:22:29,118 - DEBUG - Counting for batch 1987, containing 100 cells and 7396 reads
2026-03-08 18:22:29,736 - DEBUG - 0 reads not considered because fully enclosed in repeat masked regions
2026-03-08 18:22:30,289 - DEBUG - Counting for batch 1988, containing 100 cells and 7165 reads
2026-03-08 18:22:30,910 - DEBUG - 0 reads not considered because fully enclosed in repeat masked regions
2026-03-08 18:22:31,488 - DEBUG - Counting for batch 1989, containing 100 cells and 7390 reads
2026-03-08 18:22:32,132 - DEBUG - 0 reads not considered because fully enclosed in repeat masked regions
2026-03-08 18:22:32,756 - DEBUG - Counting for batch 1990, containing 100 cells and 7477 reads
2026-03-08 18:22:33,385 - DEBUG - 0 reads not considered because fully enclosed in repeat masked regions
2026-03-08 18:22:33,961 - DEBUG - Counting for batch 1991, containing 100 cells and 7809 reads
2026-03-08 18:22:34,610 - DEBUG - 0 reads not considered because fully enclosed in repeat masked regions
2026-03-08 18:22:35,189 - DEBUG - Counting for batch 1992, containing 100 cells and 7293 reads
2026-03-08 18:22:35,805 - DEBUG - 0 reads not considered because fully enclosed in repeat masked regions
2026-03-08 18:22:36,335 - DEBUG - Counting for batch 1993, containing 100 cells and 7718 reads
2026-03-08 18:22:36,966 - DEBUG - 0 reads not considered because fully enclosed in repeat masked regions
2026-03-08 18:22:37,597 - DEBUG - Counting for batch 1994, containing 100 cells and 7445 reads
2026-03-08 18:22:38,222 - DEBUG - 0 reads not considered because fully enclosed in repeat masked regions
2026-03-08 18:22:38,793 - DEBUG - Counting for batch 1995, containing 100 cells and 7655 reads
2026-03-08 18:22:40,367 - DEBUG - 0 reads not considered because fully enclosed in repeat masked regions
2026-03-08 18:22:40,972 - DEBUG - Counting for batch 1996, containing 100 cells and 7694 reads
2026-03-08 18:22:41,608 - DEBUG - 0 reads not considered because fully enclosed in repeat masked regions
2026-03-08 18:22:42,216 - DEBUG - Counting for batch 1997, containing 100 cells and 7658 reads
2026-03-08 18:22:42,861 - DEBUG - 0 reads not considered because fully enclosed in repeat masked regions
2026-03-08 18:22:43,360 - DEBUG - Counting for batch 1998, containing 100 cells and 7552 reads
2026-03-08 18:22:43,977 - DEBUG - 0 reads not considered because fully enclosed in repeat masked regions
2026-03-08 18:22:44,526 - DEBUG - Counting for batch 1999, containing 100 cells and 7336 reads
2026-03-08 18:22:45,145 - DEBUG - 0 reads not considered because fully enclosed in repeat masked regions
2026-03-08 18:22:45,630 - DEBUG - Read first 390 million reads
2026-03-08 18:22:45,637 - DEBUG - Counting for batch 2000, containing 100 cells and 7916 reads
2026-03-08 18:22:46,255 - DEBUG - 0 reads not considered because fully enclosed in repeat masked regions
2026-03-08 18:22:46,823 - DEBUG - Counting for batch 2001, containing 100 cells and 7404 reads
2026-03-08 18:22:47,451 - DEBUG - 0 reads not considered because fully enclosed in repeat masked regions
2026-03-08 18:22:47,935 - DEBUG - Counting for batch 2002, containing 100 cells and 7744 reads
2026-03-08 18:22:48,553 - DEBUG - 0 reads not considered because fully enclosed in repeat masked regions
2026-03-08 18:22:49,101 - DEBUG - Counting for batch 2003, containing 100 cells and 7469 reads
2026-03-08 18:22:49,735 - DEBUG - 0 reads not considered because fully enclosed in repeat masked regions
2026-03-08 18:22:50,326 - DEBUG - Counting for batch 2004, containing 100 cells and 7460 reads
2026-03-08 18:22:50,943 - DEBUG - 0 reads not considered because fully enclosed in repeat masked regions
2026-03-08 18:22:51,413 - DEBUG - Counting for batch 2005, containing 100 cells and 7240 reads
2026-03-08 18:22:52,046 - DEBUG - 0 reads not considered because fully enclosed in repeat masked regions
2026-03-08 18:22:52,622 - DEBUG - Counting for batch 2006, containing 100 cells and 7747 reads
2026-03-08 18:22:53,279 - DEBUG - 0 reads not considered because fully enclosed in repeat masked regions
2026-03-08 18:22:54,820 - DEBUG - Counting for batch 2007, containing 100 cells and 7271 reads
2026-03-08 18:22:55,448 - DEBUG - 0 reads not considered because fully enclosed in repeat masked regions
2026-03-08 18:22:55,982 - DEBUG - Counting for batch 2008, containing 100 cells and 7452 reads
2026-03-08 18:22:56,601 - DEBUG - 0 reads not considered because fully enclosed in repeat masked regions
2026-03-08 18:22:57,230 - DEBUG - Counting for batch 2009, containing 100 cells and 7545 reads
2026-03-08 18:22:57,839 - DEBUG - 0 reads not considered because fully enclosed in repeat masked regions
2026-03-08 18:22:58,332 - DEBUG - Counting for batch 2010, containing 100 cells and 7681 reads
2026-03-08 18:22:58,949 - DEBUG - 0 reads not considered because fully enclosed in repeat masked regions
2026-03-08 18:22:59,449 - DEBUG - Counting for batch 2011, containing 100 cells and 7513 reads
2026-03-08 18:23:00,063 - DEBUG - 0 reads not considered because fully enclosed in repeat masked regions
2026-03-08 18:23:00,597 - DEBUG - Counting for batch 2012, containing 100 cells and 7405 reads
2026-03-08 18:23:01,223 - DEBUG - 0 reads not considered because fully enclosed in repeat masked regions
2026-03-08 18:23:01,805 - DEBUG - Counting for batch 2013, containing 100 cells and 7574 reads
2026-03-08 18:23:02,503 - DEBUG - 0 reads not considered because fully enclosed in repeat masked regions
2026-03-08 18:23:03,035 - DEBUG - Counting for batch 2014, containing 100 cells and 7671 reads
2026-03-08 18:23:03,680 - DEBUG - 0 reads not considered because fully enclosed in repeat masked regions
2026-03-08 18:23:04,231 - DEBUG - Counting for batch 2015, containing 100 cells and 7839 reads
2026-03-08 18:23:04,887 - DEBUG - 0 reads not considered because fully enclosed in repeat masked regions
2026-03-08 18:23:05,369 - DEBUG - Counting for batch 2016, containing 100 cells and 7645 reads
2026-03-08 18:23:05,998 - DEBUG - 0 reads not considered because fully enclosed in repeat masked regions
2026-03-08 18:23:06,650 - DEBUG - Counting for batch 2017, containing 100 cells and 7276 reads
2026-03-08 18:23:07,257 - DEBUG - 0 reads not considered because fully enclosed in repeat masked regions
2026-03-08 18:23:07,804 - DEBUG - Counting for batch 2018, containing 100 cells and 7674 reads
2026-03-08 18:23:09,389 - DEBUG - 0 reads not considered because fully enclosed in repeat masked regions
2026-03-08 18:23:09,894 - DEBUG - Counting for batch 2019, containing 100 cells and 7593 reads
2026-03-08 18:23:10,524 - DEBUG - 0 reads not considered because fully enclosed in repeat masked regions
2026-03-08 18:23:11,036 - DEBUG - Counting for batch 2020, containing 100 cells and 7360 reads
2026-03-08 18:23:11,654 - DEBUG - 0 reads not considered because fully enclosed in repeat masked regions
2026-03-08 18:23:12,249 - DEBUG - Counting for batch 2021, containing 100 cells and 7445 reads
2026-03-08 18:23:12,919 - DEBUG - 0 reads not considered because fully enclosed in repeat masked regions
2026-03-08 18:23:13,503 - DEBUG - Counting for batch 2022, containing 100 cells and 7314 reads
2026-03-08 18:23:14,139 - DEBUG - 0 reads not considered because fully enclosed in repeat masked regions
2026-03-08 18:23:14,693 - DEBUG - Counting for batch 2023, containing 100 cells and 7742 reads
2026-03-08 18:23:15,321 - DEBUG - 0 reads not considered because fully enclosed in repeat masked regions
2026-03-08 18:23:15,849 - DEBUG - Counting for batch 2024, containing 100 cells and 7598 reads
2026-03-08 18:23:16,499 - DEBUG - 0 reads not considered because fully enclosed in repeat masked regions
2026-03-08 18:23:17,076 - DEBUG - Counting for batch 2025, containing 100 cells and 7896 reads
2026-03-08 18:23:17,714 - DEBUG - 0 reads not considered because fully enclosed in repeat masked regions
2026-03-08 18:23:18,325 - DEBUG - Counting for batch 2026, containing 100 cells and 7644 reads
2026-03-08 18:23:18,953 - DEBUG - 0 reads not considered because fully enclosed in repeat masked regions
2026-03-08 18:23:19,468 - DEBUG - Counting for batch 2027, containing 100 cells and 7815 reads
2026-03-08 18:23:20,095 - DEBUG - 0 reads not considered because fully enclosed in repeat masked regions
2026-03-08 18:23:20,626 - DEBUG - Counting for batch 2028, containing 100 cells and 8085 reads
2026-03-08 18:23:21,258 - DEBUG - 0 reads not considered because fully enclosed in repeat masked regions
2026-03-08 18:23:21,895 - DEBUG - Counting for batch 2029, containing 100 cells and 7610 reads
2026-03-08 18:23:23,512 - DEBUG - 0 reads not considered because fully enclosed in repeat masked regions
2026-03-08 18:23:24,008 - DEBUG - Counting for batch 2030, containing 100 cells and 7727 reads
2026-03-08 18:23:24,624 - DEBUG - 0 reads not considered because fully enclosed in repeat masked regions
2026-03-08 18:23:25,142 - DEBUG - Counting for batch 2031, containing 100 cells and 7777 reads
2026-03-08 18:23:25,772 - DEBUG - 0 reads not considered because fully enclosed in repeat masked regions
2026-03-08 18:23:26,262 - DEBUG - Counting for batch 2032, containing 100 cells and 7792 reads
2026-03-08 18:23:26,913 - DEBUG - 0 reads not considered because fully enclosed in repeat masked regions
2026-03-08 18:23:27,434 - DEBUG - Counting for batch 2033, containing 100 cells and 7854 reads
2026-03-08 18:23:28,058 - DEBUG - 0 reads not considered because fully enclosed in repeat masked regions
2026-03-08 18:23:28,654 - DEBUG - Counting for batch 2034, containing 100 cells and 7659 reads
2026-03-08 18:23:29,289 - DEBUG - 0 reads not considered because fully enclosed in repeat masked regions
2026-03-08 18:23:29,813 - DEBUG - Counting for batch 2035, containing 100 cells and 8025 reads
2026-03-08 18:23:30,443 - DEBUG - 0 reads not considered because fully enclosed in repeat masked regions
2026-03-08 18:23:31,072 - DEBUG - Counting for batch 2036, containing 100 cells and 7602 reads
2026-03-08 18:23:31,698 - DEBUG - 0 reads not considered because fully enclosed in repeat masked regions
2026-03-08 18:23:32,228 - DEBUG - Counting for batch 2037, containing 100 cells and 7973 reads
2026-03-08 18:23:32,905 - DEBUG - 0 reads not considered because fully enclosed in repeat masked regions
2026-03-08 18:23:33,504 - DEBUG - Counting for batch 2038, containing 100 cells and 7711 reads
2026-03-08 18:23:34,128 - DEBUG - 0 reads not considered because fully enclosed in repeat masked regions
2026-03-08 18:23:34,589 - DEBUG - Counting for batch 2039, containing 100 cells and 7733 reads
2026-03-08 18:23:35,221 - DEBUG - 0 reads not considered because fully enclosed in repeat masked regions
2026-03-08 18:23:35,723 - DEBUG - Counting for batch 2040, containing 100 cells and 7335 reads
2026-03-08 18:23:37,300 - DEBUG - 0 reads not considered because fully enclosed in repeat masked regions
2026-03-08 18:23:37,890 - DEBUG - Counting for batch 2041, containing 100 cells and 7502 reads
2026-03-08 18:23:38,533 - DEBUG - 0 reads not considered because fully enclosed in repeat masked regions
2026-03-08 18:23:39,068 - DEBUG - Counting for batch 2042, containing 100 cells and 7571 reads
2026-03-08 18:23:39,693 - DEBUG - 0 reads not considered because fully enclosed in repeat masked regions
2026-03-08 18:23:40,214 - DEBUG - Counting for batch 2043, containing 100 cells and 7458 reads
2026-03-08 18:23:40,835 - DEBUG - 0 reads not considered because fully enclosed in repeat masked regions
2026-03-08 18:23:41,357 - DEBUG - Counting for batch 2044, containing 100 cells and 7626 reads
2026-03-08 18:23:41,976 - DEBUG - 0 reads not considered because fully enclosed in repeat masked regions
2026-03-08 18:23:42,524 - DEBUG - Counting for batch 2045, containing 100 cells and 7768 reads
2026-03-08 18:23:43,142 - DEBUG - 0 reads not considered because fully enclosed in repeat masked regions
2026-03-08 18:23:43,669 - DEBUG - Counting for batch 2046, containing 100 cells and 7733 reads
2026-03-08 18:23:44,303 - DEBUG - 0 reads not considered because fully enclosed in repeat masked regions
2026-03-08 18:23:44,880 - DEBUG - Counting for batch 2047, containing 100 cells and 7565 reads
2026-03-08 18:23:45,508 - DEBUG - 0 reads not considered because fully enclosed in repeat masked regions
2026-03-08 18:23:46,059 - DEBUG - Counting for batch 2048, containing 100 cells and 7773 reads
2026-03-08 18:23:46,689 - DEBUG - 0 reads not considered because fully enclosed in repeat masked regions
2026-03-08 18:23:47,254 - DEBUG - Counting for batch 2049, containing 100 cells and 7526 reads
2026-03-08 18:23:47,904 - DEBUG - 0 reads not considered because fully enclosed in repeat masked regions
2026-03-08 18:23:48,402 - DEBUG - Counting for batch 2050, containing 100 cells and 7474 reads
2026-03-08 18:23:49,039 - DEBUG - 0 reads not considered because fully enclosed in repeat masked regions
2026-03-08 18:23:49,588 - DEBUG - Counting for batch 2051, containing 100 cells and 7829 reads
2026-03-08 18:23:51,158 - DEBUG - 0 reads not considered because fully enclosed in repeat masked regions
2026-03-08 18:23:51,459 - DEBUG - Read first 400 million reads
2026-03-08 18:23:51,674 - DEBUG - Counting for batch 2052, containing 100 cells and 8094 reads
2026-03-08 18:23:52,307 - DEBUG - 0 reads not considered because fully enclosed in repeat masked regions
2026-03-08 18:23:52,812 - DEBUG - Counting for batch 2053, containing 100 cells and 8172 reads
2026-03-08 18:23:53,451 - DEBUG - 0 reads not considered because fully enclosed in repeat masked regions
2026-03-08 18:23:54,047 - DEBUG - Counting for batch 2054, containing 100 cells and 8061 reads
2026-03-08 18:23:54,676 - DEBUG - 0 reads not considered because fully enclosed in repeat masked regions
2026-03-08 18:23:55,216 - DEBUG - Counting for batch 2055, containing 100 cells and 7837 reads
2026-03-08 18:23:55,834 - DEBUG - 0 reads not considered because fully enclosed in repeat masked regions
2026-03-08 18:23:56,396 - DEBUG - Counting for batch 2056, containing 100 cells and 7981 reads
2026-03-08 18:23:57,028 - DEBUG - 0 reads not considered because fully enclosed in repeat masked regions
2026-03-08 18:23:57,550 - DEBUG - Counting for batch 2057, containing 100 cells and 7807 reads
2026-03-08 18:23:58,184 - DEBUG - 0 reads not considered because fully enclosed in repeat masked regions
2026-03-08 18:23:58,766 - DEBUG - Counting for batch 2058, containing 100 cells and 7954 reads
2026-03-08 18:23:59,408 - DEBUG - 0 reads not considered because fully enclosed in repeat masked regions
2026-03-08 18:23:59,996 - DEBUG - Counting for batch 2059, containing 100 cells and 7435 reads
2026-03-08 18:24:00,646 - DEBUG - 0 reads not considered because fully enclosed in repeat masked regions
2026-03-08 18:24:01,177 - DEBUG - Counting for batch 2060, containing 100 cells and 7790 reads
2026-03-08 18:24:01,821 - DEBUG - 0 reads not considered because fully enclosed in repeat masked regions
2026-03-08 18:24:02,343 - DEBUG - Counting for batch 2061, containing 100 cells and 7883 reads
2026-03-08 18:24:02,988 - DEBUG - 0 reads not considered because fully enclosed in repeat masked regions
2026-03-08 18:24:03,593 - DEBUG - Counting for batch 2062, containing 100 cells and 7522 reads
2026-03-08 18:24:05,157 - DEBUG - 0 reads not considered because fully enclosed in repeat masked regions
2026-03-08 18:24:05,723 - DEBUG - Counting for batch 2063, containing 100 cells and 7704 reads
2026-03-08 18:24:06,344 - DEBUG - 0 reads not considered because fully enclosed in repeat masked regions
2026-03-08 18:24:07,013 - DEBUG - Counting for batch 2064, containing 100 cells and 7853 reads
2026-03-08 18:24:07,636 - DEBUG - 0 reads not considered because fully enclosed in repeat masked regions
2026-03-08 18:24:08,222 - DEBUG - Counting for batch 2065, containing 100 cells and 7516 reads
2026-03-08 18:24:08,864 - DEBUG - 0 reads not considered because fully enclosed in repeat masked regions
2026-03-08 18:24:09,490 - DEBUG - Counting for batch 2066, containing 100 cells and 8064 reads
2026-03-08 18:24:10,112 - DEBUG - 0 reads not considered because fully enclosed in repeat masked regions
2026-03-08 18:24:10,651 - DEBUG - Counting for batch 2067, containing 100 cells and 7856 reads
2026-03-08 18:24:11,282 - DEBUG - 0 reads not considered because fully enclosed in repeat masked regions
2026-03-08 18:24:11,825 - DEBUG - Counting for batch 2068, containing 100 cells and 8029 reads
2026-03-08 18:24:12,458 - DEBUG - 0 reads not considered because fully enclosed in repeat masked regions
2026-03-08 18:24:13,009 - DEBUG - Counting for batch 2069, containing 100 cells and 7998 reads
2026-03-08 18:24:13,651 - DEBUG - 0 reads not considered because fully enclosed in repeat masked regions
2026-03-08 18:24:14,243 - DEBUG - Counting for batch 2070, containing 100 cells and 7565 reads
2026-03-08 18:24:14,869 - DEBUG - 0 reads not considered because fully enclosed in repeat masked regions
2026-03-08 18:24:15,401 - DEBUG - Counting for batch 2071, containing 100 cells and 7449 reads
2026-03-08 18:24:16,045 - DEBUG - 0 reads not considered because fully enclosed in repeat masked regions
2026-03-08 18:24:16,572 - DEBUG - Counting for batch 2072, containing 100 cells and 7739 reads
2026-03-08 18:24:17,216 - DEBUG - 0 reads not considered because fully enclosed in repeat masked regions
2026-03-08 18:24:18,730 - DEBUG - Counting for batch 2073, containing 100 cells and 7825 reads
2026-03-08 18:24:19,358 - DEBUG - 0 reads not considered because fully enclosed in repeat masked regions
2026-03-08 18:24:19,921 - DEBUG - Counting for batch 2074, containing 100 cells and 7249 reads
2026-03-08 18:24:20,529 - DEBUG - 0 reads not considered because fully enclosed in repeat masked regions
2026-03-08 18:24:21,060 - DEBUG - Counting for batch 2075, containing 100 cells and 7799 reads
2026-03-08 18:24:21,676 - DEBUG - 0 reads not considered because fully enclosed in repeat masked regions
2026-03-08 18:24:22,269 - DEBUG - Counting for batch 2076, containing 100 cells and 7479 reads
2026-03-08 18:24:22,895 - DEBUG - 0 reads not considered because fully enclosed in repeat masked regions
2026-03-08 18:24:23,417 - DEBUG - Counting for batch 2077, containing 100 cells and 7937 reads
2026-03-08 18:24:24,048 - DEBUG - 0 reads not considered because fully enclosed in repeat masked regions
2026-03-08 18:24:24,584 - DEBUG - Counting for batch 2078, containing 100 cells and 7590 reads
2026-03-08 18:24:25,203 - DEBUG - 0 reads not considered because fully enclosed in repeat masked regions
2026-03-08 18:24:25,795 - DEBUG - Counting for batch 2079, containing 100 cells and 7857 reads
2026-03-08 18:24:26,417 - DEBUG - 0 reads not considered because fully enclosed in repeat masked regions
2026-03-08 18:24:26,990 - DEBUG - Counting for batch 2080, containing 100 cells and 7347 reads
2026-03-08 18:24:27,619 - DEBUG - 0 reads not considered because fully enclosed in repeat masked regions
2026-03-08 18:24:28,144 - DEBUG - Counting for batch 2081, containing 100 cells and 7757 reads
2026-03-08 18:24:28,778 - DEBUG - 0 reads not considered because fully enclosed in repeat masked regions
2026-03-08 18:24:29,303 - DEBUG - Counting for batch 2082, containing 100 cells and 7714 reads
2026-03-08 18:24:29,928 - DEBUG - 0 reads not considered because fully enclosed in repeat masked regions
2026-03-08 18:24:30,551 - DEBUG - Counting for batch 2083, containing 100 cells and 7716 reads
2026-03-08 18:24:31,174 - DEBUG - 0 reads not considered because fully enclosed in repeat masked regions
2026-03-08 18:24:32,626 - DEBUG - Counting for batch 2084, containing 100 cells and 7814 reads
2026-03-08 18:24:33,271 - DEBUG - 0 reads not considered because fully enclosed in repeat masked regions
2026-03-08 18:24:33,781 - DEBUG - Counting for batch 2085, containing 100 cells and 7474 reads
2026-03-08 18:24:34,435 - DEBUG - 0 reads not considered because fully enclosed in repeat masked regions
2026-03-08 18:24:35,054 - DEBUG - Counting for batch 2086, containing 100 cells and 7926 reads
2026-03-08 18:24:35,728 - DEBUG - 0 reads not considered because fully enclosed in repeat masked regions
2026-03-08 18:24:36,247 - DEBUG - Counting for batch 2087, containing 100 cells and 7358 reads
2026-03-08 18:24:36,891 - DEBUG - 0 reads not considered because fully enclosed in repeat masked regions
2026-03-08 18:24:37,454 - DEBUG - Counting for batch 2088, containing 100 cells and 7620 reads
2026-03-08 18:24:38,084 - DEBUG - 0 reads not considered because fully enclosed in repeat masked regions
2026-03-08 18:24:38,665 - DEBUG - Counting for batch 2089, containing 100 cells and 7692 reads
2026-03-08 18:24:39,279 - DEBUG - 0 reads not considered because fully enclosed in repeat masked regions
2026-03-08 18:24:39,811 - DEBUG - Counting for batch 2090, containing 100 cells and 7975 reads
2026-03-08 18:24:40,434 - DEBUG - 0 reads not considered because fully enclosed in repeat masked regions
2026-03-08 18:24:41,007 - DEBUG - Counting for batch 2091, containing 100 cells and 7675 reads
2026-03-08 18:24:41,651 - DEBUG - 0 reads not considered because fully enclosed in repeat masked regions
2026-03-08 18:24:42,189 - DEBUG - Counting for batch 2092, containing 100 cells and 7878 reads
2026-03-08 18:24:42,822 - DEBUG - 0 reads not considered because fully enclosed in repeat masked regions
2026-03-08 18:24:43,346 - DEBUG - Counting for batch 2093, containing 100 cells and 7763 reads
2026-03-08 18:24:43,960 - DEBUG - 0 reads not considered because fully enclosed in repeat masked regions
2026-03-08 18:24:44,559 - DEBUG - Counting for batch 2094, containing 100 cells and 7268 reads
2026-03-08 18:24:45,173 - DEBUG - 0 reads not considered because fully enclosed in repeat masked regions
2026-03-08 18:24:46,698 - DEBUG - Counting for batch 2095, containing 100 cells and 7468 reads
2026-03-08 18:24:47,316 - DEBUG - 0 reads not considered because fully enclosed in repeat masked regions
2026-03-08 18:24:47,945 - DEBUG - Counting for batch 2096, containing 100 cells and 7387 reads
2026-03-08 18:24:48,573 - DEBUG - 0 reads not considered because fully enclosed in repeat masked regions
2026-03-08 18:24:49,127 - DEBUG - Counting for batch 2097, containing 100 cells and 7309 reads
2026-03-08 18:24:49,755 - DEBUG - 0 reads not considered because fully enclosed in repeat masked regions
2026-03-08 18:24:50,285 - DEBUG - Counting for batch 2098, containing 100 cells and 8254 reads
2026-03-08 18:24:50,920 - DEBUG - 0 reads not considered because fully enclosed in repeat masked regions
2026-03-08 18:24:51,408 - DEBUG - Counting for batch 2099, containing 100 cells and 7857 reads
2026-03-08 18:24:52,043 - DEBUG - 0 reads not considered because fully enclosed in repeat masked regions
2026-03-08 18:24:52,552 - DEBUG - Counting for batch 2100, containing 100 cells and 7469 reads
2026-03-08 18:24:53,189 - DEBUG - 0 reads not considered because fully enclosed in repeat masked regions
2026-03-08 18:24:53,756 - DEBUG - Counting for batch 2101, containing 100 cells and 7726 reads
2026-03-08 18:24:54,385 - DEBUG - 0 reads not considered because fully enclosed in repeat masked regions
2026-03-08 18:24:54,781 - DEBUG - Read first 410 million reads
2026-03-08 18:24:55,020 - DEBUG - Counting for batch 2102, containing 100 cells and 7505 reads
2026-03-08 18:24:55,646 - DEBUG - 0 reads not considered because fully enclosed in repeat masked regions
2026-03-08 18:24:56,176 - DEBUG - Counting for batch 2103, containing 100 cells and 7532 reads
2026-03-08 18:24:56,791 - DEBUG - 0 reads not considered because fully enclosed in repeat masked regions
2026-03-08 18:24:57,387 - DEBUG - Counting for batch 2104, containing 100 cells and 7595 reads
2026-03-08 18:24:58,010 - DEBUG - 0 reads not considered because fully enclosed in repeat masked regions
2026-03-08 18:24:58,631 - DEBUG - Counting for batch 2105, containing 100 cells and 7385 reads
2026-03-08 18:24:59,240 - DEBUG - 0 reads not considered because fully enclosed in repeat masked regions
2026-03-08 18:25:00,857 - DEBUG - Counting for batch 2106, containing 100 cells and 7678 reads
2026-03-08 18:25:01,482 - DEBUG - 0 reads not considered because fully enclosed in repeat masked regions
2026-03-08 18:25:02,005 - DEBUG - Counting for batch 2107, containing 100 cells and 7463 reads
2026-03-08 18:25:02,626 - DEBUG - 0 reads not considered because fully enclosed in repeat masked regions
2026-03-08 18:25:03,175 - DEBUG - Counting for batch 2108, containing 100 cells and 7634 reads
2026-03-08 18:25:03,803 - DEBUG - 0 reads not considered because fully enclosed in repeat masked regions
2026-03-08 18:25:04,497 - DEBUG - Counting for batch 2109, containing 100 cells and 7437 reads
2026-03-08 18:25:05,120 - DEBUG - 0 reads not considered because fully enclosed in repeat masked regions
2026-03-08 18:25:05,651 - DEBUG - Counting for batch 2110, containing 100 cells and 7445 reads
2026-03-08 18:25:06,280 - DEBUG - 0 reads not considered because fully enclosed in repeat masked regions
2026-03-08 18:25:06,870 - DEBUG - Counting for batch 2111, containing 100 cells and 8907 reads
2026-03-08 18:25:07,524 - DEBUG - 0 reads not considered because fully enclosed in repeat masked regions
2026-03-08 18:25:08,242 - DEBUG - Counting for batch 2112, containing 100 cells and 7353 reads
2026-03-08 18:25:08,869 - DEBUG - 0 reads not considered because fully enclosed in repeat masked regions
2026-03-08 18:25:09,519 - DEBUG - Counting for batch 2113, containing 100 cells and 7734 reads
2026-03-08 18:25:10,174 - DEBUG - 0 reads not considered because fully enclosed in repeat masked regions
2026-03-08 18:25:10,593 - DEBUG - Counting for batch 2114, containing 61 cells and 5218 reads
2026-03-08 18:25:11,167 - DEBUG - 0 reads not considered because fully enclosed in repeat masked regions
2026-03-08 18:25:11,195 - DEBUG - 0 reads were skipped because no apropiate cell or umi barcode was found
2026-03-08 18:25:11,195 - DEBUG - Counting done!
2026-03-08 18:25:11,280 - DEBUG - Generating output file /home/qukungroup/odorn/spatial_mechanistic_model/data/raw/openst_data/spacemake/projects/openst_demo/velocyto_output/final_converted_sorted_U7NIG.loom
2026-03-08 18:25:11,280 - DEBUG - Collecting row attributes
2026-03-08 18:25:11,398 - DEBUG - Generating data table
2026-03-08 18:26:07,267 - DEBUG - Writing loom file
2026-03-08 18:37:59,373 - DEBUG - Creating converter from 5 to 3
2026-03-08 18:37:59,973 - DEBUG - Terminated Succesfully!
Success! High-resolution spatial matrix generated at Sun Mar  8 18:38:13 CST 2026.
